norwalk07;kazan1980;Zakavirka;Night_wolf85;Old_Butcher;takker_vir;Sharki1;sphereking;erkazan;whiteangle;logalex;ggDieu;drakar77;RAA78;kabugi;TomRedl;zukuzoo;maxterrus;dedall82;Flaming77;zveroboi666;helionix;LINKON1983;Irbisa;Doctor007;lincoco;Mneriel;Necrogamer;greg2007_533;JazzOFF;zondau;starychok;ximikyss;Burou;Nejron;kandybon;FullAI;7666722;Slonim_47;SweetWS;skorpion11;Kaiar;Virys3000;vospitalka;Grammozeka;Berit;Foxder;L1gApwnz;gremlen1;kandybkin;adminLSV;fds;braian;voronprk;terenn;Monto92;Fricc;valley2000;Kadr_2010;KaRaHDaIII;F00R;raggaragga;ussasha;Surgeon65;IBlackRavenI;Charonchik;dhaan;garibuns;topdawg;saturos;Lavernia;adnon;losharic;netnet;fess19740228;NasherAlagonder;D33B29;daymonri;piroteh;WTYPMAH;Veronicy;stots;vok232;PsideAxe;z00l;Alenka55;PutiTeng;Zlydzen;1kadamaga;Lady_Storm;sania9663;Bolomut;faitles;ace74;svayzist;AmenOsa;smit257;pivasik777;vet24;AngelSphere;Bergg;krtaras;HAGAN;KBAHT1;vasia0990;Alik999;cuntaris;luk105;igrsmukhin3;unhollysaint;Larkon;burunduchok2000;176712;nicknam;karaganda08;Laserdanse;Mar1o;aynagul;jefekt;ZavBaz;Gromgaar;Zlato2010;bak20000;Madorki;maruto007;pain1457;torpedadaa;Sashketz;filipp128;hstopor;mbm1;bigmain;Serui_Grom;MaIDarI;Helena1980;02i011;Adolf1234;_VARLON_;TYRES777;bazinga;grozaman;dopemk;bboorrss;Satiyen;Tyki;daniiltarasov08;Oliti;DumBass_97;60JIT;d504;squaritel;danila00;Dontesss;RUSSIAN009;zaval98;Varkann;TELEC2010;nathing;Dominans;Night_Fantasy;BDOOM;Sevrer;blegart;Mentnew;nikita09061998;spider1;Wazzano;GrocKHeLL;Alex_VIP;ProstoO;VvoVva;18alex95;SirOutOfMana;ATLANT1;JanneDARK;polyakov21;ytyut11;x8545;Alien2012;Maikeru;Atomic_NSK;DervishPustinnik;Lion1999;IOnibakuI;dumf;bak21000;alex11ru;andi0374;polis256;Engell;Ymnyi;aEroSm1Th;Amorfius;g00gleb1m;ecolog03;petyaxya;nwolf27;byrmax;slavkaaaaru;PatrushevD;igorput2;Bambabarik;ksergeyi;Palabin;romkafomkala;IDISUDA;xANARHIAx;tarabarerraw;nata29074;Bulker;Gotay;felix11000;sanek2208;greisa;megaherz007;Keechka;warhamer1991;xFerusx;Comandore4e;ferwest;AirMaster;Poulal;Lord_Enigma;Sanek_Suhov;lavad2006;bak10000;talosta;gogfa;wtx;RedJarl;gena3108;kyharskajanastja;HanstrubaLL;Kaban5;avenger33;7878998;jonff;Fommka;victorija02;bolt909;Pontorez;bandrabur;apto;Zmei21;DeKraft;xChirikx;sevichrap;Businka80;mario445;TRUPOVOZCIK;prkcity;hhfgfg;r3al1ty;orfumap;BlackAxe;bsnsf70;inkognita;majikai;dubmaks;semenatr;Jgy4iyPereC;RichardDiRiddick;mikhailisakv253;Anlaress;Kalisto_way;tema111111;technik666_626;EvilPussy;shinyTOY;ganjamen12;VipDON;CyMpaK42RU;rewww;lexman239;karsh;9194114502;Lukako;kurok88;corenowsky;makssema;BlekDrago;drago9;sashka543;Kenworth;swistulja;cergeebka;reanimator95;Harmon;prorider2012;Archeriuss;dr17021987;13467;victor133;intaco;Kerei;Denizzz666;dima9000;Doctor198;janikk;Ivent;alexandrm84;kolya469836;artsapog29;artsapog;Mamlin3;kazakhstan_alga;Lirik32;postrekhin;Agito94;vladi4ka67890;SinguLyar;grahiks;Edd999;140194;alla_2;giorg2001;aNd2912;ravels4;izolda661;gyron;Omgwaar;kapnord;antonishin00;imns_russia;alengina;lentiay2008;dimon765679567;max05;arturatnagylov;mordak123;sovrus1;dav1570;evgenybelobaev;re_re;sten666;1558plnva;2gar;AlcoKot88;a3apHuk;WAD1M;vfvfvfvf;VelesSlav;deanis_400;big192;ruslanik1991;bsangel;zabik963;Afeli12;JuanPablo;qwer2001;37813781;xayal755;xERITIKx;SyperSniper;AlexJON;Angel2010;semka132;IThunderI;plavniy2;Hostelko;crusler;Matue;Danji68;crakcer;badabum1;mat2012_685;sid01
FreeDarkSoul;SaH4e3;schpunt;sid8686;ZIPUSNY;Varro;CorNoR;kalraman;ildar21;GREGORS;KonGa;elenacheprasva;Ceolit;delpwn;andzelaend;Turius;slugazla;preslii;volk199v;gryu;SerGor82;PyroHard;Kil_Ja_Den;ZINTES;Dokura;DenShmel;PAWNER;DarcSaruman;Lekon;bbkkb;yaroslavtarzan;Daemon712;squard;Pavuk;amotin;Klub2bheads;VVik;Rossolan;bajan373;UITROMANIN;AxxxL;Pawlowin;Vovan869;Forewerman;lubany72;ArXiTeKtOrR;gjkz1111;Lisha;marfel;podshafe;funkytonight;kirian123;Barat777;wkzd;dmb37;lazutkinaleksejj;sergeaver;vafli98;batrakD;1509ego;TEMON2439;acmacter;nszwww;Stakan250;prspect;Violetenigma;malish2000;cres;astar82;denilin;Jopoliz;smiv73090319762007;vano100;opoparbat;Liseka;Sviaznoj;Jim1978;olegstr;kingn1666;Werona;Pashtet231;shaman1970911;katapult1;ZOMBIss;Syharuki;zez2;olgamalets;DarkRamzeS;igtisam;Hooligan_MRFC;kowheg;dylib;lukka69;oleg3183;maximus124;askofen;ghnkjliu;Legolaist;SIrin564;Aserfer;Fadglec;mikl55555;Dionisius;GreyJoker;vovashac;AlexTar;ren1811;123456gg;Inferno23;tashakont;ash243;Starpom007;jjhhj;Rogaliki;Pash777;ZARIZA;Trolf;UguuSeha;McBodik;Viruf;pilart;w1978a;chaykovskiy9;Slikkk;trokachev;zyc;HOMEP2212;dimaushakov;agroflora;Vatrang;KoTRiK;irinabl2008;Balthasar89;windec;AntonioTomango;Gabriel86;Laedan;Mirotvarec;dukshta77;_Spriggan;semnizovcev;zahar_berkut;Gerbik;qqwweer;omash211;RustemKH;2012fg;vasya29111999;rjrnj;imansipe11;Alexalonekot;dimnchester;Melianel;Anderfaker;staffi_09;Timbor;SuperFifa;PENZA_1;bkcat;AntonyMontana;LordZ;gt1kran;HappyDethday;kolyanchik333;affacor;diversant650;gervet;bububul;alexeevyuriy;avtobukh;Baloda;nukuta1111c;xam861;00003;Korveil;vtlzzzd;demon5500;ramazan05avarec;Garmat;full12300;b00l;lerdan;blak84;2223;Zerobubus;devate;neboaleksej;lipaninsergejj;sertech;Kensun;DarkApple;LGato;evgen19;AspenALL;sabrae;Alreq;TTupaT;zxacs;azz09;anton199415;GIDRAxPONIKA;DANIK567;VIstar;Novatro;Danto;Gradiol;kira1995;crazyall;Zooluu;Compagno;djizakec;16kot96;SenSeles;askerovisik;Yurawan;adillco;dimademan84;salawat2000;EnuA;druid_111;V0v1k911;aaaaaap;Ackot;sasasha;apo1990;Gotrik;rjcvfc27;yanik01;Aibolit_YuRi;f14;ribak333;extrimal999;TOPTIK;ktv25;Udisurma;saderaf;w1nd2k10;calc;Wayfaerer;Altesar;DESTINY13;kazanxeva1988;Kras2v4ik;Kardon_warlg;DON1221;valkoin;SAASDASD;badnesia;aHaHaC42;hitman999666;boroboro;Zaharie;1234r;darrenda;Frisk700;SD44;CIGAR;Parasonik;Merlin1;Romillionaire;Sinedroin;jojoniv;aliceti;govadine;sukamraz;Warwinner;maxiv608;kv235;Gutts;arrrrrrr;aleksedmitriev;nisan33;egalancev;helloyin;dukhnovskijjsergejjl;Gastrol;PrototypeXII;yefimovyefim;pipec123;timofius3;ed1975;StonEDeviL;maxim23komarov;xDENxx;azuroleg;still26;Zanozabl;Galeon123;PRADOS;benzin661;seredaaleksandr;Chesko75;vlad76s;loony23;cablagame;Coshevar;sekator74;qwertpolik;mopII;jesssa;vampirrrrrrr;ra4okigor;1978nbvf1978;mariya24
Sonato;Voron1611;juk667;coxat321;knopius;akaki;Etun;BoVoX;WHZ;DenisLast;Zdraitsa;Axellus;DmSh;stranik27;zdk0tyt3;Akage;AldarXase;Reizar;a2530;festral;multiple;Staircheg;24_ION;jamshut;Ariandr_BY;YASHERITSA;gargart;CrazyGuy;WandererRUS;Nakam;trewert;Doubitsky;Vfgfbjnd;PiKa4U3;JimboJones;SPATKI;superharry;Machzelet;Georgius55;rorudo;MarkDeJunk;Smailo;tsmu;Bayron892;svinoprig;Ekrezem;nashchyokin;Tashtagol;EHTPEPI;sexyTPEHEP;Zhirafik;xanrias;rezzak2008;morcheeba;twm;danart;541max;afinogen255;set198429_269;Samael_V;ketsik;AndreyDPro84;MerusTadd;drert1;Stewie123;Ololoshka;6a6a9ga;kostakin;glassmaxx;fordmax;jekaeme;nopoxoBuk;Al007;Kurator1992;nesterenkodi70;Pallpatin;Barkus;LVVSparda;Desany;Asylum4;Pickard;Malignus;vniva10;dimonfed88;korumjailinirsi;Rasdagar;skitalec2010;ogrintsova;starter11;fegner;DenisKozlenko;Keranozid;ligmag;Kaban4ik_93;vlaslesh;Fankin;Ledi_L;agamemnen_B1;Lev198;kurkuli;ColdWolf;akaa;Voin11;swarog1;DARkOMOD;Doctor1983;Crazy_Student;volchok01;D150;Lord_wasya;ust;faraon93ll;andriu000;das1000;pantshava;Terrys;sanek1791;Prisrak007;koral201017;27041979;Schablon;Jafar_bei;dartmoll22;aleksey200;tawrizow;alexOI;BIGsheff;senator31;LoveFeast;mishamokva;djalligator08;Gipnokot;Saaddi;cmolko;largo14;AMOHAPA;ls01;GTDragon;Psychopath_Psol;Psychopath;antinomy;Fridom83;nozki69;Whateg;dima246;doktor1352;BravoZero;Sheykhan;RUBECH;val1970;lexman2393;tlulax;ygra;voviktor;Gashikniga;ogn7474;TodinOrfen;pirasa;RealOtaku;dart_maha;Tabvlad;Feanor_s;Dioptimizer;Varvarkon;maksumstudent;yamtrey;Rarchik;KindFox;ZoRg777;TitkovL;realing;cema77;ba777bai;chedmun;Mirymir;alex20111992;alexu_dracul;amihhin;vladislav309;Tantalun;DjTiToN;Gravedigger1980;danila77;liensy2010;Vredinka_V;misha_s13;alfa152
TEIMURAZI;omarik13;aleksb1;nismo2001;NZAG;CavaB;McDin;CoolHunter;MSLION;prossion;serti23;rtj;sliwka;xx_xx;darius3009;Leegor;umino;viktorijati;pasha_fash;sergejus55;segorlanov;dovis;eugen;djeiman;mjakish87;Rich_ard;kvr65;1Conchita;flor;Viksan19581604;vovakov;Roctar;sawkov;gekslit;Nordss;blOVER;MiIIer;Alfazvezda;Adamar;Odissej;KZI;Guest_out_real;Burtininkas;gravewalker;BaffTar;Tonito;AllexxGL;fliki;T0MCAT;orion4;Xomeakster;Best_warrior;sharon_levy;Dominon;Grigar;Just_Die;guligo;Vestor;darrenda_d;ostrov_sokrovish;_Wyper_;Timewaster;EkaterinaMaslova;Realisimus;Salicio;nigma83;diavol78;icoZORG;Acid34traceur;Fyuec;Bleep;MilayKroha;Alex0ff;nekiy35;33333333;DrFerid;bambr0jti;few303;dembazh;Artes07;DAV79;caxa68;Gori4ua;Progressiveage;Tascha15;LeTToMandello;cossache;NBK;xxLegionerxx;JanJigyar;Feeling;Comunat;vint19965;333kkk7;Blaire;ARTOIS74;vicktorx;Skifia;marou;89028095936;BASE1;Mordikay;Tauhead;darkglobe;DM21;Uogurt;sila_crash;dima1712974;kaarm;Shalaputra999;Breeze14;MashKa22;Kashiga;Antares_;belive33;Ugarilos;Nickolodium;lex_9;alecsar1985;Ololololo;mvvovan1;9091;barneo;piraa;Valuta;4orny;TOPYC1987;zukmsk;Kot31;yPArAH4EK;dolfiur2090;Push_Ok;TopSM;Lotos;W_e_s_t_a;SPREAD_Eda;VaMaG;vit2008;Hiro_Nakamura;newnovamc
Dizzon;Ant2005;roman723;Sinxrofazitron;Larga;Asterod;Desn2006;Enzo;BringItOn;ADFSS;gignov;Jenik;Aerona;tema4ka;kormlybobra;malec1991;6LongShot9;leoromka;voron_hallana;brian_rus_;KidaLLa;addmiral;brodyagashm;colonizator_X;Vitalik_;denisasdv;tron777;vov123;tripoli21;router1980;aleksandr_klekki;DLoToN;Hummernail;AdrenalinUA;ramler29;Diego_ramirez77;bercerk2011;noGodoflife;_RQ_;Liurii;maiorov99;Fight24;123456789wer;ktdusov;bahvall;zhbobr1;mamelixs;jefair;DarkKitty;kuzmich2112;tryba55;Zincum;crazycamel;GromOlga;Purup;McSam;MistOne9;G_R_I_N_D_E_R;0000346;OgYBaH4uK;Natanei;xzDeNzx;Xaxaboom;solarbro;vadimmilicia;TANKER;Aviateur;Inquisito;XXllosXX;Dominator128;aleksanderpol;cerep13;67t7i;NightGANIBAL;Odyssei_;FeRaSh2o;SergSharm;mor36;TSV;ShamanTor;DaDA24;15121999;Aster_IKS;Speckey;asaz;dem39rus;Daniel007007;Lunaris;kuzanvit;kastan24;KDAtmXRYST;llogik;bdfy121;webabrakadabra;kirms97;Manglaadar;sector791;andrey19871112;DimKako;sergiosi;wairus;kagashiro;Said122;DUMOH4UK;lazutkindaniil;rerted;Shustriy88;Krumax2;antonsherbakov;Mihailovi4;YAROPOLC;061298;delapro83;z3ro;cnaypers;123127;romchik2;F007;Vaaal;AnnitaMult;Lexey2004;GOLD7171;gorlach01;KapraL163;AmberSoler;NickHornby;Namahs;fama666;koledaevboris;king367;Lars83;Alex992005;AgentF;Rost1k0;ZERGSS;opo77;Svarog13;smallkex
2Sacrifice2;Forte1;ColuN_K;bore25;Aiurr;Viking777;xapxap;otav;Vikmih34;McCrane;DDDiii;Neroin;DOOM83;RVL;Gines;SIvanych;trenzel;valdemar1;birryuk;vandermast2000;Ursuladog;Nasgil;pyogai;spurt;iswa10;vetal2603;DEN_WR;polkq12;VasVas_1;blurps;prussen;PUHVINNIVINNI;harma;KilzzZ;ssvserg;catraveller;elfa1;alex7kristal;rus2008;rustopik;vasilik;rey_xenos;pyxidis;sava68;Fox_F16;vitalik1111111111;LTUAirways;PEACOCK;setanchik;chulok;zxcvbn206;ike444;cobra555;Jumas;terehusha;navigator1;Cheshirs_cat;Super_loh;olega1313;alex_pol;13uncall;Olegik;a13k13;zlatazaz;ypppa;American_33;apizartron2009;SBBG1;Bax_99;sinco01;GHTKFN;schwab;ImpFR;Heruwims;KORN_HOLIO90;serco;k0n1k;sadvakasoff;tsalex;shustrikV;adad15320;denand;Mirror_time;Lev4;sanganjubas;KATALA;ours;Staryk;vasall;Kabernet;SOFCHIK;Viconte;_Genius_;dmi5572;deniskafrol87;ARCHIBALIUS;guriton;Nikolay_K;KAIY;Dar1001;danneks;VDanil;unistar2003;Kiberpank;PA3;jhrf;Wyatt_Earp;helig;olya888;Garik29;tredermlz;YuriyCh;pet7597;yu_s_ka;devily;nettoo;sidvk;AlexTG;Swaco;caviarchuki;behappy2008;admintdbs;is1n;lemynara;JusTaVinO;Encephalon
Gosik;YuresYur;Kaligan;chegun;folkfair;dark1239;MakuShock;Konung_Voldemar;samaly;Quendi72rus;RibkaOxi;wdb221;gomenchuk;Erics520;NorthComer;flamesturm;GaoLingun;Kamillla;SoulFinder;saper59;Strannnik2007;dio73;SteffID;kvaziboss;hottab2009;lihoyzlodey;ORIOH;kul;radsh;Falstaff;shefalex;Nak0;devona30;Kingle;bazil25;ProDavec_MANDARINOV;homosapiens_ww1;Lagshmiwara;PTOLEMEY_XII;zleo66;vagabundo;Niicka;aleksandrK;ROVER357;comrad_cheater;Flickering;MuTaToRu;Furiya;Wolf226;BloodyFire;stray088;lakifaust;_Lord_Darth_Vader_;amore1981;GSB;Shurik1964;Pivkabi;GeniusQ2;BesUpLcf;v0k;stefanenko20060;mazs8;Prezenter;PowerGhost;Lord_Reefer;HALOIN;pavlinchik1982;sasha_tol;Eldin;Phssthpok;AtomRider;Yolka_new;Weana;priyatnaya;ROTKERID;vip2000;lebourdon;Vingilot;T_K_S;MrPrezident;rurix;Chernysh;Geska;ZaraK;zero20000;davasp;bolgov;mmmm2105;ixux_655;el_JEFE;kent25;freechij;gleb_stav;sdeng;varren1;Alemann;ELie;dsgsdg3;Vitaliy2004;rinulia;nexacuxa;noorddd;DUPLETN;Zaze;BBIZON
aron;nomitmen;kerja_v;kilermen07;SISTEMA3;val9322;Yntar;maizuru;Tvvin;Demon_Punk;ShadowBuilder;HalfLife2;starsphoenix;Dowmntime;bumahska;Bert_Brigden;Bucifals;Spline;Aim_Pride;lildron;ykreyzer;Torgvord;RSHA;Enigmaman;Ymbrer;Mirinda;REKAVER;liskaterinka;red_gremlin;DJINNYA;vilzin;Xedinn;ANDREI123456;Stas1988;Justas123;alcer;alienfarm;babamoloda;Sokol_2009;SolarWind;silti;krokozyabrist;S_H_U_R_I_K;3anac;Incvezitor;Gel;SUNBOG;am0rph;kpovostok;slavik2006;Yrgxor;nigeryoliabz;JMC12;glavremontnet;Serjaka;SlavaCH;akovyrev77;Angel_Of_Criminal;mdkChaos;ashparka;zheniasvetlov;wartaz;Marrrks;nitro_Forz;volk768;farhadkk;kopossum;kosolap2009;vik95;Sonnelon;DimosBebos;chaizer;Locast;Antaries;karabasis;kroko137;VINIPUH1;Savard;Yohota;Pokrovsky;voraner000;WOhobit;NAPALMS;Hcuvaka;Austerlitz;brandenburg;carpintero;theiss;vlad__99;alial20081;Vestlana;Botvista;Unbreakible;barna;kairon;Kollyann;Vesta13;exhas;lolnoob;M_A_H_N_O;Abug;Indenix;Anastasija;NuBorn2009
mih1972;beluj;Gastroler1978;exabutam;valtal;Dizeli_Power;The_jester;danet;NuProstoNIK;konsol2008;Lethos;stepevg;SagoI;Robaut;alex993;Herbie;Exarch;Vereti;Utor;Ronhull_Maggot;19562504;tunex;Teolan;BIZON_M;grost72;gori4;Maziguga;Melan333;vadimVS;Vakarian;_RC_;Aeeeee;bichop;Drakonovod;learyt;Botar666;GDV0001;Kuzbuyamochi;andrey071287;sim_max;monohin;BugorXII;rotman14;pokerphil;sargorn;FeniksPvL;dred87;Gen_Grievous;Obezbasheny;okvi;WOLTik;Malkor;stalkersky2;axiti;Rybolov;rema22;bam571;npougoxa;Exelione;vkapustav;Samtle_1;Minchanka;longer1978;cruzer255;edsamer;arhimmvb;makmak1982;Rise_of_Death;KaiKrapivnik;Negoz;rjow;getnutz;Veselchak;qrufat;Le_Gran;MoZG_MAGnatix;re_b_e_l__;nikolaii22;Hazanuki;vint1996;fv1144;Royzer;Vedaz;Katarina_B;Infium;lpm412;Warrioriss;totezone;timofei454;apelik;GoldNeon;bart2;1LOTOS;A202;_NEXX_;pasbep100;Annita;neon777;sozercatel3;kolyacher;hagrig;nat1r;nik6577
Stranna;Espiritus;Uranum_238;sajapin;medovayts;cherchen;andov;MadyyGod;WragII;graf1korde;dr_horror;hard59;Spherekillers;sxv;leomir;nowbess13;melgard1974;miswege;izloti;Tanikkk;weew;Dastaros;erilia;dezm0nd;Nazvi;mig199;NASDEC;nikto7878;FuckWorl;Zors;Qadzila;Pretvoritel;sardus;KBB2008;Nikolay2006;Gluk_XXL;tj15;Rise4;KosmoStalker;aichyna;ZaDumka;bb02;romus34;ivan_t;jukkotik;aleks06;dimaaf;pyogai1;tassadar4ds;KnightDark;Hak;ALISA008;Dasymaster;Kuroi_Neko;Prenom;uralbatyr;unitindex;InfernoKiller;doctor_evtanaziolog;gavrik32;KosmitoLOG;zz8088;the_dark_killer;Rasim;iryskax;Aict;D1vine;damiroff;Modonas;AStratos;yhn112;tiloman;Endorphin11;iluzij;lizardlp;Achaman;Daine;_admiral_;Wanderer_Avengers;YaceK;seim;Xiden;fibo
dada;Archy79;Grrom001;alex2068;vovic_007;angy88;milashkaaaa85;Hister;Herzel;dim26;cbvtbp1;Evlampiyy;alextash;nata85;CareerDelTorro;sodget1;Recognized;FilFilS;Taaklis;Shuarol;Van_Halen;Gromius;12051976;Evangella;Uef1;kiikiits;slimtiger76;wermut78;bobo26;zju;alien999;oem;pomka40;Shturmi;apiver1;alex87714;xlordserjx;smallkex2000;0zz1;SuperGiper;Geeneral;KY4MA;sashakrat0;KGB07;KLAS95;edelkindmitrijj;65maikl;levantmark;aleksandr_klekovkin;sokol_infantry;suresch;Kurfust;Tashuka;MikeMG;rammstein2012;NeZeD;delapro80;Nekotyan;bizonn;AntonFedchin;cherenkovagulja;biotema99;GWS;Kargana;Maligos;RI5E;dikiyz;ogoniy;Muppa;kekslerner;mainteme;22cognolio22;vlad199906;kivmov;112Popugaev
strelok118;APOHAP;litlepoket;Mistek777;qidle;crafter12;02128989;AKRETIAN;need_for_love;markow;DitrihTamplier;gigikevl;Steklorezzz;CBOD;xvat;EliteDragon;Korabentus;Lasse;detka3;greatPJ;armit;DENTIST16;ALEKSANDRE;ldv100;Serega_asv;tyler2006;smallfox;Svarogich19;CyberAngell;CeZaRb;vol4ena;kain_7;Uventus;rka1999;yyyy55;TERADON;Viruzz_FFF;justyumechan;OptimaGrand;LazyMan;pSy_Alucard;Jenek2002;dimikser;lssdi;Volandemar;alex_chau;Addy;a5170x;siltarius;Ice_Queen_;Kaskader66;dagert1;dangerous14;Lenusichka;Shmak78;orknid;castor35;paset;radfer1;Guyver58;Bobuin_Best;vamas11;SALENTassasin;slonomux;tenebrion;BRSG;sashaketris;gebd;BORION;JekaVGG;Lightness
ericsson;Barmaley76;Flinstoun;Tag567;Stas862005;Gunsalex;abers;ball1;vladimirovich2007;antalium;pnpnick;Kold;Rusana;GarikW;Tkhin;AlexyBond;xXxRAWENxXx;VVIN;ZATOCHI82;Lorelein;Leo_NNN;GromKiller;Nord37;KOI;ok65;kkarabass;valery2303;Skalansk;furiousdog;bestbroker;Eliot211;Aloha_KEKC;GrAfF20;Udaf0;40Min;Dich_;2112HLOPEC;GAV4IK;_micron_;filnet;tomalove;smeshar77;Ferling;bah_2005;exson;ElvenKnight;tz3108;Rubiroid_2;popcorn0880;kargo68;bah05;lipkin123;Blood_Crazy_666;Hexfire;bekakevl1;jokerjoker2;ROCK_4ever;Unbekant;kism;murlokatam;orel65;LittleGnom;RAV007;SLON02RUS;M_P_A_K;a_i_n_u;HomoZahapiens;prizerak;Kesha1980;sergey277677
logonet;andre_8;iskdir;ouragan;ser_gauloises;dims_k;Hmik;Tirry;SAngel;atzek;KpomBeJIb;papirownik;Fradkoff;AJNik;Shagov;Korsun;eksp;Lin;dwade;domok;Krotru;anna61;aregon;jenus;GorAndre;bralexx;Gryzzly;mvosnik;614San;DumOk;serg72tub;Bigkatok;_rain_man_;MAO_VIP;pplz;basset77;redaleks;STALKER3000;energo_eco;Vlad_M;sovero_2000;versusVB;ESpawnja007;Nice_guy_kapa;sorter;Bockpechiy;KaRRRa;MegaStroitel;JJTT;makskorpio;RAKSHAZ;KROKUSTIK;Frendix;Legeoner;Shmajser;Lopolik;elen2008;Uldemir;_Dark_Master;DDT;AlphaSp;vodolejru;Nikola80;VITALIYK;Antihristfight;_bappakyda_;__NexT__;Darkkeks
sistani2;Lukast;estelle;Disperia;RomanJanFan;SIIR29;kaluginart;_A_x_g_N_;fadeeva;Zuldik;Jessika7;Alien501;Teeto;moperator;DDeN;Yuraner2;pawelch;Leonya;Uchti;tnova10;kardinalAleko;Uffenn;Rus43;Elving;Tilarek;Muskuls;BIGESTT;gordonfrimen21;DarkDracula;krek26;Fetus;abkbys;Gavroh;Mawka;Ranser;feeiia;Warstiner;COOLED;MAXTTK;Fiks2010;Maximus79;BHY4EK;Vladimir_ch;PORLEAN;XALIFF;megaoxygen;flautoman;Asuha;kosik4ek
ZombaKhan;sergio1976;Bikas;telemech;Master_bav;gargantua2000;Waldganger;lehyi;D_har;Frost;Kastrula;bob1948;huawei;OAB;lotos_1;anw;idalgo4;Nobody_call;WB888;Invisible_Evil;KassanStVendetta;pupsik219;SNavigator;iBOB;Neckros;panpan;priest1212;MViper;BilRambler;sber_max;dastin2;Raptor7;blackbosk;CMJKTYRF;SigisK;angel_Patriot;len2;Shveik;Marklar;vovan_o;ability2006;jkob2;lheu4;ua_ss;xian;Toreodor2004;Shadwarrior;Goblin_Joker;Sergo123
foulblow;moroz76;Foriss;Werlena;mesherator;Galina_P;olegatorru;DuXon;LONEKNIGHT;KinderSam;angelina11091;Maikmv;saint2004;SpiritSpace;Dibog;vans_k;Gromotiag;Regarro;vik111;a_shir;NuclarDV2010;MrPonch;Posh;Westa84;LazyRedFox;Kosha;Soleym;prizrak116;Kab_an;twisterr2;T0Pdog;levev;ornament;alexaner_p1;diablohell;neAngel_Ok;AssassinAltair;gutalin49;Anton_Loz;Intelegent7771;c_b_rsashko;khmyr;Johnny_Sid;DonAlonzo
Handehoh;Arlandino;Milordalex;arieinna;kanobius;micl;taak;vivax4;Torsian;Austa;Scalper;Technik666;kartinochka;Barrent402;IWill;a_n_d_r_e_i;antipr1;wompel;Alexboroda;machinist;algon;beer71;XZC;cherepanv;Adam33;viralig;pav5;parmalat;dk77;odissei;VIP511;gonchar54;FSOL;Perepel;seriozsam;Astravod;DeleGate;PHARAOH_D;Mozka
Tasuja;Serjant_RU;popilluminate;bomgik;Vicky_Ch;Duim;LeXxXeL;totaldeath;Romale;AndreP;Macho_men;dim321;NELegion;kirgiz;AAN1960;mikpir;avb96;Zoldy;OPTEL;keshako;AlexBat;Efftushkin;Torasque;MAKENTOSH;Ogrim;_Vasilisa_;SH_VLAD;kstar;Dimitrus;VolodymyrDB;Bure10;FreeTaxi;MasterLeo;mmm4a;vinograd_81;Alex_Etom;Booch_Z
Avolog;Skermort;adaptor;nuBac;d_l;Anlain;96go;SwwS_Sp;sezik;_serg_simon;xaak;Pillau;MalimonoFF;accent044;Colt943;rz3djo;Kytyza;frankds;Cozzakki;svesla;JOHNNNY;senior_web;Crofab;mif_ugra;MsStels;Surokus;rest197077;Stas_666;Tipalol;gramm100;Lord_Vik;svetlyachek;Ksenik;fxdes;soho911;pretor_;Ice_Rock
BAGZ1977;TITAH1977;simbiozvlad;frauliberzon;ShadowBuilder13;ShadowBuilder14;KornanD;mrkeramist;jim_raynor_2048;vvmax;Kostja95;Natalia_B;vnch;Orfej;Sarducar_rus;Ruthless19;PresidentRW;tiubik;Siniy_Lom;zaxarovic;60rg;R0RA;ZloiRock;sergeikudryav;tuz17;Teplotex;dimams;Psih_1980;namba;test1111;Baibuz;RB13;Morbivod;Slonopotamus;stil4eg;Keyfin;Mnogo
angel07;codesh;kostjalarin;1Serg1;LEaKin;slonopotam111;stalkerokkkl;demotivator;alexdorf1988;APXE_2;kirdar_i_agol;Skai251;HideNeon;GorKonVik;Raven256;andreyko19861410;dim555;mal1k;potomstvenyu;Draiko;UrsusBalbus;Astapus_master;LeonZlo;vp33;ac2010;Paxta4;Cekli;laki273;ShadowCaster;FN2000;Valerik_ikar;BUGAGA_53;Lutienus;__Spartanec__;Blues_BY;rubchak07
AHAPXUST;ann13;prostoguest;alex3108;pigas07;sbagrv;MuKPo6;Palit;scorp17;moskvin;djonfit;CAH_XAH;mno;DiFoTeM;andy_venol;MyKyLL;SESSIL;Arich;Sv9t;juck0808;Fox_l;red_ninja;novichokmip;vladnfinn;Atom_od;Volnolom;Marsianin77;oTeftelo;rexston;mrdim20;poccu;MagiVolshebnik
Vindol;kanash;asmadey1976;vector7;SHoCK_Steel_Eagle
Alena222888;meshav;KALAKOT;stil444eg;pouity
