Altesar;w1nd2k10;f14;ribak333;calc;Wayfaerer;extrimal999;TOPTIK;Aibolit_YuRi;saderaf;yanik01;ktv25;Udisurma;helionix;ximikyss;Kaiar;DenShmel;SerGor82;PAWNER;Kil_Ja_Den;ZINTES;Lekon;gjkz1111;Doctor007;kazan1980;ggDieu;kabugi;PyroHard;zxacs;Dokura;gryu;Yurawan;loony23;mopII;1978nbvf1978;PrototypeXII;Zanozabl;benzin661;cablagame;ra4okigor;dukhnovskijjsergejjl;vampirrrrrrr;arrrrrrr;aleksedmitriev;nisan33;egalancev;helloyin;Gastrol;yefimovyefim;pipec123;timofius3;ed1975;StonEDeviL;maxim23komarov;xDENxx;azuroleg;still26;Galeon123;PRADOS;seredaaleksandr;Chesko75;vlad76s;Coshevar;sekator74;qwertpolik;jesssa;mariya24;adillco;PENZA_1;trokachev;agroflora;AntonioTomango;omash211;vtlzzzd;Danto;SenSeles;chaykovskiy9;vasya29111999;DarcSaruman;b00l;Pash777;UguuSeha;w1978a;Slikkk;HOMEP2212;dimaushakov;irinabl2008;Balthasar89;Gabriel86;HappyDethday;alexeevyuriy;lerdan;lipaninsergejj;sertech;TTupaT;Compagno;Lisha;avtobukh;ZARIZA;Trolf;McBodik;Viruf;pilart;zyc;Vatrang;KoTRiK;windec;Laedan;Mirotvarec;_Spriggan;semnizovcev;zahar_berkut;Gerbik;qqwweer;RustemKH;2012fg;rjrnj;imansipe11;Alexalonekot;dimnchester;Melianel;Anderfaker;staffi_09;Timbor;SuperFifa;bkcat;AntonyMontana;LordZ;gt1kran;kolyanchik333;affacor;diversant650;gervet;bububul;Baloda;nukuta1111c;xam861;00003;Korveil;ramazan05avarec;Garmat;full12300;blak84;2223;Zerobubus;devate;neboaleksej;Kensun;DarkApple;LGato;evgen19;AspenALL;sabrae;Alreq;azz09;anton199415;GIDRAxPONIKA;DANIK567;VIstar;Novatro;Gradiol;kira1995;crazyall;Zooluu;djizakec;16kot96;askerovisik;dukshta77;demon5500;crakcer;sid01;mat2012_685;Danji68;badabum1;Zakavirka;drakar77;maxterrus;erkazan;RAA78;JazzOFF;Slonim_47;dedall82;zveroboi666;FullAI;7666722;lincoco;skorpion11;Grammozeka;Mneriel;SweetWS;zondau;gremlen1;starychok;Nejron;Flaming77;LINKON1983;Necrogamer;Burou;greg2007_533;kandybon;fds;L1gApwnz;adminLSV;vospitalka;kandybkin;Virys3000;braian;terenn;voronprk;Berit;Foxder;Lavernia;Monto92;valley2000;ussasha;Charonchik;Fricc;KaRaHDaIII;F00R;losharic;AmenOsa;fess19740228;raggaragga;netnet;KBAHT1;Zlydzen;Bolomut;daymonri;adnon;stots;Alenka55;piroteh;vok232;topdawg;IBlackRavenI;Surgeon65;garibuns;dhaan;Kadr_2010;D33B29;Palabin;cuntaris;GrocKHeLL;aynagul;slavkaaaaru;Larkon;DumBass_97;svayzist;Bergg;faitles;krtaras;torpedadaa;02i011;bigmain;bboorrss;daniiltarasov08;Veronicy;ace74;smit257;saturos;PutiTeng;NasherAlagonder;WTYPMAH;Lady_Storm;PsideAxe;z00l;kalraman;Ymnyi;ytyut11;Atomic_NSK;DervishPustinnik;Engell;IOnibakuI;Bambabarik;dumf;igorput2;Lord_Enigma;Poulal;Comandore4e;AirMaster;ferwest;Sanek_Suhov;mario445;andi0374;polis256;Kerei;alexandrm84;kolya469836;intaco;Doctor198;janikk;hhfgfg;inkognita;semenatr;r3al1ty;Denizzz666;megaherz007;orfumap;sanek2208;Keechka;warhamer1991;greisa;prkcity;TRUPOVOZCIK;bsnsf70;RichardDiRiddick;Ivent;BlackAxe;Jgy4iyPereC;dima9000;mikhailisakv253;majikai;dubmaks;Kalisto_way;xFerusx;lavad2006;Lion1999;Businka80;bak10000;talosta;gogfa;lentiay2008;artsapog;Mamlin3;kazakhstan_alga;evgenybelobaev;artsapog29;qwer2001;mordak123;sten666;AlcoKot88;a3apHuk;deanis_400;37813781;crusler;Lirik32;dimon765679567;re_re;plavniy2;dav1570;Hostelko;max05;arturatnagylov;sovrus1;1558plnva;2gar;WAD1M;vfvfvfvf;VelesSlav;big192;ruslanik1991;bsangel;zabik963;Afeli12;xayal755;xERITIKx;SyperSniper;AlexJON;Angel2010;semka132;IThunderI;JuanPablo;luk105;grozaman;SirOutOfMana;nwolf27;petyaxya;byrmax;g00gleb1m;ecolog03;Laserdanse;Amorfius;kyharskajanastja;Varkann;nikita09061998;bak21000;felix11000;Fommka;7878998;bandrabur;Zmei21;RedJarl;jonff;wtx;Kaban5;pain1457;bolt909;gena3108;Pontorez;xChirikx;avenger33;victorija02;apto;DeKraft;sevichrap;HanstrubaLL;tema111111;Alex_VIP;romkafomkala;xANARHIAx;IDISUDA;Bulker;zaval98;SinguLyar;kapnord;victor133;postrekhin;ravels4;izolda661;Harmon;Archeriuss;13467;EvilPussy;shinyTOY;VipDON;karsh;kurok88;corenowsky;makssema;cergeebka;9194114502;Lukako;BlekDrago;aNd2912;Agito94;Edd999;140194;gyron;vladi4ka67890;Omgwaar;imns_russia;alengina;reanimator95;Kenworth;technik666_626;ganjamen12;rewww;CyMpaK42RU;sashka543;swistulja;prorider2012;dr17021987;lexman239;alla_2;giorg2001;Matue;ProstoO;ksergeyi;antonishin00;volk199v;vano100;oleg3183;lukka69;shaman1970911;sergeaver;Barat777;kowheg;dmb37;Jopoliz;Liseka;Pashtet231;zez2;TEMON2439;Werona;mikl55555;Dionisius;GreyJoker;vovashac;AlexTar;ren1811;123456gg;Inferno23;tashakont;ash243;Starpom007;jjhhj;Rogaliki;marfel;podshafe;funkytonight;kirian123;wkzd;lazutkinaleksejj;acmacter;nszwww;Stakan250;prspect;Violetenigma;malish2000;cres;astar82;denilin;opoparbat;Sviaznoj;olegstr;kingn1666;katapult1;ZOMBIss;Syharuki;olgamalets;DarkRamzeS;igtisam;Hooligan_MRFC;dylib;askofen;ghnkjliu;Legolaist;SIrin564;Jim1978;vafli98;batrakD;1509ego;smiv73090319762007;maximus124;UITROMANIN;squard;Pavuk;VVik;Rossolan;bajan373;Pawlowin;Vovan869;ildar21;delpwn;yaroslavtarzan;Klub2bheads;amotin;andzelaend;slugazla;AxxxL;Ceolit;Forewerman;elenacheprasva;GREGORS;Turius;Fadglec;apo1990;salawat2000;sasasha;EnuA;maxiv608;Romillionaire;jojoniv;Warwinner;kv235;Parasonik;Merlin1;aaaaaap;sukamraz;Sinedroin;aliceti;govadine;dimademan84;druid_111;V0v1k911;Ackot;Gotrik;rjcvfc27;Aserfer;CorNoR;preslii;bbkkb;kazanxeva1988;valkoin;boroboro;1234r;CIGAR;Gutts;Kardon_warlg;Zaharie;darrenda;SD44;Kras2v4ik;DON1221;SAASDASD;Frisk700;DESTINY13;badnesia;aHaHaC42;hitman999666;KonGa;lubany72;Daemon712;ArXiTeKtOrR;nata29074;alex11ru;Anlaress;drago9;danila00;squaritel;Dontesss;1kadamaga;pivasik777;HAGAN;ATLANT1;Alien2012;Maikeru;JanneDARK;x8545;jefekt;Helena1980;RUSSIAN009;AngelSphere;vasia0990;Gromgaar;BDOOM;Mar1o;igrsmukhin3;VvoVva;burunduchok2000;maruto007;d504;aEroSm1Th;dopemk;18alex95;sania9663;Satiyen;ZavBaz;Sashketz;bazinga;Tyki;_VARLON_;Dominans;Night_Fantasy;Sevrer;Madorki;TELEC2010;filipp128;Adolf1234;nathing;Oliti;TYRES777;vet24;hstopor;polyakov21;Wazzano;spider1;tarabarerraw;Gotay;grahiks;blegart;Mentnew;Alik999;nicknam;karaganda08;176712;unhollysaint;PatrushevD;bak20000;60JIT;Zlato2010;MaIDarI;mbm1;Serui_Grom;logalex;Old_Butcher;TomRedl;sphereking;Irbisa;SaH4e3;Varro;takker_vir;whiteangle;zukuzoo;FreeDarkSoul;schpunt;sid8686;ZIPUSNY
Zuldik;d_l;SwwS_Sp;Anlain;Skermort;Avolog;96go;SIIR29;Alien501;AndreP;svetlyachek;sezik;_serg_simon;xaak;gramm100;LeXxXeL;totaldeath;gutalin49;fxdes;moroz76;DarkDracula;Soleym;fibo;COOLED;kirgiz;Serjant_RU;mikpir;Torasque;Vladimir_ch;XALIFF;Asuha;Mawka;Ranser;DDeN;Maximus79;gordonfrimen21;moperator;pawelch;Muskuls;feeiia;dim321;avb96;Dimitrus;mif_ugra;kardinalAleko;tnova10;Teeto;Leonya;Uffenn;Lukast;saint2004;LONEKNIGHT;Yuraner2;Rus43;krek26;PORLEAN;rustopik;T0Pdog;senior_web;is1n;c_b_rsashko;13uncall;Garik29;Westa84;birryuk;MAKENTOSH;Ogrim;SH_VLAD;AlexBat;Bure10;VolodymyrDB;_Vasilisa_;vinograd_81;FreeTaxi;mmm4a;Booch_Z;Macho_men;MasterLeo;Romale;OPTEL;Zoldy;Efftushkin;levev;olya888;adad15320;Fetus;BIGESTT;abkbys;ornament;Kab_an;Gromotiag;DuXon;vik111;SpiritSpace;Maikmv;vans_k;prizrak116;alexaner_p1;MrPonch;Intelegent7771;diablohell;Anton_Loz;Zors;tsalex;olegatorru;kstar;serco;svesla;Olegik;SIvanych;Super_loh;aichyna;Hak;Surokus;MsStels;Ksenik;Aiurr;Kosha;pretor_;uralbatyr;unitindex;SBBG1;Viconte;otav;Fox_F16;pyxidis;Kiberpank;guriton;soho911;trenzel;rus2008;DDDiii;KORN_HOLIO90;Lord_Vik;JOHNNNY;Tipalol;alex_pol;Bax_99;Forte1;KATALA;bore25;Crofab;nettoo;AlexTG;elfa1;zxcvbn206;Vikmih34;KilzzZ;apizartron2009;sadvakasoff;terehusha;RVL;McCrane;vasilik;chulok;ypppa;damiroff;SOFCHIK;jhrf;Ursuladog;DEN_WR;Kabernet;VDanil;ImpFR;YuriyCh;a13k13;ARCHIBALIUS;devily;Encephalon;PA3;prussen;vitalik1111111111;2Sacrifice2;PEACOCK;pyogai;polkq12;VasVas_1;PUHVINNIVINNI;Dar1001;Neroin;Mirror_time;GHTKFN;Gines;ssvserg;_Genius_;Xiden;zz8088;the_dark_killer;_admiral_;sanganjubas;lizardlp;behappy2008;Lev4;KnightDark;vasall;caviarchuki;Nasgil;valdemar1;catraveller;xapxap;sidvk;Cheshirs_cat;Staryk;ours;k0n1k;shustrikV;tiloman;seim;sajapin;unistar2003;Swaco;danneks;admintdbs;sinco01;iswa10;sava68;setanchik;cherchen;jukkotik;dimaaf;izloti;schwab;dmi5572;yu_s_ka;iluzij;vandermast2000;D1vine;Wyatt_Earp;tredermlz;pet7597;vetal2603;deniskafrol87;Jumas;pyogai1;olega1313;harma;alex7kristal;blurps;cobra555;graf1korde;Qadzila;InfernoKiller;ColuN_K;Viking777;Uranum_238;medovayts;KBB2008;dr_horror;Tanikkk;Stranna;Espiritus;tj15;rey_xenos;Heruwims;dezm0nd;NASDEC;miswege;Dastaros;mig199;hard59;Dasymaster;Rise4;YaceK;sardus;aleks06;nikto7878;andov;WragII;Spherekillers;FuckWorl;Nikolay2006;leomir;Gluk_XXL;melgard1974;erilia;gavrik32;doctor_evtanaziolog;Pretvoritel;weew;Nazvi;Rasim;Prenom;ZaDumka;KosmitoLOG;Endorphin11;nowbess13;bb02;KosmoStalker;iryskax;Kuroi_Neko;Wanderer_Avengers;Aict;Modonas;AStratos;Daine;DOOM83;spurt;LTUAirways;denand;KAIY;ike444;zlatazaz;American_33;helig
MuTaToRu;Niicka;pupsik219;KassanStVendetta;panpan;YuresYur;GorAndre;_rain_man_;Kingle;folkfair;dastin2;jenus;Bockpechiy;stefanenko20060;blackbosk;wdb221;flamesturm;VITALIYK;_bappakyda_;Shadwarrior;Goblin_Joker;aleksandrK;lakifaust;Shveik;Marklar;atzek;T_K_S;Weana;ZaraK;domok;elen2008;vodolejru;SteffID;JJTT;MrPrezident;Vingilot;ROTKERID;ORIOH;alial20081;radsh;Neckros;priest1212;lheu4;angel_Patriot;ability2006;ixux_655;Eldin;Justas123;Prezenter;Falstaff;PowerGhost;ROVER357;ProDavec_MANDARINOV;dsgsdg3;MakuShock;kul;aregon;CMJKTYRF;HALOIN;Furiya;RibkaOxi;lihoyzlodey;Spline;vik95;karabasis;Indenix;kvaziboss;lebourdon;chegun;Vlad_M;Quendi72rus;versusVB;hottab2009;dark1239;GSB;homosapiens_ww1;basset77;samaly;amore1981;DDT;anna61;KROKUSTIK;sovero_2000;Marrrks;Dowmntime;MegaStroitel;Lopolik;Nice_guy_kapa;AtomRider;kosolap2009;ELie;DUPLETN;pavlinchik1982;bumahska;SolarWind;Pokrovsky;REKAVER;SUNBOG;mmmm2105;zero20000;davasp;Strannnik2007;saper59;Lagshmiwara;mazs8;PTOLEMEY_XII;BloodyFire;Wolf226;aron;RSHA;gleb_stav;dio73;GeniusQ2;stray088;Geska;Enigmaman;Kaligan;GaoLingun;v0k;_Lord_Darth_Vader_;Alemann;shefalex;devona30;glavremontnet;ShadowBuilder;Mirinda;Sokol_2009;starsphoenix;Bert_Brigden;red_gremlin;carpintero;comrad_cheater;SoulFinder;rurix;Locast;Chernysh;Kamillla;priyatnaya;freechij;kent25;ANDREI123456;Erics520;DJINNYA;bolgov;sasha_tol;sdeng;Ymbrer;Pivkabi;HalfLife2;akovyrev77;ashparka;SISTEMA3;Aim_Pride;Vitaliy2004;Nak0;NorthComer;Phssthpok;Sonnelon;nigeryoliabz;val9322;am0rph;kilermen07;Angel_Of_Criminal;3anac;Incvezitor;nitro_Forz;babamoloda;krokozyabrist;Yntar;Austerlitz;Tvvin;farhadkk;Unbreakible;silti;Vesta13;M_A_H_N_O;Abug;NuBorn2009;liskaterinka;Stas1988;Vestlana;Demon_Punk;Bucifals;lolnoob;S_H_U_R_I_K;alcer;slavik2006;wartaz;vilzin;VINIPUH1;Antaries;Gel;chaizer;Hcuvaka;Kollyann;lildron;JMC12;nomitmen;ykreyzer;maizuru;Serjaka;exhas;alienfarm;voraner000;Torgvord;Yrgxor;mdkChaos;kpovostok;DimosBebos;NAPALMS;Xedinn;volk768;kopossum;Savard;vlad__99;Botvista;theiss;kairon;Yohota;Anastasija;brandenburg;kroko137;WOhobit;kerja_v;vagabundo;Shurik1964;Flickering;gomenchuk;Lord_Reefer;SlavaCH;zheniasvetlov;bazil25;nexacuxa;mvosnik;STALKER3000;Frendix;AlphaSp;serg72tub;DumOk;Bigkatok;Shagov;bralexx;Gryzzly;xian;Toreodor2004;SigisK;KpomBeJIb;pplz;D_har;eksp;614San;AJNik;Lin;Krotru;ser_gauloises;Korsun
Psychopath_Psol;Psychopath;DenisLast;juk667;svinoprig;akaki;liensy2010;Schablon;ls01;BoVoX;alfa152;Georgius55;Axellus;DmSh;rorudo;EHTPEPI;danart;Doubitsky;rezzak2008;knopius;zdk0tyt3;Nakam;Tashtagol;nopoxoBuk;6a6a9ga;Vfgfbjnd;superharry;nashchyokin;Zdraitsa;WandererRUS;Zhirafik;a2530;Kurator1992;misha_s13;ba777bai;chedmun;vladislav309;danila77;alex20111992;alexu_dracul;DjTiToN;Gravedigger1980;Vredinka_V;AMOHAPA;TodinOrfen;nozki69;Gashikniga;dart_maha;D150;RealOtaku;BIGsheff;senator31;BravoZero;Feanor_s;Prisrak007;koral201017;dartmoll22;cmolko;ygra;djalligator08;Whateg;RUBECH;ogn7474;Tabvlad;Dioptimizer;antinomy;realing;Tantalun;yamtrey;maksumstudent;KindFox;lexman2393;tlulax;amihhin;ZoRg777;cema77;val1970;Rarchik;Mirymir;jekaeme;set198429_269;glassmaxx;Akage;morcheeba;skitalec2010;Staircheg;coxat321;Smailo;DenisKozlenko;kostakin;nesterenkodi70;Sheykhan;trewert;AndreyDPro84;Ekrezem;Ololoshka;swarog1;dima246;voviktor;aleksey200;Varvarkon;Fankin;LoveFeast;doktor1352;pirasa;Doctor1983;Lev198;kurkuli;largo14;volchok01;das1000;tawrizow;Crazy_Student;Lord_wasya;Jafar_bei;mishamokva;Saaddi;Fridom83;ust;27041979;alexOI;Samael_V;Keranozid;afinogen255;Malignus;Kaban4ik_93;Pickard;Voin11;Ledi_L;ligmag;faraon93ll;akaa;andriu000;LVVSparda;DARkOMOD;ColdWolf;ketsik;GTDragon;Desany;pantshava;korumjailinirsi;agamemnen_B1;Pallpatin;Barkus;Asylum4;sanek1791;TitkovL;Rasdagar;drert1;Terrys;xanrias;fegner;Bayron892;ogrintsova;PiKa4U3;MerusTadd;vniva10;dimonfed88;starter11;vlaslesh;Gipnokot;Stewie123;Etun;YASHERITSA;tsmu;twm;AldarXase;Ariandr_BY;sexyTPEHEP;stranik27;24_ION;festral;Sonato;MarkDeJunk;WHZ;Reizar;SPATKI;multiple;Voron1611;CrazyGuy;Al007;Machzelet;gargart;JimboJones;541max;jamshut;fordmax
Ant2005;roman723;Larga;gignov;Asterod;ADFSS;BringItOn;Jenik;Aerona;Fight24;0000346;lazutkindaniil;rerted;Shustriy88;Krumax2;antonsherbakov;Enzo;123456789wer;dem39rus;malec1991;tema4ka;kormlybobra;KidaLLa;voron_hallana;brodyagashm;leoromka;6LongShot9;brian_rus_;addmiral;colonizator_X;Vitalik_;DaDA24;Diego_ramirez77;router1980;denisasdv;tron777;vov123;tripoli21;cerep13;aleksandr_klekki;ktdusov;AdrenalinUA;ramler29;DLoToN;bercerk2011;_RQ_;zhbobr1;kuzmich2112;Zincum;ShamanTor;bahvall;MistOne9;crazycamel;Natanei;Purup;solarbro;tryba55;McSam;GromOlga;Xaxaboom;Aviateur;NightGANIBAL;TSV;noGodoflife;vadimmilicia;jefair;DarkKitty;Hummernail;maiorov99;aleksanderpol;TANKER;Liurii;mamelixs;OgYBaH4uK;z3ro;mor36;Odyssei_;Lunaris;kuzanvit;kastan24;Dominator128;SergSharm;FeRaSh2o;Speckey;Daniel007007;15121999;asaz;bdfy121;webabrakadabra;kirms97;wairus;cnaypers;KapraL163;Svarog13;123127;romchik2;YAROPOLC;GOLD7171;gorlach01;ZERGSS;opo77;XXllosXX;KDAtmXRYST;061298;kagashiro;llogik;sector791;Manglaadar;xzDeNzx;DimKako;andrey19871112;DUMOH4UK;G_R_I_N_D_E_R;67t7i;Said122;Aster_IKS;sergiosi;delapro83;Inquisito;Mihailovi4;Lexey2004;AnnitaMult;koledaevboris;king367;F007;Vaaal;AmberSoler;NickHornby;Namahs;fama666;Lars83;Alex992005;AgentF;Rost1k0;smallkex
BHY4EK;lemynara;eugen;navigator1;Feeling;prossion;dolfiur2090;SPREAD_Eda;Werlena;LazyRedFox;Fyuec;JanJigyar;Lotos;vit2008;Nikolay_K;Skifia;xx_xx;piraa;DM21;flor;Alfazvezda;CoolHunter;gravewalker;Bleep;BaffTar;Realisimus;Viksan19581604;McDin;Guest_out_real;TEIMURAZI;CavaB;nismo2001;Vestor;33333333;umino;Salicio;Burtininkas;Timewaster;Ugarilos;pasha_fash;mjakish87;MSLION;Alex0ff;blOVER;DrFerid;Rich_ard;Xomeakster;Antares_;4orny;dima1712974;Odissej;fliki;Acid34traceur;DAV79;vicktorx;BASE1;djeiman;rtj;diavol78;T0MCAT;Nordss;1Conchita;Tascha15;belive33;MashKa22;bambr0jti;NBK;Mordikay;Tonito;Dominon;nekiy35;Artes07;Blaire;omarik13;sergejus55;viktorijati;serti23;darius3009;AllexxGL;lex_9;MiIIer;Best_warrior;segorlanov;dovis;vovakov;gekslit
Mistek777;markow;EliteDragon;ALEKSANDRE;Ice_Queen_;Steklorezzz;Serega_asv;kain_7;CBOD;crafter12;need_for_love;tyler2006;JekaVGG;sashaketris;gebd;Lightness;rka1999;CyberAngell;OptimaGrand;yyyy55;LazyMan;smallfox;Svarogich19;Uventus;castor35;paset;radfer1;orknid;slonomux;Shmak78;Bobuin_Best;vamas11;SALENTassasin;Lenusichka;Kaskader66;dangerous14;BORION;dagert1;BRSG;Guyver58;tenebrion;justyumechan;TERADON;Viruzz_FFF;alex_chau;Addy;a5170x;siltarius;pSy_Alucard;lssdi;Jenek2002;dimikser;Volandemar;vol4ena;DENTIST16;02128989;Korabentus;DitrihTamplier;xvat;armit;ldv100;Lasse;greatPJ
Herbie;makmak1982;Veselchak;nik6577;sozercatel3;nat1r;kolyacher;hagrig;Obezbasheny;BIZON_M;stalkersky2;cruzer255;learyt;1LOTOS;bart2;_NEXX_;pasbep100;Annita;A202;fv1144;vint1996;lpm412;totezone;BugorXII;Gen_Grievous;qrufat;sargorn;getnutz;Exelione;dred87;okvi;rema22;GDV0001;pokerphil;timofei454;Hazanuki;MoZG_MAGnatix;Negoz;apelik;Katarina_B;Infium;arhimmvb;WOLTik;npougoxa;monohin;edsamer;Kuzbuyamochi;GoldNeon;FeniksPvL;nikolaii22;Vakarian;andrey071287;Aeeeee;Rybolov;Minchanka;longer1978;konsol2008;KaiKrapivnik;Royzer;bichop;sim_max
dada;aleksandr_klekovkin;Geeneral;vovic_007;dim26;pomka40;Shturmi;AntonFedchin;nata85;SuperGiper;alex87714;apiver1;smallkex2000;KY4MA;FilFilS;alien999;112Popugaev;22cognolio22;vlad199906;kivmov;mainteme;delapro80;biotema99;ogoniy;Muppa;dikiyz;Kargana;NeZeD;RI5E;suresch;Tashuka;MikeMG;KGB07;65maikl;kekslerner;sokol_infantry;edelkindmitrijj;Kurfust;rammstein2012;cherenkovagulja;bizonn;Maligos;levantmark;kiikiits;zju;sodget1;Recognized;cbvtbp1;0zz1;wermut78;Evangella;xlordserjx;Van_Halen;Uef1;alextash;Gromius;slimtiger76;KLAS95;CareerDelTorro;Shuarol
_Wyper_;Hiro_Nakamura;Comunat;caxa68;newnovamc;Just_Die;Progressiveage;W_e_s_t_a;sawkov;sliwka;Roctar;Push_Ok;ARTOIS74;vint19965;Ololololo;TOPYC1987;9091;Tauhead;dembazh;LeTToMandello;Gori4ua;yPArAH4EK;89028095936;cossache;Nickolodium;EkaterinaMaslova;icoZORG;sharon_levy;KZI;ostrov_sokrovish;kvr65;sila_crash;Kashiga;Uogurt;Shalaputra999;alecsar1985;TopSM;Grigar;nigma83;Adamar;guligo;xxLegionerxx;MilayKroha;kaarm;Breeze14;barneo;few303;marou;orion4;darrenda_d;333kkk7;Valuta;mvvovan1;NZAG;darkglobe
GromKiller;VVIN;Flinstoun;ROCK_4ever;bah05;vladimirovich2007;Kold;GarikW;bah_2005;kism;AlexyBond;Aloha_KEKC;GAV4IK;Eliot211;Ferling;Rusana;a_i_n_u;antalium;abers;kkarabass;smeshar77;M_P_A_K;SLON02RUS;bestbroker;furiousdog;xXxRAWENxXx;ElvenKnight;tz3108;ZATOCHI82;Tag567;Tkhin;Dich_;_micron_;kargo68;Yolka_new;Hexfire;Lorelein;Gunsalex;pnpnick;Leo_NNN;exson;Stas862005;KOI
Robaut;axiti;vadimVS;Melan333;Samtle_1;mih1972;SagoI;Le_Gran;Ronhull_Maggot;NuProstoNIK;danet;rjow;Lethos;stepevg;Vereti;bam571;Warrioriss;rotman14;Vedaz;gori4;re_b_e_l__;Rise_of_Death;_RC_;Malkor;vkapustav;The_jester;valtal;Teolan;tunex;Drakonovod;beluj;Gastroler1978;Maziguga;alex993;Utor;grost72;19562504;Exarch;Botar666;exabutam;neon777
slonopotam111;LeonZlo;Blues_BY;potomstvenyu;FN2000;BUGAGA_53;GorKonVik;stalkerokkkl;__Spartanec__;Cekli;laki273;Valerik_ikar;1Serg1;APXE_2;rubchak07;Draiko;vp33;ac2010;Paxta4;demotivator;Raven256;Astapus_master;ShadowCaster;LEaKin;UrsusBalbus;dim555;Skai251;alexdorf1988;kirdar_i_agol;mal1k;andreyko19861410;kostjalarin;Lutienus;angel07;codesh;HideNeon
Barmaley76;orel65;tomalove;ball1;popcorn0880;Blood_Crazy_666;HomoZahapiens;Unbekant;Udaf0;bekakevl1;sergey277677;40Min;Rubiroid_2;lipkin123;Skalansk;GrAfF20;RAV007;2112HLOPEC;filnet;ok65;murlokatam;ericsson;Nord37
Ruthless19;Mnogo;dimams;RB13;Slonopotamus;Baibuz;Siniy_Lom;Keyfin;zaxarovic;ZloiRock;ShadowBuilder14;Natalia_B;simbiozvlad;mrkeramist;vvmax;Kostja95;60rg;Psih_1980;namba;sergeikudryav;test1111
Grrom001;alex2068;angy88;Archy79;bobo26;Taaklis;oem;12051976;milashkaaaa85;Herzel
frauliberzon;Teplotex;Sarducar_rus;KornanD;PresidentRW;tiubik;R0RA;tuz17
Achaman;ivan_t;tassadar4ds;yhn112;MadyyGod;ALISA008;sxv;romus34
APOHAP;qidle;gigikevl;CeZaRb;AKRETIAN;litlepoket;detka3
Darkkeks;Uldemir;_Dark_Master;Antihristfight;Nikola80;__NexT__
foulblow;kaluginart;Jessika7;Uchti;Disperia;Elving
ShadowBuilder13;jim_raynor_2048;Orfej;Morbivod;stil4eg
oTeftelo;mrdim20;rexston;poccu;MagiVolshebnik
Evlampiyy;Nekotyan;sashakrat0;GWS
rinulia;varren1;Konung_Voldemar;Zaze
Sharki1;norwalk07;Night_wolf85
kanash;Vindol;asmadey1976
LittleGnom;valery2303;jokerjoker2
bob1948;huawei;BilRambler
cherepanv;XZC;odissei
NELegion;bomgik;Vicky_Ch
Invisible_Evil;WB888;SNavigator
Raptor7;ua_ss
jkob2;Sergo123
CAH_XAH;Sv9t
prizerak;Kesha1980
rz3djo;Stas_666
BAGZ1977;vnch
lotos_1;Nobody_call
DiFoTeM;Atom_od
Tasuja;AAN1960
OAB;idalgo4
Ice_Rock;Johnny_Sid
flautoman;kosik4ek
Torsian;Austa
vivax4;antipr1
khmyr;DonAlonzo
iBOB;MViper
Sinxrofazitron;Desn2006
sergio1976;telemech
vip2000;el_JEFE
dims_k;Hmik
red_ninja;Volnolom
Handehoh
Arlandino
Milordalex
ZombaKhan
arieinna
AHAPXUST
kanobius
micl
logonet
taak
ann13
Scalper
sistani2
Technik666
kartinochka
andre_8
Bikas
iskdir
Barrent402
IWill
ouragan
a_n_d_r_e_i
wompel
Alexboroda
machinist
Master_bav
gargantua2000
prostoguest
Waldganger
Tirry
lehyi
SAngel
algon
alex3108
beer71
estelle
pigas07
sbagrv
MuKPo6
Frost
Kastrula
Palit
papirownik
Fradkoff
Adam33
viralig
scorp17
Gosik
moskvin
popilluminate
pav5
anw
parmalat
RomanJanFan
djonfit
dwade
Duim
adaptor
nuBac
dk77
VIP511
_A_x_g_N_
gonchar54
FSOL
fadeeva
Perepel
Foriss
mno
mesherator
keshako
Galina_P
sber_max
andy_venol
KinderSam
angelina11091
seriozsam
MyKyLL
Astravod
MAO_VIP
len2
vovan_o
Dibog
Tilarek
DeleGate
PHARAOH_D
Regarro
redaleks
Pillau
energo_eco
MalimonoFF
SESSIL
Arich
accent044
Colt943
juck0808
Kytyza
zleo66
frankds
ESpawnja007
sorter
a_shir
Cozzakki
Fox_l
NuclarDV2010
novichokmip
KaRRRa
vladnfinn
makskorpio
RAKSHAZ
BesUpLcf
Alex_Etom
Posh
Legeoner
rest197077
Shmajser
Marsianin77
Gavroh
twisterr2
aleksb1
Warstiner
Leegor
MAXTTK
Fiks2010
neAngel_Ok
strelok118
TITAH1977
AssassinAltair
noorddd
megaoxygen
Alena222888
Mozka
barna
Dizeli_Power
Dizzon
BBIZON
meshav
Hister
zukmsk
Kot31
JusTaVinO
KALAKOT
stil444eg
VaMaG
pouity
vector7
SHoCK_Steel_Eagle
