opoparbat;02i011;ProstoO;apto;Monto92;FullAI;lukka69;azuroleg;w1978a;Ackot;AlexTar;FreeDarkSoul;agroflora;DeKraft;sevichrap;SaH4e3;DarcSaruman;Daemon712;alengina;123456gg;re_re;adillco;Danto;DarkApple;Alik999;giorg2001;gt1kran;L1gApwnz;spider1;Berit;Mirotvarec;alla_2;vasya29111999;olegstr;KaRaHDaIII;mikhailisakv253;dubmaks;Pawlowin;darrenda;Korveil;Compagno;Burou;windec;x8545;reanimator95;unhollysaint;volk199v;z00l;zukuzoo;kapnord;valkoin;adnon;WTYPMAH;lentiay2008;pipec123;IThunderI;b00l;aleksedmitriev;bazinga;djizakec;sabrae;Garmat;yefimovyefim;kabugi;Gradiol;semnizovcev;BlekDrago;V0v1k911;astar82;PENZA_1;Alexalonekot;sanek2208;xERITIKx;Bambabarik;kandybkin;1978nbvf1978;Archeriuss;sovrus1;TTupaT;cuntaris;dimademan84;VVik;ximikyss;Madorki;dimaushakov;kazanxeva1988;Helena1980;Lavernia;ktv25;Zooluu;nikita09061998;vladi4ka67890;Gotay;StonEDeviL;Dionisius;calc;lexman239;rewww;Kil_Ja_Den;LINKON1983;Udisurma;vafli98;affacor;Edd999;Legolaist;Kensun;kandybon;Forewerman;mikl55555;erkazan;DarkRamzeS;gyron;Coshevar;cablagame;jojoniv;dav1570;pivasik777;Mentnew;elenacheprasva;Trolf;netnet;kv235;Atomic_NSK;Danji68;bajan373;ecolog03;Varkann;IDISUDA;dedall82;sekator74;garibuns;sid01;logalex;PatrushevD;WAD1M;Kras2v4ik;bububul;slugazla;drago9;xFerusx;Surgeon65;jesssa;seredaaleksandr;mopII;blegart;imansipe11;arturatnagylov;Irbisa;Kardon_warlg;alexandrm84;Liseka;176712;majikai;marfel;maxim23komarov;artsapog;Grammozeka;lubany72;AlexJON;faitles;Alreq;bbkkb;Balthasar89;adminLSV;SuperFifa;Novatro;2223;kolyanchik333;ZOMBIss;IBlackRavenI;Lisha;Larkon;nukuta1111c;2gar;Fommka;Ivent;cres;igorput2;mbm1;bolt909;demon5500;crazyall;byrmax;neboaleksej;saturos;prspect;Angel2010;bsnsf70;nata29074;Lion1999;igtisam;HAGAN;askofen;gremlen1;w1nd2k10;gryu;Fadglec;hstopor;AspenALL;squard;gjkz1111;aliceti;orfumap;ZavBaz;semka132;HOMEP2212;Starpom007;PAWNER;Dominans;BlackAxe;torpedadaa;delpwn;Oliti;swistulja;prorider2012;7878998;luk105;karaganda08;DANIK567;McBodik;ZARIZA;zaval98;Mar1o;janikk;Slikkk;Galeon123;Alex_VIP;PyroHard;AmenOsa;yanik01;piroteh;zez2;RAA78;LGato;ramazan05avarec;Ceolit;igrsmukhin3;Gromgaar;Baloda;nicknam;acmacter;Pontorez;lerdan;Mneriel;DON1221;AntonioTomango;1558plnva;F00R;dylib;filipp128;omash211;Hooligan_MRFC;Satiyen;1509ego;Sanek_Suhov;Palabin;blak84;Maikeru;ferwest;Charonchik;chaykovskiy9;ed1975;ggDieu;DenShmel;Stakan250;whiteangle;Altesar;Adolf1234;xANARHIAx;VipDON;IOnibakuI;ussasha;izolda661;denilin;1234r;Anlaress;mariya24;losharic;Kenworth;braian;felix11000;f14;extrimal999;shinyTOY;kazakhstan_alga;sid8686;tarabarerraw;Lukako;valley2000;alexeevyuriy;starychok;D33B29;vok232;plavniy2;Lirik32;vlad76s;Sinedroin;7666722;dopemk;ATLANT1;diversant650;Bergg;ZINTES;avenger33;xChirikx;daymonri;bak21000;podshafe;romkafomkala;evgenybelobaev;full12300;petyaxya;Zakavirka;mordak123;Gutts;vtlzzzd;andzelaend;RUSSIAN009;mario445;Comandore4e;Poulal;Sevrer;Lord_Enigma;Zaharie;Romillionaire;andi0374;vampirrrrrrr;Timbor;sashka543;ytyut11;Kadr_2010;TEMON2439;SerGor82;benzin661;rjcvfc27;SweetWS;shaman1970911;kazan1980;nszwww;daniiltarasov08;deanis_400;Gastrol;warhamer1991;irinabl2008;ZIPUSNY;Zanozabl;ArXiTeKtOrR;kolya469836;18alex95;r3al1ty;Werona;16kot96;VvoVva;anton199415;AirMaster;Denizzz666;TELEC2010;JazzOFF;1kadamaga;terenn;Jim1978;qqwweer;Kerei;zahar_berkut;dumf;azz09;PutiTeng;drakar77;sania9663;Ymnyi;Vatrang;victor133;raggaragga;g00gleb1m;Doctor198;pain1457;PRADOS;Kaban5;TOPTIK;wtx;Dontesss;wkzd;maxterrus;krtaras;max05;Bulker;salawat2000;bigmain;Lekon;prkcity;timofius3;Barat777;Syharuki;Veronicy;SIrin564;Parasonik;aHaHaC42;VIstar;Sashketz;Omgwaar;dr17021987;polis256;antonishin00;UguuSeha;xayal755;kurok88;60JIT;Aserfer;SirOutOfMana;inkognita;Alien2012;jonff;schpunt;still26;Lady_Storm;nwolf27;lazutkinaleksejj;vospitalka;megaherz007;HappyDethday;Jopoliz;Flaming77;malish2000;crakcer;oleg3183;GREGORS;Afeli12;Warwinner;Bolomut;Pashtet231;govadine;AlcoKot88;9194114502;2012fg;SAASDASD;topdawg;CyMpaK42RU;tema111111;_VARLON_;kingn1666;Tyki;ruslanik1991;Doctor007;SinguLyar;Alenka55;dimnchester;vasia0990;staffi_09;RedJarl;karsh;HanstrubaLL;qwer2001;Kalisto_way;smit257;ace74;Gotrik;Turius;vet24;KonGa;DervishPustinnik;zabik963;Fricc;Rossolan;aaaaaap;Businka80;Merlin1;ash243;AntonyMontana;zyc;NasherAlagonder;ildar21;takker_vir;katapult1;loony23;bboorrss;technik666_626;rjrnj;arrrrrrr;hhfgfg;Violetenigma;semenatr;victorija02;voronprk;crusler;qwertpolik;hitman999666;ghnkjliu;smiv73090319762007;helloyin;EnuA;druid_111;gogfa;dimon765679567;RichardDiRiddick;DumBass_97;nathing;Harmon;Rogaliki;lipaninsergejj;LordZ;xDENxx;saderaf;Melianel;bak10000;Old_Butcher;avtobukh;sukamraz;UITROMANIN;DESTINY13;boroboro;maximus124;olgamalets;maruto007;grahiks;Necrogamer;artsapog29;badabum1;evgen19;JanneDARK;Inferno23;intaco;Pavuk;Gerbik;Varro;imns_russia;GIDRAxPONIKA;vano100;batrakD;polyakov21;trokachev;badnesia;sertech;cergeebka;yaroslavtarzan;Laserdanse;Laedan;Viruf;dmb37;Jgy4iyPereC;Zlydzen;corenowsky;RustemKH;AngelSphere;TRUPOVOZCIK;vfvfvfvf;Anderfaker;dima9000;Pash777;Chesko75;Slonim_47;Vovan869;Night_Fantasy;Sviaznoj;vovashac;skorpion11;SenSeles;aynagul;EvilPussy;Nejron;_Spriggan;greisa;GreyJoker;Kaiar;makssema;KBAHT1;apo1990;dukshta77;ren1811;funkytonight;ra4okigor;gena3108;tashakont;aNd2912;Agito94;Wayfaerer;AxxxL;Klub2bheads;preslii;JuanPablo;maxiv608;zxacs;lincoco;talosta;burunduchok2000;devate;BDOOM;pilart;d504;Zerobubus;bak20000;Yurawan;Frisk700;Zmei21;Gabriel86;Serui_Grom;lavad2006;Zlato2010;Foxder;TomRedl;VelesSlav;postrekhin;Mamlin3;bsangel;Matue;fess19740228;nisan33;kirian123;amotin;ravels4;egalancev;CIGAR;gervet;helionix;fds;jefekt;MaIDarI;SD44;140194;KoTRiK;ganjamen12;kowheg;grozaman;PrototypeXII;ribak333;stots;jjhhj;bandrabur;ksergeyi;Virys3000;dhaan;PsideAxe;squaritel;SyperSniper;kalraman;askerovisik;Dokura;Hostelko;big192;Amorfius;zondau;13467;danila00;GrocKHeLL;bkcat;svayzist;greg2007_533;CorNoR;sten666;Keechka;kira1995;a3apHuk;zveroboi666;Aibolit_YuRi;mat2012_685;aEroSm1Th;kyharskajanastja;xam861;alex11ru;TYRES777;sasasha;slavkaaaaru;37813781;sergeaver;Engell;00003;Wazzano;sphereking;dukhnovskijjsergejjl
mmm4a;KilzzZ;Uranum_238;Qadzila;Rasim;tredermlz;bore25;Bax_99;Vikmih34;zxcvbn206;Ranser;DDeN;Hak;dmi5572;Neroin;KATALA;yu_s_ka;mikpir;Heruwims;soho911;Mirror_time;pawelch;otav;PEACOCK;chulok;totaldeath;MsStels;Aict;iryskax;helig;MasterLeo;Dar1001;gordonfrimen21;RVL;sajapin;Torasque;T0Pdog;Wanderer_Avengers;hard59;ours;polkq12;bb02;vans_k;pyogai;svesla;xaak;Ogrim;DuXon;apizartron2009;Daine;Kiberpank;blurps;Kosha;is1n;vandermast2000;FreeTaxi;fxdes;Maikmv;DOOM83;JOHNNNY;Spherekillers;denand;leomir;PA3;Skermort;uralbatyr;xapxap;iluzij;Gromotiag;Serjant_RU;VasVas_1;AndreP;Olegik;doctor_evtanaziolog;Leonya;guriton;Kab_an;Dastaros;Rus43;SIIR29;AlexTG;COOLED;moroz76;andov;adad15320;melgard1974;PUHVINNIVINNI;GHTKFN;KORN_HOLIO90;terehusha;Forte1;devily;Tipalol;dim321;vik111;Kabernet;SH_VLAD;Viking777;Muskuls;Crofab;unistar2003;zz8088;MrPonch;Garik29;aleks06;valdemar1;medovayts;Espiritus;tsalex;Ursuladog;ornament;SpiritSpace;DEN_WR;Fox_F16;Anlain;DarkDracula;Gines;_Genius_;gavrik32;alex_pol;LONEKNIGHT;graf1korde;Zuldik;BIGESTT;the_dark_killer;tj15;sadvakasoff;KosmitoLOG;a13k13;2Sacrifice2;prussen;Teeto;vitalik1111111111;catraveller;Vladimir_ch;SwwS_Sp;Romale;ypppa;unitindex;aichyna;nowbess13;Xiden;Fetus;KAIY;damiroff;Surokus;vetal2603;vasall;Lord_Vik;levev;Stranna;alexaner_p1;miswege;Soleym;Swaco;AStratos;ZaDumka;vasilik;dezm0nd;AlexBat;alex7kristal;McCrane;rus2008;ike444;NASDEC;abkbys;D1vine;sardus;c_b_rsashko;birryuk;YaceK;Nazvi;LeXxXeL;Aiurr;Booch_Z;Yuraner2;Modonas;Avolog;kstar;sanganjubas;PORLEAN;erilia;Zoldy;nikto7878;iswa10;diablohell;_Vasilisa_;pyogai1;jhrf;Efftushkin;Pretvoritel;ssvserg;danneks;dimaaf;Dasymaster;trenzel;Nikolay2006;_admiral_;Prenom;ColuN_K;saint2004;KnightDark;avb96;LTUAirways;pyxidis;d_l;SOFCHIK;Macho_men;Bure10;fibo;SIvanych;XALIFF;moperator;sezik;jukkotik;mig199;Lev4;olegatorru;Tanikkk;rustopik;harma;Cheshirs_cat;spurt;Anton_Loz;senior_web;seim;Gluk_XXL;Dimitrus;feeiia;Zors;Kuroi_Neko;ImpFR;Endorphin11;olya888;kardinalAleko;dr_horror;tiloman;deniskafrol87;FuckWorl;mif_ugra;cherchen;behappy2008;WragII;YuriyCh;Jumas;Intelegent7771;VolodymyrDB;Uffenn;sinco01;Encephalon;Asuha;ARCHIBALIUS;Super_loh;Lukast;sava68;gutalin49;zlatazaz;SBBG1;elfa1;vinograd_81;MAKENTOSH;American_33;caviarchuki;k0n1k;nettoo;cobra555;prizrak116;pet7597;admintdbs;tnova10;InfernoKiller;gramm100;Westa84;VDanil;sidvk;shustrikV;Alien501;schwab;serco;izloti;weew;KBB2008;_serg_simon;Viconte;Nasgil;Staryk;lizardlp;rey_xenos;Maximus79;setanchik;olega1313;svetlyachek;Mawka;Wyatt_Earp;KosmoStalker;OPTEL;DDDiii;pretor_;Ksenik;13uncall;kirgiz;96go;Rise4;krek26
gleb_stav;DimosBebos;pavlinchik1982;M_A_H_N_O;Vesta13;Kingle;Frendix;amore1981;VINIPUH1;SteffID;GSB;CMJKTYRF;red_gremlin;val9322;glavremontnet;kosolap2009;krokozyabrist;614San;Abug;D_har;Shagov;carpintero;aregon;sdeng;VITALIYK;Falstaff;priest1212;Alemann;karabasis;Lord_Reefer;radsh;BloodyFire;ELie;Justas123;priyatnaya;Yrgxor;nigeryoliabz;HALOIN;bolgov;S_H_U_R_I_K;samaly;slavik2006;comrad_cheater;basset77;NorthComer;volk768;vodolejru;pplz;shefalex;Ymbrer;Krotru;dark1239;kroko137;bazil25;DJINNYA;Demon_Punk;Indenix;JJTT;Yntar;ANDREI123456;vlad__99;sovero_2000;lheu4;panpan;chegun;ykreyzer;farhadkk;Spline;Vingilot;Niicka;AlphaSp;Bockpechiy;vik95;lildron;lebourdon;STALKER3000;Kamillla;dsgsdg3;AJNik;akovyrev77;gomenchuk;Toreodor2004;liskaterinka;am0rph;kpovostok;YuresYur;ROVER357;SigisK;lolnoob;theiss;Vitaliy2004;silti;DUPLETN;kul;Erics520;vagabundo;aron;Marrrks;GeniusQ2;NuBorn2009;stray088;blackbosk;_rain_man_;DDT;_bappakyda_;Shurik1964;Kollyann;Furiya;lakifaust;Unbreakible;kent25;Locast;MakuShock;atzek;Goblin_Joker;babamoloda;mazs8;Kaligan;Lopolik;angel_Patriot;ROTKERID;kairon;Nice_guy_kapa;Lagshmiwara;bumahska;Chernysh;rurix;saper59;eksp;Serjaka;Angel_Of_Criminal;AtomRider;ser_gauloises;SlavaCH;Bigkatok;brandenburg;SUNBOG;vilzin;MrPrezident;elen2008;starsphoenix;KassanStVendetta;Geska;mvosnik;Shveik;Nak0;ShadowBuilder;stefanenko20060;nexacuxa;RSHA;Phssthpok;dio73;Vestlana;devona30;davasp;PTOLEMEY_XII;serg72tub;freechij;3anac;mdkChaos;nomitmen;versusVB;Pokrovsky;ProDavec_MANDARINOV;Shadwarrior;MegaStroitel;maizuru;kilermen07;Quendi72rus;zero20000;Tvvin;alcer;folkfair;NAPALMS;mmmm2105;HalfLife2;Dowmntime;Korsun;domok;Marklar;jenus;kopossum;bralexx;Hcuvaka;pupsik219;voraner000;Gel;Aim_Pride;lihoyzlodey;RibkaOxi;alienfarm;WOhobit;dastin2;Austerlitz;zheniasvetlov;PowerGhost;Lin;Neckros;xian;aleksandrK;Stas1988;SolarWind;ashparka;Vlad_M;Gryzzly;v0k;Weana;Botvista;Antaries;JMC12;SISTEMA3;_Lord_Darth_Vader_;wartaz;alial20081;GaoLingun;ORIOH;DumOk;SoulFinder;KpomBeJIb;REKAVER;hottab2009;exhas;GorAndre;homosapiens_ww1;Xedinn;Enigmaman;Bert_Brigden;Eldin;Strannnik2007;kerja_v;Flickering;kvaziboss;Pivkabi;ZaraK;flamesturm;ixux_655;KROKUSTIK;ability2006;Torgvord;sasha_tol;chaizer;Incvezitor;Anastasija;Wolf226;Sonnelon;Mirinda;Yohota;nitro_Forz;wdb221;Sokol_2009;Bucifals;Savard;Prezenter;MuTaToRu;T_K_S;anna61
MerusTadd;Keranozid;twm;BIGsheff;largo14;CrazyGuy;vniva10;TitkovL;Etun;ygra;Smailo;val1970;Desany;Axellus;djalligator08;DmSh;ls01;set198429_269;SPATKI;alexOI;fegner;nashchyokin;6a6a9ga;Samael_V;AndreyDPro84;Tantalun;Nakam;kurkuli;Jafar_bei;liensy2010;multiple;Doubitsky;mishamokva;Fankin;Varvarkon;Akage;tsmu;das1000;Gravedigger1980;korumjailinirsi;nesterenkodi70;24_ION;Kaban4ik_93;AldarXase;antinomy;Kurator1992;dimonfed88;Reizar;trewert;rezzak2008;Gashikniga;a2530;voviktor;Saaddi;juk667;svinoprig;DenisKozlenko;agamemnen_B1;dart_maha;pantshava;danart;Lev198;knopius;YASHERITSA;Schablon;sexyTPEHEP;nopoxoBuk;DARkOMOD;Sonato;Ekrezem;skitalec2010;doktor1352;ba777bai;lexman2393;PiKa4U3;Tabvlad;tawrizow;senator31;stranik27;superharry;sanek1791;Zhirafik;Staircheg;GTDragon;Voin11;koral201017;Terrys;Vfgfbjnd;DjTiToN;Al007;ogrintsova;danila77;alex20111992;TodinOrfen;cema77;Psychopath;541max;tlulax;dartmoll22;BravoZero;KindFox;Pickard;Crazy_Student;glassmaxx;cmolko;Pallpatin;fordmax;27041979;maksumstudent;WandererRUS;ust;festral;swarog1;Zdraitsa;WHZ;Fridom83;faraon93ll;Georgius55;volchok01;akaa;yamtrey;jamshut;ColdWolf;misha_s13;Sheykhan;LoveFeast;realing;BoVoX;Doctor1983;Ledi_L;amihhin;dima246;ligmag;Tashtagol;xanrias;vlaslesh;drert1;MarkDeJunk;Lord_wasya;Gipnokot;Rasdagar;Asylum4;andriu000;alfa152;alexu_dracul;Feanor_s;ogn7474;Ariandr_BY;Dioptimizer;Barkus;RUBECH;Prisrak007;JimboJones;EHTPEPI;nozki69;morcheeba;vladislav309;afinogen255;akaki;D150;rorudo;LVVSparda;kostakin;Stewie123;jekaeme;Vredinka_V;pirasa;chedmun;Whateg;Psychopath_Psol;coxat321;Malignus;Mirymir;AMOHAPA;gargart;starter11;Rarchik;Voron1611;ketsik;RealOtaku;DenisLast;Bayron892;ZoRg777;aleksey200;Machzelet;Ololoshka;zdk0tyt3
Namahs;Xaxaboom;Lars83;jefair;NickHornby;KDAtmXRYST;kastan24;tron777;bahvall;Fight24;Mihailovi4;voron_hallana;AgentF;xzDeNzx;DimKako;z3ro;Natanei;noGodoflife;GOLD7171;lazutkindaniil;rerted;tema4ka;solarbro;AnnitaMult;ShamanTor;Diego_ramirez77;KidaLLa;Enzo;123127;smallkex;061298;67t7i;_RQ_;6LongShot9;Daniel007007;SergSharm;kagashiro;malec1991;AdrenalinUA;fama666;TSV;Said122;kuzmich2112;webabrakadabra;F007;Vitalik_;aleksanderpol;KapraL163;Alex992005;cnaypers;Krumax2;Lunaris;antonsherbakov;Zincum;asaz;Aerona;AmberSoler;romchik2;ZERGSS;llogik;Manglaadar;TANKER;XXllosXX;crazycamel;Svarog13;Lexey2004;wairus;MistOne9;delapro83;DarkKitty;YAROPOLC;addmiral;NightGANIBAL;brian_rus_;Jenik;OgYBaH4uK;Aster_IKS;roman723;zhbobr1;mamelixs;Liurii;ktdusov;colonizator_X;DUMOH4UK;DaDA24;Inquisito;opo77;ramler29;sergiosi;bdfy121;tripoli21;koledaevboris;ADFSS;BringItOn;Speckey;andrey19871112;0000346;router1980;Shustriy88;bercerk2011;vadimmilicia;brodyagashm;gignov;leoromka;Hummernail;Ant2005;Asterod;kirms97;dem39rus;kuzanvit;kormlybobra;Purup;mor36;Rost1k0;tryba55;Dominator128;Vaaal;15121999;gorlach01;aleksandr_klekki;cerep13;king367;DLoToN;G_R_I_N_D_E_R;GromOlga;123456789wer;FeRaSh2o;vov123;maiorov99;Aviateur;McSam;Odyssei_;Larga;sector791;denisasdv
Nikolay_K;Acid34traceur;dovis;viktorijati;dolfiur2090;BaffTar;Vestor;gravewalker;Ugarilos;omarik13;prossion;Lotos;mjakish87;Fyuec;Rich_ard;Feeling;LazyRedFox;bambr0jti;T0MCAT;Werlena;eugen;nismo2001;vicktorx;lex_9;CavaB;1Conchita;Realisimus;Xomeakster;Dominon;Viksan19581604;fliki;AllexxGL;33333333;Antares_;belive33;darius3009;vovakov;piraa;Artes07;xx_xx;BASE1;McDin;MiIIer;Odissej;Tascha15;DAV79;umino;DrFerid;DM21;Best_warrior;segorlanov;CoolHunter;NBK;dima1712974;sergejus55;MSLION;rtj;Burtininkas;Skifia;Blaire;pasha_fash;SPREAD_Eda;djeiman;Alex0ff;Bleep;Salicio;TEIMURAZI;Guest_out_real;MashKa22;Mordikay;navigator1;BHY4EK;Timewaster;nekiy35;gekslit;serti23;vit2008;JanJigyar;flor;blOVER;Nordss;diavol78;4orny;Alfazvezda;lemynara;Tonito
xvat;castor35;gebd;justyumechan;CBOD;ldv100;Addy;a5170x;Bobuin_Best;Serega_asv;crafter12;alex_chau;dimikser;tenebrion;lssdi;dagert1;ALEKSANDRE;Svarogich19;Jenek2002;Guyver58;orknid;02128989;armit;TERADON;tyler2006;radfer1;Uventus;DENTIST16;DitrihTamplier;CyberAngell;OptimaGrand;Lightness;LazyMan;paset;rka1999;JekaVGG;vol4ena;EliteDragon;Viruzz_FFF;SALENTassasin;siltarius;dangerous14;need_for_love;Korabentus;vamas11;Shmak78;BRSG;slonomux;Volandemar;Kaskader66;greatPJ;BORION;smallfox;Lenusichka;Ice_Queen_;yyyy55;sashaketris;pSy_Alucard;kain_7;Lasse;Steklorezzz;Mistek777;markow
hagrig;WOLTik;Aeeeee;Kuzbuyamochi;Katarina_B;kolyacher;vint1996;Royzer;_NEXX_;apelik;Vakarian;getnutz;BugorXII;longer1978;Annita;sim_max;dred87;MoZG_MAGnatix;learyt;Infium;andrey071287;Gen_Grievous;lpm412;nat1r;fv1144;Rybolov;sargorn;monohin;npougoxa;makmak1982;GoldNeon;bichop;nik6577;GDV0001;sozercatel3;stalkersky2;arhimmvb;Minchanka;A202;Veselchak;okvi;edsamer;pasbep100;timofei454;konsol2008;pokerphil;Herbie;KaiKrapivnik;BIZON_M;Negoz;1LOTOS;Exelione;totezone;FeniksPvL;bart2;Hazanuki;nikolaii22;rema22;cruzer255;Obezbasheny;qrufat
112Popugaev;Geeneral;65maikl;Uef1;KY4MA;22cognolio22;KGB07;aleksandr_klekovkin;delapro80;Van_Halen;slimtiger76;levantmark;smallkex2000;dikiyz;ogoniy;pomka40;RI5E;Gromius;wermut78;vlad199906;alien999;apiver1;nata85;vovic_007;SuperGiper;xlordserjx;MikeMG;NeZeD;Muppa;CareerDelTorro;kiikiits;rammstein2012;alextash;AntonFedchin;Recognized;Evangella;Kargana;sokol_infantry;bizonn;biotema99;dim26;suresch;KLAS95;kivmov;cbvtbp1;Shuarol;Tashuka;edelkindmitrijj;kekslerner;Maligos;dada;alex87714;mainteme;FilFilS;Kurfust;sodget1;0zz1;zju;cherenkovagulja;Shturmi
Adamar;Breeze14;guligo;xxLegionerxx;mvvovan1;9091;TOPYC1987;Gori4ua;Uogurt;89028095936;sawkov;Shalaputra999;sharon_levy;EkaterinaMaslova;Push_Ok;few303;kvr65;Ololololo;sila_crash;W_e_s_t_a;ARTOIS74;Progressiveage;barneo;orion4;vint19965;Roctar;marou;Just_Die;Nickolodium;caxa68;_Wyper_;TopSM;darkglobe;nigma83;Comunat;sliwka;Grigar;cossache;ostrov_sokrovish;333kkk7;KZI;dembazh;yPArAH4EK;Valuta;alecsar1985;darrenda_d;newnovamc;NZAG;MilayKroha;LeTToMandello;Hiro_Nakamura;Tauhead;kaarm;icoZORG;Kashiga
KOI;furiousdog;ZATOCHI82;Gunsalex;ROCK_4ever;smeshar77;bah_2005;VVIN;Eliot211;kargo68;ElvenKnight;_micron_;a_i_n_u;Tkhin;kkarabass;Flinstoun;GAV4IK;pnpnick;xXxRAWENxXx;SLON02RUS;GromKiller;Lorelein;kism;exson;antalium;tz3108;Aloha_KEKC;M_P_A_K;GarikW;AlexyBond;Hexfire;Stas862005;vladimirovich2007;bah05;Ferling;Yolka_new;Rusana;Leo_NNN;Kold;abers;Tag567;bestbroker;Dich_
Botar666;Samtle_1;Robaut;re_b_e_l__;danet;NuProstoNIK;Rise_of_Death;bam571;Ronhull_Maggot;Melan333;Utor;Maziguga;beluj;rjow;Exarch;stepevg;exabutam;neon777;Gastroler1978;axiti;19562504;The_jester;Vereti;Drakonovod;Vedaz;Teolan;alex993;_RC_;vkapustav;Warrioriss;Malkor;gori4;mih1972;SagoI;Lethos;rotman14;grost72;tunex;Le_Gran;valtal;vadimVS
demotivator;FN2000;potomstvenyu;GorKonVik;codesh;Lutienus;HideNeon;angel07;Valerik_ikar;LeonZlo;mal1k;stalkerokkkl;Skai251;UrsusBalbus;andreyko19861410;Raven256;ac2010;Draiko;LEaKin;ShadowCaster;kostjalarin;Cekli;alexdorf1988;laki273;dim555;Astapus_master;__Spartanec__;slonopotam111;1Serg1;Paxta4;APXE_2;vp33;rubchak07;kirdar_i_agol;Blues_BY;BUGAGA_53
HomoZahapiens;sergey277677;tomalove;RAV007;Skalansk;Nord37;Unbekant;ball1;ok65;ericsson;murlokatam;filnet;Rubiroid_2;40Min;bekakevl1;lipkin123;Blood_Crazy_666;popcorn0880;Udaf0;Barmaley76;GrAfF20;2112HLOPEC;orel65
Ruthless19;Siniy_Lom;Kostja95;simbiozvlad;Natalia_B;vvmax;Psih_1980;ShadowBuilder14;sergeikudryav;60rg;RB13;test1111;ZloiRock;Keyfin;namba;mrkeramist;Slonopotamus;Baibuz;zaxarovic;Mnogo;dimams
Herzel;angy88;Grrom001;bobo26;Taaklis;12051976;Archy79;oem;alex2068;milashkaaaa85
romus34;yhn112;ALISA008;Achaman;ivan_t;sxv;MadyyGod;tassadar4ds
Teplotex;tuz17;R0RA;KornanD;Sarducar_rus;frauliberzon;tiubik;PresidentRW
APOHAP;detka3;CeZaRb;litlepoket;qidle;gigikevl;AKRETIAN
foulblow;Uchti;Jessika7;kaluginart;Elving;Disperia
Nikola80;_Dark_Master;__NexT__;Darkkeks;Antihristfight;Uldemir
mrdim20;rexston;poccu;oTeftelo;MagiVolshebnik
Morbivod;ShadowBuilder13;Orfej;jim_raynor_2048;stil4eg
sashakrat0;Evlampiyy;Nekotyan;GWS
varren1;Zaze;rinulia;Konung_Voldemar
LittleGnom;jokerjoker2;valery2303
huawei;bob1948;BilRambler
NELegion;Vicky_Ch;bomgik
kanash;asmadey1976;Vindol
WB888;Invisible_Evil;SNavigator
Night_wolf85;norwalk07;Sharki1
cherepanv;odissei;XZC
Kesha1980;prizerak
rz3djo;Stas_666
antipr1;vivax4
khmyr;DonAlonzo
MViper;iBOB
Sinxrofazitron;Desn2006
red_ninja;Volnolom
Sergo123;jkob2
Raptor7;ua_ss
sergio1976;telemech
Austa;Torsian
Nobody_call;lotos_1
Tasuja;AAN1960
Ice_Rock;Johnny_Sid
flautoman;kosik4ek
OAB;idalgo4
Atom_od;DiFoTeM
el_JEFE;vip2000
BAGZ1977;vnch
dims_k;Hmik
Sv9t;CAH_XAH
VaMaG
Waldganger
lehyi
viralig
Kot31
accent044
redaleks
Barrent402
machinist
moskvin
Legeoner
_A_x_g_N_
Tilarek
SESSIL
megaoxygen
Leegor
FSOL
KinderSam
BesUpLcf
djonfit
sistani2
IWill
Dizeli_Power
kanobius
stil444eg
sber_max
NuclarDV2010
SHoCK_Steel_Eagle
Posh
Fiks2010
angelina11091
Handehoh
Dizzon
popilluminate
andre_8
PHARAOH_D
neAngel_Ok
makskorpio
juck0808
pouity
papirownik
RAKSHAZ
Milordalex
Warstiner
MyKyLL
MAXTTK
ouragan
BBIZON
prostoguest
Master_bav
beer71
sorter
estelle
Cozzakki
seriozsam
anw
MalimonoFF
iskdir
scorp17
andy_venol
meshav
Alexboroda
Tirry
Marsianin77
Arich
Technik666
Duim
Hister
pigas07
Fox_l
Colt943
Bikas
Adam33
Foriss
ESpawnja007
Gavroh
micl
zleo66
Palit
twisterr2
Gosik
Astravod
AssassinAltair
Scalper
dwade
frankds
nuBac
VIP511
novichokmip
gargantua2000
Shmajser
dk77
a_n_d_r_e_i
Dibog
keshako
ann13
Frost
Perepel
RomanJanFan
algon
Galina_P
vector7
vladnfinn
parmalat
DeleGate
Regarro
a_shir
aleksb1
rest197077
sbagrv
kartinochka
arieinna
Alex_Etom
logonet
Kytyza
vovan_o
zukmsk
alex3108
fadeeva
noorddd
Fradkoff
ZombaKhan
mesherator
len2
KaRRRa
MAO_VIP
JusTaVinO
AHAPXUST
gonchar54
barna
mno
energo_eco
adaptor
KALAKOT
Kastrula
pav5
SAngel
MuKPo6
taak
Arlandino
Mozka
wompel
TITAH1977
strelok118
Alena222888
Pillau
