Leto_II;R_I_S_E;sergeypsb;cargoman1;max1999;Fridenn;vansurr;_BOCTOK_;rka1999;SmeSmeS;mogul02;Noprofi;guest12;scaner555;Omelya;WolosD;Wolfangel;_BarY_;Sparra;dikusar07;ExTR66;varvar18;vikstar;goldbussines;DildYA;Orion_0;KuPb;DobermanXXX;Chingisxan1;Jaguar2009;4uDaK_OFF;pserg;granta;MUPAHT;marfa30;Vodka_gud;ApTEeeM;lizardlp;bratt2;Perm;KARD1NAL;BattleBim;L0l;lewin11;soratnik;kaleni4;Garrat;adragon;beistand;Eddileo;xpxp;_sanders_;Yurij;LuiXIV;Ivan7777;AnakZendel;alastisgreat;ura7ura7;FetFrumos1;exStager;corvinus2006;muxoslon;MVGNN;IiIsidhaIiI;bosk1;Schamasch;xGalahadx;Calderon;FL1NT;runat1;cozum;4elovek_Farsh;myrl;unset;LUMBA;GagarinAlexx;minhertz1;Spartak_leader;artekarpov;LeoFighter;algebroid;shamanbrujo3;VANGUTUZ;RavenGuard;elizar1;bagan;finasi;LarryLamerLaffer;Terrakota;Mirgorod;matrix_ret1;pokimono;veselLacoste;madest_max;zzz0zzz0zzz;w4r;RaubTieR666;Tresst;Flexs;Trance5;VarVara232;jazzzon;Starwoi;laton;daniilslv;qaedtg;lesandr4444;BLACK_RED;orgie77;andromeda_ut;NIKEreal;clow99;gobbblin;MuHoTaBp_dl;Meritorius;Interfector;MrZed;muskaJA;Djack_UA;BBC280900;Kalerian;AWCVn;Tarik112;TEROLI;poccu;dudalitl;genadev0;Corbin22;Keemer;Doktor2009;kirill1US;A1Tis;Cyberian2;Tigrenok_LOVE;iimolodoyi;ndrei703;DJJapanese;vopros76;byxo;ShamanFantom;klainon;PsyBEAM;war1968;GORLOVKA;Mordyko;AJleshka;Snowboarder;NightWolf1;DPower2;MotoAgent;LaV_is;martial1;vinnichka777;Jack_Patterson;Chalet2010;KytyzovS;Lenin1941;CrazyFluger;javana;pokrmon;Ancifer;Rebelqwe;bbmpavel;Cixlid;Almalish;Valeratom;VKTR;koka_drandeli;mao3107;AlBigBoi;Bionicl;demokrit;IvanTheGreate;Dimitrius555;WladimirS;V_O_R_A_N_E_R;slasher76;Nicole1982;Lord_Zolo;Bayda;Koval76;Uitka;Esmeraldes;maza_letit;DSantyaga;Nika_Prem;qwasok;R0B0B0T;Mimolia;Tepp;Secher;lienswar;djo_k;PivKing;lejja;kain_7;crazik;Tankomat;makar77;_Morpheus_;psihozz;Baqteria;Freddi_Krjuger;GeneralTAU;emppu;RedBishep;Ibra79;ASUSTek;minefield;sharikof;asad2702;uDAV70;ykorotia;SEKSET;Termar;DarkSPAM;ytvfz;MrBrabus;helsus;FENIX_de_PSOL;OXOTHuK33;Caress27;Arlandino;Ghos7t;_AGER_;hi22man;alexz73;xMEGASx;DrZivert;xpamoi;dogoi;volga768;zveronos;lancaster797;pasha20005;Izia_Katsman;KVL;where;DaFFiN;spAceAce;PavlIK_MorozOFF;AngelC;ibra797;wsxesz;alegro99;hollywoos2;dobrik0072;kashmarus;Gorthaurpwnz;Giliantor;Maks1702;DimonMillion;Darkslider;Lifeform76;Tua_de_Nertus;runtici;POGRANI4NIK;skinettc;burilshik;vedomina;laralara;Ligero;tavroid;maaak;Sukor;titanozavr;Kiroona;fomenkoo;qwatrum;Nikolette07;Cumran;YHECY_BCE;Vedaz;KPOT_SERF;Votek;clavicus;Sergick;koroos;_KPOHOC_;III0K;space_wanderer;Protiy;Vintovkin;CoToP;YouAllDie;morganataka;INAEA;Serezhenka;Rosh_tzevet;apgoi;Jarptichka;fodes;Tiderian;olegavin;slayer3;Kazimbek;b0mzh;Strach;grayguard;Dream77;balysh;CaM_Sasha;Chum06;Strateg23;chupakaprika;K_U_G_U_A_R;2you;BUWEHKA;montoja1;kamonishe;lvica99;pekasso;GRU_OFFICE;_VARLONEC_;ya_tut;alfalir;maximussis;semgrbunkv;Likvius;KAS13;ZigZauer;Ronkorn;Maxaxa;Klirikon;otto2;astrasis;listik_nv;Eduardo76;El_Sabat;Soldat2;Vinto;GONCHAROFF;dun44444;shok25;nidnob;D4040;Terrakonus;Marssianin;BLUNT_me;ilyas666;Jupiterr;lesya_78;musm31;Renei;olia393;Posseydon;AFrad;Kirasa;CrazySewere;brui;yns100;MakZmei;Tigerr32;Gvard3;DiPso;MertvyeZvezdy;Arich;prividenice;nata555101;1guru1;AlexABoy;ieggo2;gimalay1;AlexKPOT;1Petr1;dite;BETEP_OK;NikNikEr;Tanusa;lecs234;centr1x;kinier;antlas;DENIS2612;DumOk;jugls;lioxa13;DSMonitoring;GGmmbbHH;BNegetive;Speeder;AndreyKSs;tramp_corporation;WildCatRu;Yakim81;Django;dryganov;omelchenkodenis;A245;AndyH;xBOJIKx;lzot;CTUPKA;Azagh;Silver_ray;Cryogenic777;zatochkin;kineskop11;BarMALeyss;maksam;kombo1;DLis;stranniks2006;KAPAKYM;Saratsin81test;AZGuran;khronik;Ganzer;tou01;SOUTHWIND07;udav1970;SpambotTerror;Zestyan;borisfatnev;El_Fantasm;Termuha;dase11;shurafrog;Amazonka;k2rvist;RIA1;AlArS_;filipf;Drakon_DSS;monarchist;PREFECTOR;McTiTeL6;anna61;ruslanp1;Deamand;R_tiki;aimorion;Fantom_s;ak74z;rayne59;art606;kotok200580;BINACOR;405;chumak5541;Ksantiaya;blueboar;RarEran;Usatiy;Gippo;stesha27;sania106;LeKris;Munghauzen;winston555;evgenijkhokhlov;davidoffline;Inter_City_Firm;evgenisaev;Sowing_death;nirvana9;Bugsbunnyrabbit;VTEC;VeterinaR91;VeNoM2005;hagencom;Vedzmak;azxer;cpu222;LOGIST222;gladiftor;kingmax2007;Valkoval;MrDrew;zona_51;zhvacka;anfiska67;konstantinprov;Krasserg;freetime;alexk777;EscobarfromChisinau;v7v7v7;mudrij;belokrylin1;UCSUHTA;flumber;GenaKrokodil;vigan;Metrodotel;kind_genie;araratmedved;Azelo6;Fendersons;WETROW;loco1988;zaver3;kueBJIaiHeH;Hegle;infill;Zloy27;war2007;Brost;eeeSTALKEReee;mr_mokys;buro_uslug;nikitarechkunov89;courteous;BuJIbI;magnet27;lizza;Firetrol;asder123456789;Stephenlab;ttaann;Generalwars;shater11;PsiKillerEX;Zauer;Sub_Lien;garuchillo;maksV;Albertgor;Hudson19;Vla69mir;_NoName;DimON07;autbek;Esmerald;skipus09;Ozik;Lutic;svcart;Govrysha;LexusX;skywitch;Damax;traydermen;Gyroskop;woodooas;MadamWunder;cost;zigan1900;vitkolyasamail;gjga0000;___L___;vitalik001;Renig;pollution3;TbMA999;DarkLord3000;geer30;fontox;Eliney;Doktorgre;Fobia_K;volk_mag_66;valkiriya_Grom;Andarfin_S;Onnill;hg_hg;levantmark;Aleksandr_;sam_jan;Romansk76;robertelf;auir;vaybin;Volnolom;zoodxxx;FSOL;GeVolk
hamerrrmen999666;Odnonogij;razrushitelzvezd;Easyevil;Chtozah;X3313;eneiko;TheByte;terrawinger;Parac73;V_I_V;digsar;IronHand;karies01;xxxMakedonskyxxx;viktorinessa;MickJager;dragonnic;Vorsar;Summy;mademn;MrLesbos;derasid;_prizzrak_;k1a;killVasek;alexeyar;ivuchka2;Kamio;bec000;Uhbibyf;cashkya;taverr;Tsar313;Seltam;PaganLord;belarmahim;Last_person;Thousandsons;MSV1;Wallen;beboba;krasilo;minor9090;ipd2012;rodxxl;asabist;kotonec89;nicolya;MARINaaaaa;postale;Dashyki;andres29;Replikator777;king2012;oAlekseyo;metafenix;kobra231;Vecherok;Talkingmytime;gonzabonza;j123r37;lio10144_125;klimov1170;MEFISTO345;Flere;osmenoska;moroz201017;KotAGG;arch12;00700700;dliaigr1;sanya1945;Arnholp;MisteryPRO;grandlooser;Map4;voin8887;kizilchik;nightserfer;Sokol1997;MAKSIM2002;Taekun;Hagiz;ush22;n141;INFILTRATOR61;Notes;Sergey_2979;1090;leoppardsan;Romhcik;XXX_007;elenaperegud;MILITARIleonid;soof1cs;lider9;Natatutu;Kite840;kaljan5;minskoleg;kirpich44;Edelweysse;sailex;DaYzer;dik67;pletiollis;Tony_Stark;25vlad25;artik1997;922533;ivanishheva0;begemotishe;GODj;anibus00;Muakarenko;nikitasik;zharavin;sibgatullinmrt;Lunya;Nikita_S;yjrc;litvin911;justcause;DrAgONNN;mitsuo;bika552;nik5555;bolt72;Airat1234;Mr_Anderson;RedGreenHooligan;SunSoniK;Tairesh;russia_davai;xxIEZUITxx;Ma0;kirillvotinov;ShamanVSX;BlackMonster66;v1ct1m;mr_Brown;Dron4ik777;ullek;granula;666tom666;taell;Redchrom;Prondal666;darunka2006;arseniisin;teranovs;pashokden;888q878;Strel1995;AzyaT;Blagi;Xoxol555;shaxxxter;Mazzdie;neo17;vbnz10;melincean;Kayann;sham777;Max_MouSe;Retamon;Telum;waraon;Panterka_LOVE;romeo260189;bbb000;Nalen;andreykroschenko;bub1000;jazzboy;sergig;antikloun2008;perveev0;khabaro;himmir;17897kalipo;DeathShad;KimSegrey;zerg2515;wmbigd;TIGRIANIAN;DiversantKylibin;Persey_007;DrWar;privalovak08;Tramadoll;danill;kirov43;Am0K;feodorloktev;zaj2003;Horde1;viktorbarbahin;vafinafarida;Atomic_Kitten;bubona;shfchf;krapir;Pronya14;svarog_133;golovanjuk;SemSkiller;buvalu;mixabm;EviL14;Super123;Lfybkrkfcc;Nosferatustin;aglet;knyzevladimir;danilamorg;amfi82;mashacherkashina;stanislavni;demin145;zlosnu;SAT888;Sallnar;ggidro;Ehanbabai;MetroMan32;xazzax59;haghok;BItBOx;gosorganrf;nikita_lysikov15;kshrgtv;zihar1;nik002;ShadOvFF;hexkey;graf333;lord475824;mare1905q;klon00;Sipidir;NINZIA1;rfsftsefgaydgst;Larvek;rulezby;davydovilay;balkanabat65;evso79;Skinny26;raul1999;asmodius83;semnovnik;daniil4537;Dred1031;ngreg97;Elmorian;Anti_Bacterial;Maks4;fikls;Sereja09;Assasin05;klass1;oht;VooDooSerg;Hoob55;SVdusk;Plant_M;kim12;neo1755;bash_nya;SkyWizard;yarkobaron;Imminence;goiden3112;Mikorus;BaronDune;kakastiks4;Laeryel;johng;kavik;Kri4alca;grandlord;vladsteyr;irinadmitrieva2;killertomato;shimchuk84;natashattmina;Vovan400707;KPUDOH;Nekitosss;Grsergey;Ingenep;KIvan92;Warcrafter2012;helgaalex;Razl;acab1400;painkiller443;Silver_Snake_I;serlood;davidbizon;Leto14;Chernigovka;McHar;agolovas;GoZyS;garmoniaif;yura9922;anastasiya1210;WildEG;Sellex;HHelga;VFRCB;volfw;lkjp;sergeu5555;bobreniatko1808;711601;dmitryalexeeff;Kro5hka_Enot;TerroRik;ArhAngel2007;CrashXX;dodon081;lupuliac;MPayne;Cherepancha1979;vova19861_333;qze;arka2004;Arlin;ktdfyec;gtnq9797;T1FozZ;hokopin;Povsi;SibiryaN;nikitos234;alfaI3;kypitman;ArDoR_92;sg07;Wasd666;kulhik;MBoSS;cmoke;Templ_PRO;baza25;cimmer67;vfrcbvg;belyi888;kirill1223;Diokletian_spqr;alikoss1;qdqsa;6992315;1122333qwe;Boris7777;crechet28;SONINQ;Incub_69;hawkTor;djsem;Machochina;danikkk;devilman2177;Galaktix;antoksa;GRIF007;mak149;aleksej1996;hjvghfvgh;Dramonique;tmazovka;Bifacial;dimonath;crouser105;Jorra;ProWAR;MrBEST;Galgiuet;Din19;TOURERGTR;hanklod;Wernertoset;Vilniuskyi;KorifeiKorifei;leonard07711;Antariys;Mogok;mainpost;HA3APET;DavianTul;moreson;Nimlot74;Butkurat;lotosXXX;3JIou_BouH;Anubys44;brukva_brukva;madd2008;Grielom;koks16;Westie;breikistt;Dino14;merach;Chelovech10;XacTPeD;Sad_Evil;nik_com;Baon;link2_95;mariannakot;FLUER;nitrojump;mongaszver;Titan39;usvl;pankratevan;Kaykanva;sperwsea;Louxerx1;shv0nder;korsar99sts;lord2004new;bobonya;atawarno;ivan19850;VVandering;gvozdomet;DiNoZawR88;Dangll;lsn75;DROBAH;dyxxon;kipwoker;Hz_MACHO;Golovan79;kirillvos;tts801;Poltorashka;v111vv;zaharov_048;petzl;Ulfmar;larryVI;romanpc;Drache999;iskraWSW;andreimazer;alekssey380;AidarS;Scaurus666;fktrctq57;SmiLeSnaKe;LuckyFox;Nickles;DimaGall;bec_klin;lohmandei;odae1;gnoomish
okbr;yurs2;king76;_demos_;Alembic;nika0808;mihelkon;Russiyanin;Kilter;pyxidis;FCB_72;bestorg;sergeQUDR;_Exodus_;serggornostay;New_Rixa;Nagibators;gendelf67;annatomic;mikestart;sergeBIG;Nogri;SlaF74;791VLAD;marinatim77;serg112;Koteyko;ANTARfx;profis;DronGnom;vlad62fcz;Tokse_do_Mask;Edmond69;Gaspar_Lemark;Bapsak1;Jonhson;invasor;aleksis2;Kora1;anti_psol;Wasil;Prigorshnya;klon69;massam3333;dregard;sarmat18;pedropedro;mixailv2011;ggavr;ReistlinMadgere;Big_Liensu;StaffacarTerma;ybivon;Haligali10;Richard_Riddick;AgenT657848366384435;Peridromophil;MEXAHUK_OFF;korasson;neon777;Sfinks06;NibiruMen;budulaj6;SmallPascal;Neux;bb7;Sparkiss;nebesnyi_angel;__Dezmond__;Borland17;begemot_1972;lordmag267;simvolic11;heteko;soulfist;GreyDragonII;alexstrade;XXXIV;GCT;Reklio;Abnegati0n;Fanatisimo;TanSAS;3OMBIK8378;AguinagA;koljan1;adromed;infantry;innamiv;Progressiveage;XoIoX;stafiki;DeathAura;DanVoice;Leoal;Daine;Fima0917;Gregorus;azatmoney;Gregor88;ula17275_417;Dark_Necro;Ivanopulus;Aleqsandre;grendolf;Leola;Kiturami;leva5spn;Klermon;Teinn;nettoo;VasyaLambada;Bor;tigr12;Pistolero;Sadist_tigra;Lagshmiwara;abdk;Dimkoff;nagger_00;Birusa;pavigor;vac974;yahozyain;peugep;TheObjective;Apophis911;AlexStarkov;19451945;serglaputin01;CTPELOK777;swichON;pokuz;ObiWonKenobi;Antoninka;shabali;serg060rus;Discel;sirin2000;Ferling;andriyky;Uastirdgi;myxomop3D;egorievsk;Psich;Tory_Camber;Cykpe;Ballooo;26272kalipso;Kol4ak;Gaywer;603as;ich18i_365;Devostator3000;Spoony87;qqqqq5;alexnsk;Gazan4;serg0504;Botar666;keep_out;crush_u;arozi4;zedbi;Lavrikus1;oix;Speculator;Tikituki;MrEvolIntent;stifler007;do0zy;__HITMAN__;antiPC;moodeelo;alexscom;Koralis;Brut13;SLeepnOT;An911;102601;jetrover;NikolaevA;kremn;ForestGreen;Mcmacinti;vlad969;7ups;dryn13;Maximus555;visloukh;Flash_ars;Apsurda;Burzhuy86;vodich99;RedWar;TempusYoda;sanya_8891;Nagval77;yankozher;RULEZZZzzz;Paspb;safren;PhNecro;AGARUMS;DigitalHell;gofmeister17;hameleon2011;CandyA;Pgarry;6epcepkep_ka;shooler;PavelPolunin;GFAN;SIDNT1;mypmt;mrigo;codesh;licapolo;deserts_eagle;OLGANET;GUD_VIN;Phoessus;j131;Ferryrai;antiaborigen;wild_dancer;BULATzp;7979777;AniMashka;noStyleXaoc;FeNUMe;wowand;faiter_arena;Alexxx2010;komul;killpsol;MidnightBanshee;fur4ik;diadimov;bobbi_z;dzhonja;Zan000;Wingy;ALEX_POBEDA;Boroda113;V_ipe_R;Fraulein;ujine77;TITTANN;shkin00;bb1112007;Batic;rook552;Mih_OZ;NataK;elecab;Ukr_1;findelo;ttttttaljanych;Nahodka12;bazilio85;Zordog;Shrekus;hanf13;Nazgulka;Vakula_K;GrayTempus;Egor_L;megamaster2;b0r0vik;Archangel2004;galanbuty;TropinAleksei;seamur73;dorofesor;AlexKultaevski;Brakaziabra;MetrAndiR1;bobmeddd;corwin1;Skyle;zahodinikola;west001;Orge;EASmik;empire_zhenyaru;lelik737699;Drakon54;Rusbus;wook71;DarkRaven777;pilgrim6;arhangel7s;seva71;berezhnoyalex;beofulf;Papajuck;parfenoff;oksana1389;MEPTBbIE_CHbI;Medvejonak;samuelldoom;dikmax8;mitios;MAKSunny;sv79sv;SadAngel;Quadrus;ninani;ndl01;barmaley_avk;Dimonatc;IELTS;TSB118;DarGrey;chaynik666;lord_Alukard;iconed;mozdok;artivarius;Hamelion_AVK;Winston;malta20052;gb500;likamsm;PjotrMahh1;Riconoyd;ser343;Executer;yancharin;festerion;knyazjuk;vada811;filgrey;tukserleo;dmitrijjfil_925;DoctorCrea;PerOs;Neex;tropogon;_Sesshomaru_;Bisu_tevs;IvanTheGreat;BlackSpot;Encephalon;Murrr555;is1n;vinskiy_ta;crimp23;Dikay;vagabundo;kurmis123;LilBIG;Mogetbyt
Walerich;Von_Claussen;ultratopor;aProxy2124;Alex_Volans;roman723;ilia2008;DarkJoker1992;Artur543;Tigr_Ubiytsa;tssu;Massacre;kapus;fox33new;Kaifatum;nestorwoland;censored94;real02rus;Imperor1;InokAW;Ps1ch0;Mengsk;nata281;zer21;onesimple;Pakernak;MaXIMuMs;Maniac59rus;LaeK;TIJY;Wernet;serik0791;Varezhka;Amig0o;vovicx;teoty;1_Mag_1;Bandor;lokolaif;jennestra;Etunheym;alexx2802;den471;pank009;samyro;564611ps;Maloyyy;ProKail;H0MPAIN;L6472;igordyrnov;22307;cherniaev;daedara123;08vova80;TREZVYAK;strelok71;skripkin013;DEXTER05;denisdem888;lexins1987a;PMD;weritas82;Kanzaki;zignich;kessoron;Ertis;Axyi;qwert14;vivivana;DarkResidence;sotmegadoom;valentin2208;junoreactor;adam666;Evil103;molot1981;Alexandr5555;xkx990;regidron;GreaterDemon;SanyaSav;Servus_Mori;TANKER;20kenni11;Irsin;Poziv;804g;qqqqqwwwwwvvvvv;saneksam______;starkoigor;dstiny_sphere;werdert;john_locke;_wowa_;alximik238723;serdgion18;13542;gyc;wert1647;arhiepiscop;albina357;vozd;kekccc;Bopnc;korotist01;rthtyehjtyj;cod68;Hunter_of_Dune;13demoon;PabbuH;binovih;_Ruver_;rufan;SaShA1397;zaqzaqzaq;limone07;Serovich;inuar;ciceron1488;zormax;DeaTHfoBOSS;Mensar;HOHOLRO;kaktus10100;qazxsw12345678;Enard;feyasbitoy;dregman;shakipka;Felissa;Psycho22;_viccc_;Yar0901;1mystafa1;natafomina07;misskoshka;meeeeeeen;YAZANOZA;litteduard;ovarbxamux;FLOOODER;Vanes7;leliksec;_Madness_;cat1001001;Jorik83;fantom227;rbus7;maliboga;davidgg;Lucasio;GADver;Jonki;WWWise;zabl;nazar25101;GRYBIAN;masterzargo1;kori86;deervi;vpicicurov;gura_saluqi;Lightness;MickeyLite;Bio_Panzer;Pestizcid;molossyizazii;8317;LeMaf;AngusLerma;Blackball;Fyndyk;1322;FanDynamo;Andrey173;Volx;alewe;Vangarat;sommerman;Cop4eniy;Tagot;alebas;romailka;yaguarmen;german8052002;keks201281;AntonFedchin;Ermann;olax7;78963214567;Sergeys91;Antonea2003;akimom;berline;qrbat;aitair;Fardens;toly3379;voingthcbq;maksimgik13;1delphi1;NIKNIK20000;dorgeiit;TheBoomnew;vova212;Lagranj;horus2171;Novisemann;appocalipse;DuBeP;ybrbnf167;hanrahashiv;roma1607;Oblom_Ok;shurik13112007;rifat98;maks999;50516;igrmin;foma54;rostik123k;Molimonov;Dejmos86;MrakIV;Credo2008;Allroy;slava150889;noliche;2000000000;TRINIDAD333;svetlichok24;ssasid;djeik;nikolasha01;davidhairutdinov;ZubenkoSergey;PUCJLAH;yarikFin;jenchee;kingringnik;zavzav;Kali;Spadeeus;c4rnag3;cott;shpyki;shlomo122;SANILAGO;Insic;dik123;gfygtq;MegaKaps;bondarevsky;farafas;monsterkill229;bestbrowsergames;den_killer_for;Dewersanted;shkvarun1985;Taleron;dtqdjy;ntsstn;opapa;Rsand;puma34;BaChoK;kilos88;Izverg2011;ostapiklviv;slesar234;kazennovruslan;scrat08;baltika78;99887766;Despradon;CTPAXOB;bli44;folen2;Raoul_Duke;ivanchyk2009;KatyaRaznaya;3213214321;Sanguinor;irinuhka;olegvorobiev0;Shadow_W;lennar55;Illiuin;korsik1;zhinguan;Transform;8mixa11111;abkap;alenka2012;niouz;TAMERLANgoro;actionpay_123;LEI_WULONG;_PS_;sergejjziverts;lopon;c4199347;supertopor;tryes;9220083;Dimcheg;ARSENII547;gosha83u;Yasur_sir;Astronaftik
YasiaBOB;umcaumc;Teplograd;Dadkas;mop777;Ziva;nodlehs;Ravildos;kragius;ZloiBabai;WarSoul;PeopleWar;togort;Stelsss;kuler234;elenamarina2;TIKUNA;uncleBlack;HemoH;chemidzma;mna25051977;gennadij;zufa65;Duntarchik;VASILISK2;mimikri2009;Svityaz;Luciendar;JekaVGG;TpaHcu;Vitold138;AcousticGuitar;mouseartiom;Antyk321;trizzz;Negativus;toscna551;David2009;iMac;I22;DARKLORDSIT;antonks;Abemay;Iskusitel;TERADON;BS_Galactica;LeoJan;LJ999;lpilipjob;Bill901;abkbys;Z_Nen;moonligt07;xXxRAWENxXx;olegneverov;Grostovsky;MstislavaSergeevna;glagol01;beeline131;M_c_D;mrPooh;Bukinshtain;rsad;NotAngell;Laedar777;pewpew100500;bogenregen;mamed78;rosa25;VamfiriLina;shrekin1;VOVA1999;LORD_war;dem_yn;SunFade;wolfmaster83;Repoise;drakochaa12341;alex2snikers;yamaxa71;assasln;serdeschnik;ruslyk;maximus6412009;davidclan;Ruse;Mudriy;6493;sumta;Kripl;artjomkawskim;sanilo;gg_Rasta;Realhell_3;rj16;nbhj;Enzo;asdfgh1702;Lukast;archi19561;Realhell;Realhell_2;kostik74;gordeewasvetlana;Kostas77;flick_norman;Lenusichka;tukankusok;Warrioriss;vetalson7;ARGUS89;mast1801;FreeRock;vovapered;jamshhikvvas;broni4ka;Nepran;SOTNIK_111;darvinvich;Next2702;ann77847597;Art_Ghost;aldun;cobila;AragornMG;Shakal900;tamamis;blackvit;Vadek;guriton;chemikee;bflad94;ssebeshuk;CAyPOH223;Chipper;Viper1990;ILTENORE;DeathOnline;sensitivum;Koc;nistan;sasha2ru;GostPovar;Raznos;Dimonlg;Alex281;Solarian;gun1909;FaL_LoV;DEONIC;dirchik;GenaralDenis;Dark_Dragon_;Vahadit;mazanderan;schmell;patrisia;AOTI;stamby;BloodRazor;HuKaHeT;T_R_I_S_T_A_N;selar;kablo0;Anubes;serkot23;alerjo;Abeatle;RozWAR;qvaker007;Digray;padre1990;Forsa;tamplier70;TARGON92;Ralast;SoulLinker;cinemax;grimgold;Aromes;_Passerby_;_MM_;GreedSoul;DarLord;Steel_Rat77;dartor;ban007;djampoker;HanKi;jangirson;Nekront;Copatel;sfHunter;kviria;XAM2Mer;tamaykin;Kartazon;byyyy;kuku17;puk17;tuk_tuk_tuk;mirnaja_kolbasa;Teraksor;PELENK;Eda_23;VICTORY_DS;Equuleus;ElvenKnight;Ollrite;Lord_Juggernaut;ikimaki;danien;psolovorodav;Xflat;mr_demoniko;wyatt_earp101;Alkondar;radik_d;Solutus;lex9913;chudak2010;nikolaevs;v_r_b;Petr0vi4;BiTs73;kokochino2;dun4000;SemProffi;Insekk;Agrafa85;ctasstasov;Forever_and_Neve;alexprogr;Tutankhamen;vbkrf;Jenia0079;kolaar;sanea2009;Soup94;Ravilianski;guligo;KIRILL9;zalczeler;Troaynec1;Desetin;Beatnik;Gargard;NOSLEEP;Alexey_N;zoluchka;Desitin
antiviruscm;Natamar;Gines;seroleoni;mas1233;warmechan;Vikodin;tr0ty1;athlonxx;ryjgrf69;maznatasha;Lapwing;Maksimilian1981;mike308;Caesar1984;SkyRunn3r;Dude666;ErSquadAssault;labull;cj777;jkkt;serega72;Unknown_Erorr;Sibami;its2easy4me;segaass;lord_spawn1981;Goblak;tssim;reweramk;dekard13;ammert2;angeldaf;darkstriker;petr7778;revoleks;Yohohoo;EBERRON;yoda_0II;EXEqT0R;VVVV63;artem2222;Kingas;veleyr;ryk3;DjoniKuBiK;Proton65;Alisdefonte;IplayYOUcry;VAU_1971;evgenii99;alex1681;argishti;censor2005;futbolist7;Swetlaya6791;Kalsterius;NohnoiDozor;akvalon;denyum;gariboy;stardancer;nwer;Zmeyenok_UA;lexoz671;Takmak;SARGRTAL;danil000;soniksa;yura555;Farplane;ajlukard;Tor2004;Boogyman24;Zeratul2005;s2007aa;gorbyl;RomaShka_ZVER;slava355355;Mamonth;Hupec;resedentt;Muntoya;DIZAUR;Abgvalder;infilden;xivilai;Rada2207;OrestAres;azarro627;redisonkkk;Adduction;galinakonovalova77;dyn_prosloy;qwertyccce;MALDER666;GLAUKOMA;q2s;leitor;TORNADOx99;sansta;lujja;LOKI;fiwa;borada;emvol;Ralfair;Sasha_king;galeoner;Kawasi;Linnet;Komasu;nik7777;Zorggera;Swad0w;Osiris_;Halk_151185;remmaj;bozell;deymos34;9067240264;Defektos;MaFFiK;NZAG;Gastroler78;Nothrog;pqpaq;ronnin;JustFate;Padladin;ApolloSkream;Footballist;bsv67;ioannsolntsev;emilymydog;SarGonJIS;SVeronika;Mix17;Area25;2k7BloodDemon;strilok3305;Viseman;massiliu;Rond72;VorTerraner;aferatver2;MarAmiR;RETERY;Yahoo_eu;dushikfan;fagimas2009;Orcinus_orca;Zeleznoe_Puzo;ol_vl;Leoo7777;13tatarin;ChelAxe;Dumbledor;tcb_ltd;sizesword;_KTO_TUT_;L0K1G0D;DIX78;ssasss;BIGZLO;YURANIUS;PoDayTeNaChay;Blecki;Ragnar_;s197418;kozadereza;CEPII;vadik70777;solntsevIo;Louxer;Waarlock;vvasdv;yellow244407;Kroshu;jemima999
alchemic2006;DSanzor;tolstiksakh;MF_Kamill;_Mishanay_;ExPerennial;theprodigy13;Godspeed;Schmerz;TikTak28;TheCrash;111ydav111;leechdraw;Arsenal84;WAR1989;Rusga;Ased28;Pribaltt;IL_KA;_Igorek_;kola1988;kos_ntagil;Goranter;Urka87;PlayZaykaBoy;alexdorf88;Trakin;Sub_Zero_101;losttime1;kostrabk;f1Andy;Tartinum;Demonusus;meidjur1;Kellys;stasshevds;Grossflugzeug;vvv768;ivit007;Exlite;Arkadianec;DimaMo;PampaDS;DBZontour;DANGER_RAIDER;markv70;HeavyDragon;intelektum;Markscheider;Perlat;gens22;simvolicen;LadyM;ReVeS13;katransb;armandilo;lehaGoogler;drakon001;yvet18;luui666;alex84555;supervasa;Minho;Madarsenator;WArgentum;SPIRIT080VL;hromag19ru;suhareha;Anymag;medvedterminato;vgrc790;SpoylessII;Mordork;Sadkhu;Dilan_LT;Roman78;jezibella;Dewereaux;SoltiRay;Morgiah;mikkoshmin;jacksnigirev;diskobolka;Skychampion;Dzizo;ordWeist;kosoogr;novichekk;nedd24;Anneau_Control;viktoria21;Diremaul;jin18;Asylum2;Artemosha;Lisenok_34;shef080876;Alexandr11;lemyr007;Zanskar;CalLightman;Ramzes44;Uran999;GerGiks;vuk112;SashaSantos;nelit97;wolf99ru;ALADORIS;Kulishov;111mak76;klksenia;pashtetina;scurp;max673;marseilles;AlexMasterJedi;warzona;Gvendoline;Recover;zolder350;0whitewolf0;BloodyDogma;Sapferot;nosapien;dopler;onekrasov;naktyurnal;JoDow;Dornenreich;epicfail001;crazymakcter;Groberr;_dim_;Shuginko;Karteres;imxateb;M0RRIs;Sumo;iDusk;LEONID217;foton2010;vadim_107;Picelov;GrafAizen;Kayribis;WOI;stah777;drdimo;D_1_E_1_N;revash2;Gepard_AD;Vitjek;Shah94;lexxrip;genacvally;simpson821
pipecz2;wolfmaster82;L_Was;aleks197512;extraclass;zzang;monstro73;ktylhy;colhoznik1;Gonzik_G;Kojak;GozuSkydreamer;Karlail1985;CherryGirl;smit111;__Axe__;HISHNIKI;Saratsin81;geracd;INGUZ;Maksim81;Verel;Intelegent7771;UnNamedPlayer;KLOBEP;miphril;Fajro;lheu4;aqua5;Zamoley;sale4x;abdurahmam;intal;muxoboyko;Intermale_aggression;hrustv1;mutavr;teny2;bbuca;israsat;NewMaverick;Frezija;Godzillla;magdiver;ROKnROLL;GEGIMON;Rapitos;vodolazskyk;Dargaard;spurt;Humanoidys;IVIirage1;jenikc;mzvgv;rebootok;volkoff;lunli;_rgd_;NatahaS;AndReyGel;poznaiistiny;Alex777w;defarth;krestoffor;djevfr;dosadi;pedro1990;demon_sys;klop728;Lukay;lrlr;spore22;Sea_star;WAIVE;Shkolinik;SBN;irinav22;_Genius_;Crea_Des;AndersonSpb;CODER;djoni277;serega1c;maximus55;Lukash_A;RibiesRubrum;Termitus;current;tarasovru;fillvik;MakuShock;Marishca;BloodFanat;justizzze;mas1k;an205;Sasha34;Lanzheron;lllls;akkra2006;galenet;gusle1;Zheka2369;averinn;ALX755;sadania;val789;Lebedinski;set208;serg4100;stason285;_EXP_;pedotty;leng12;behappy2008;r32DIR;Drag;Bringer_of_sorrow;sartan;Ivan_Krushinskii;kandelybr;KITenok;wertihvost;tolsuper;VADIM666;primorsk5710;Dvrt;mrdolfin555;eugenemik;elidor_77;vdr1624u1;Rupuc;Money44;LEV_LIS;DWanek;Surmiz;japo;luckyizibor;nalbox;ilya44;Inkvizitor55;Vitstar77
SAL65;xATAMAHx;_iconed_;BorBit;Valendron;30february;hochunchik;alex4104;Nanarick;GRAAAD;Guns84;dada;Simose;Rani;TraderPsolao;MimickryStronghold27;MimickryStronghold25;MimickryStronghold23;MimickryStronghold24;MimickryStronghold28;MimickryStronghold26;MimickryStronghold29;Goldmist;1nme;DahaK6868;0072003_696;Psychonavt;Colonyd;Veanor;grin37;din5419;Buzkagir;Cunica;Marakuba;gerasim_off;guzel543;ffa1con;UmNick;tiamat5;ullis;YAzONVVA;Krolleg;Nmak;aL777;Prokazdnik;FUNT999;ARiderus;dmm111;katrindenek;VVVamiRRR;banek;Illika;berkyt124;Lemalade;Strannii;Fasdor;Anger_Rage;DustFlash;Flameline;Pseudopod;Serz0072;Genezis21;vladren;Frosya84;papaxa;uzennaladka;parsecsrv;grevtung;magik2011magik;Chen_Ko;Trader001;xakek;slike;lexx227;yurhome;Mr_Liensy;MIKE1999;kostafey_;Amerikano;snowprincess;Geometr;zak3240;levonikas;dora11;severna;manuhh;Tupa;amur1650;masterzargo;Toshkan4ik;stranic111;Historycus;Seton;_Nightwish_;dedka007;MimickryStronghold36;MimickryStronghold33;MimickryStronghold35;MimickryStronghold32;MimickryStronghold30;MimickryStronghold31;MimickryStronghold34;R_3;TRAIK2008;KnazTaranago;MimickryStronghold40;MimickryStronghold39;MimickryStronghold45;MimickryStronghold38;MimickryStronghold44;MimickryStronghold42;MimickryStronghold43;MimickryStronghold37;kaderium321;gnilozub;birillod;neman1;NeedLess;HISHNICA;Chistyakov
KKLLIIGG;Dark_Star_One;TapxyH;dimdon3;Vavana97;MironRad;Cppnasm;volonterDS;MagiVolshebnik;almahax;re_b_e_l__;Black007Angel;V_O_L_A_N_D;tut8;leho;prolowe;woddnui;hamsterOK;shtushakutusha;EvgenyYarov;BoogieMen;maximka1979;Zdrasce_Vam_u_hatu;InspiRe21;Kondrashka;BILL_PRIKHLOP;Sluttery;Raul_Gonzalez;titarenko75;GMX_SILVER;RainDrop;pariyskiy;Choopla;Ajrattt;Vasya198225;vilmars7;Vakhar;beavisovka;parad0xxxxx;Andruxin;prkBot;himik_;mixa2
Gluztes;Pegas_I;VladimirC;biscup;cezar2005den;Sitilayner;Skeletonchik;NIK800;sweera;efim4ik;Ashbringer;Alan_Alda;Subri0;kernelapi;Kelvin2;inception;xKEEPER78x;Moork;Darhik;mytantishe;Biomonster;JoeSuper;rubaeer;MagdalenaT;Astoriab;vova19861;one139;Black_Glad;AnTTon;edwardoid;Sdafan;millworm;ZZZzzzip;igordr;skakunn;Magbet;Skybird;panchoha;KlausUV;PsychodeliK;Viranium;Vuvuzela;TruePic
gmNomand;gregory841;Saracsh;mehanizm;Victor1020;Aquilon;langolierz;Atox;MSLION;henryloyd;Amall;Ligutto;meskil;suslikmustdie;Trademark;MrZorg89;SteepWolf;kos741;Masuka;EvialTaH;HitmanRPG;Tamtamagon;Tibarius;Adellheid;Nordmenn
obormottov;spectra;Straniks;NACH_TO;b62252091ba44a0;Step3028;SUPERRVOVKA;Keks777;Botankin;VaMaG;El_Muerte;_Death_Star_;odilak;caramba35;kwm1;Gryzzly;skitalec45;Aserk;ddiiver;murlacatam;luhr;Qverkus;z0001;feldfebel;kapala
iskatel;virus_kvartirus;iskdir;M_Kristo;ResID0383;Puziko_MDP;Korols;palsch;bubastis;xxeL27;VICTAS1;Cadet_L
OXOTHIKNG;korsarx;Cheini;JusTaVinO;ivm63;nik911;SkyAngell;gensan77
IegoFF;InfernoKiller;APOHAP;Michadol;12134567890;koshka32;Llevella;student19811218
BATMAG;FEDERALOFF;BopiLLIKa;tomahavk;S_A_L_A_M_O_N
dvbanderlog;edileo2000;Dark972;MuchachosA
amoonra;Sahavan;yomoyo;sergeyboss5
Valkyrine;A_nti_P;Serunchik;Sokol_2009
neAngel_Ok;OLEG_KRUTOY;PA3;KaiserSuza
lijazevaolesja;gasolina;gutik49147
Fullabzac;Warlock100;Anffer
AlphaSp;lionfs;VODICH
brranivichok;mittwoch;Zadybrovsky
rodof;XmmX
givid1;ibragim1968
alegro8
JF_SANYCH
Antivirus27
aivamar
Maks_RS
MagXXXL
__sid__
vadimka22
gramm100
bomko
MadKar
Starkens
kelevra_
roobel
