nistan;ann77847597;tut8;Bill901;vaybin;Vodka_gud;DSMonitoring;poccu;Tanusa;wolfmaster83;VaMaG;BNegetive;BUWEHKA;Mimolia;BBC280900;tuk_tuk_tuk;Sub_Lien;LORD_war;xXxRAWENxXx;Marssianin;INAEA;DimonMillion;kolaar;zaver3;JekaVGG;Rosh_tzevet;Tankomat;yns100;padre1990;EvgenyYarov;Posseydon;Interfector;CaM_Sasha;bogenregen;Eda_23;Giliantor;CTUPKA;Cppnasm;Enzo;daniilslv;Ravildos;zatochkin;vopros76;Forsa;dudalitl;guriton;hi22man;Vla69mir;rj16;Tiderian;MrZed;bubastis;war1968;Xflat;RarEran;_Death_Star_;ApTEeeM;Cixlid;laralara;TpaHcu;cost;corvinus2006;dase11;Gryzzly;koroos;DimON07;bratt2;Terrakota;lvica99;musm31;Kalerian;Eliney;makar77;Generalwars;Speeder;cinemax;1guru1;BloodRazor;psihozz;Onnill;MrDrew;SOTNIK_111;elizar1;Likvius;Ruse;Zdrasce_Vam_u_hatu;Chipper;mrPooh;2you;kwm1;mast1801;minhertz1;lecs234;iimolodoyi;Vavana97;crazik;kingmax2007;jangirson;elenamarina2;myrl;ban007;maximus6412009;Protiy;Next2702;AlexABoy;kuler234;Realhell_2;tamplier70;anfiska67;Steel_Rat77;tamaykin;lizza;volga768;Snowboarder;Deamand;mouseartiom;DARKLORDSIT;robertelf;patrisia;Art_Ghost;fomenkoo;Cryogenic777;vinnichka777;4elovek_Farsh;VICTORY_DS;space_wanderer;lienswar;nikitarechkunov89;AOTI;chupakaprika;Ivan7777;Insekk;auir;iskatel;nikolaevs;Agrafa85;ya_tut;clow99;shamanbrujo3;Realhell;Kiroona;BS_Galactica;_Passerby_;SOUTHWIND07;slasher76;freetime;ikimaki;Dimonlg;finasi;flumber;Gorthaurpwnz;_MM_;XAM2Mer;orgie77;mogul02;kostik74;sania106;alerjo;zzz0zzz0zzz;T_R_I_S_T_A_N;Hegle;shater11;mr_mokys;demokrit;chudak2010;centr1x;skitalec45;UCSUHTA;astrasis;mamed78;Corbin22;ndrei703;gobbblin;archi19561;AlBigBoi;MironRad;tramp_corporation;qwatrum;broni4ka;otto2;Dimitrius555;glagol01;Soldat2;montoja1;Sowing_death;Ancifer;Valkoval;R0B0B0T;trizzz;KKLLIIGG;_VARLONEC_;MuHoTaBp_dl;Uitka;WarSoul;byxo;xGalahadx;hamsterOK;wsxesz;Renei;Ziva;VTEC;KAS13;Ganzer;Django;vetalson7;psolovorodav;WETROW;Damax;Mudriy;xpxp;AragornMG;MertvyeZvezdy;WolosD;spectra;anna61;vedomina;D4040;xMEGASx;ak74z;Lukast;SEKSET;eeeSTALKEReee;_KPOHOC_;Lifeform76;guest12;Inter_City_Firm;cpu222;himik_;beistand;L0l;Tigrenok_LOVE;Teplograd;sergeypsb;NikNikEr;pserg;Shakal900;OXOTHuK33;DarkLord3000;tukankusok;IvanTheGreate;evgenisaev;BINACOR;405;MakZmei;k2rvist;YasiaBOB;Drakon_DSS;Serezhenka;Stephenlab;clavicus;AJleshka;Strach;mudrij;Fendersons;El_Sabat;slayer3;maximka1979;lejja;hollywoos2;zoluchka;CAyPOH223;KAPAKYM;BETEP_OK;alexz73;Ghos7t;abkbys;Spartak_leader;Silver_ray;DeathOnline;VODICH;PREFECTOR;Black007Angel;FSOL;maksam;SoulLinker;adragon;Calderon;YouAllDie;traydermen;M_c_D;valkiriya_Grom;SunFade;Lenin1941;Izia_Katsman;luhr;re_b_e_l__;dem_yn;Perm;Zauer;Cyberian2;levantmark;MrBrabus;zalczeler;dartor;xxeL27;artekarpov;vilmars7;qaedtg;AlArS_;woodooas;danien;tavroid;Wolfangel;Yurij;FetFrumos1;uncleBlack;schmell;RainDrop;runat1;Esmeraldes;TbMA999;dun4000;GONCHAROFF;Eddileo;BILL_PRIKHLOP;prividenice;ssebeshuk;MVGNN;Saratsin81test;skywitch;konstantinprov;pasha20005;where;_AGER_;scaner555;shok25;BoogieMen;RavenGuard;bbmpavel;rayne59;DiPso;azxer;Botankin;drakochaa12341;Azelo6;Maxaxa;Tresst;geer30;MadamWunder;Jarptichka;qwasok;Votek;jamshhikvvas;Gippo;Negativus;Jupiterr;toscna551;tou01;Garrat;TERADON;Lord_Juggernaut;tamamis;apgoi;Duntarchik;z0001;Bionicl;Qverkus;VamfiriLina;Vakhar;LOGIST222;fodes;Tepp;Esmerald;leho;KPOT_SERF;vitalik001;kinier;ZloiBabai;BLUNT_me;InspiRe21;sensitivum;lewin11;olegneverov;kain_7;AnakZendel;Nekront;VKTR;FL1NT;Valeratom;RIA1;w4r;zveronos;djo_k;Desetin;Tutankhamen;alegro99;NOSLEEP;dun44444;ILTENORE;Warrioriss;monarchist;GenaKrokodil;ElvenKnight;obormottov;Nika_Prem;Repoise;parad0xxxxx;Aserk;AngelC;Kirasa;volk_mag_66;CrazySewere;blueboar;b62252091ba44a0;AZGuran;mirnaja_kolbasa;zigan1900;kineskop11;lzot;LarryLamerLaffer;caramba35;Firetrol;lioxa13;gun1909;M_Kristo;Vedaz;ytvfz;ShamanFantom;mimikri2009;gennadij;Gargard;Mirgorod;Orion_0;spAceAce;zona_51;gladiftor;Bukinshtain;Troaynec1;xpamoi;soratnik;helsus;LeoFighter;iskdir;GreedSoul;Sukor;araratmedved;RaubTieR666;Sluttery;semgrbunkv;sanea2009;Teraksor;togort;DrZivert;Keemer;byyyy;Ralast;Chum06;AlexKPOT;DSantyaga;artjomkawskim;Puziko_MDP;Doktorgre;Doktor2009;pekasso;prolowe;McTiTeL6;dikusar07;algebroid;asad2702;Yakim81;GenaralDenis;Petr0vi4;RozWAR;KARD1NAL;PsiKillerEX;titarenko75;_sanders_;rsad;Choopla;sanilo;Aromes;emppu;darvinvich;Schamasch;YHECY_BCE;magnet27;genadev0;dirchik;EscobarfromChisinau;Raul_Gonzalez;Copatel;asdfgh1702;titanozavr;DaFFiN;Strateg23;aldun;BiTs73;ieggo2;pokimono;morganataka;Meritorius;Grostovsky;Nicole1982;Solarian;pariyskiy;GRU_OFFICE;Ksantiaya;chemidzma;courteous;FENIX_de_PSOL;Sparra;stranniks2006;HuKaHeT;Tarik112;guligo;DLis;Nepran;bagan;NIKEreal;HemoH;lionfs;BuJIbI;Fridenn;PavlIK_MorozOFF;filipf;mop777;ASUSTek;Renig;DarkSPAM;lancaster797;grayguard;TEROLI;LeKris;Eduardo76;CrazyFluger;Caress27;Dark_Star_One;kaleni4;A1Tis;Chingisxan1;MUPAHT;TIKUNA;dogoi;Dream77;Arlandino;V_O_L_A_N_D;sumta;Tua_de_Nertus;javana;wyatt_earp101;lpilipjob;Lutic;Albertgor;asder123456789;zufa65;klainon;pokrmon;Koval76;Bayda;Vedzmak;virus_kvartirus;VASILISK2;volonterDS;Antivirus27;borisfatnev;Equuleus;ddiiver;muxoslon;Raznos;ibra797;art606;Viper1990;almahax;KytyzovS;El_Fantasm;assasln;I22;nirvana9;Sergick;Leto_II;mr_demoniko;serdeschnik;Z_Nen;cargoman1;ykorotia;Metrodotel;sharikof;radik_d;lesya_78;svcart;madest_max;Secher;koka_drandeli;Cumran;Usatiy;ruslanp1;Abemay;BLACK_RED;kablo0;Gyroskop;K_U_G_U_A_R;beavisovka;jugls;El_Muerte;buro_uslug;Realhell_3;AFrad;DJJapanese;4uDaK_OFF;runtici;Alkondar;sasha2ru;Dark_Dragon_;Lord_Zolo;mna25051977;Tigerr32;grimgold;GagarinAlexx;dobrik0072;Korols;martial1;Desitin;Solutus;Bugsbunnyrabbit;varvar18;PsyBEAM;puk17;maza_letit;shrekin1;Nikolette07;Arich;maximussis;udav1970;Luciendar;max1999;Maks1702;ttaann;Darkslider;nata555101;qvaker007;ura7ura7;Vitold138;hg_hg;SemProffi;antlas;gordeewasvetlana;evgenijkhokhlov;Cadet_L;gjga0000;dryganov;DumOk;GeVolk;listik_nv;NightWolf1;Mordyko;NotAngell;_NoName;omelchenkodenis;Amazonka;skipus09;1Petr1;Kazimbek;PELENK;Digray;R_I_S_E;feldfebel;Forever_and_Neve;POGRANI4NIK;DildYA;nbhj;kragius;vansurr;Lenusichka;laton;war2007;III0K;gimalay1;ExTR66;DPower2;Andarfin_S;vigan;Terrakonus;yamaxa71;PeopleWar;woddnui;V_O_R_A_N_E_R;mao3107;moonligt07;granta;AcousticGuitar;davidclan;hagencom;stamby;Alexey_N;TARGON92;Klirikon;DobermanXXX;GostPovar;WladimirS;goldbussines;vikstar;muskaJA;Azagh;alex2snikers;Kondrashka;WildCatRu;ruslyk;Alex281;VICTAS1;Antyk321;kamonishe;loco1988;SpambotTerror;Aleksandr_;Almalish;Krasserg;flick_norman;Dadkas;olegavin;Vasya198225;Koc;ctasstasov;olia393;Noprofi;bosk1;dite;Keks777;kokochino2;Jack_Patterson;ARGUS89;Flexs;pollution3;shtushakutusha;HanKi;GeneralTAU;sam_jan;shurafrog;Fantom_s;Kripl;KVL;BattleBim;andromeda_ut;Freddi_Krjuger;palsch;exStager;_BarY_;uDAV70;djampoker;Ligero;AlphaSp;kotok200580;LaV_is;Svityaz;v7v7v7;BarMALeyss;Vadek;jazzzon;Zestyan;minefield;stesha27;NACH_TO;Fobia_K;prkBot;DarLord;infill;6493;Omelya;Gvard3;alastisgreat;FreeRock;VOVA1999;Stelsss;LUMBA;murlacatam;Starwoi;nidnob;Munghauzen;antonks;kueBJIaiHeH;umcaumc;R_tiki;KIRILL9;Anubes;Trance5;gg_Rasta;belokrylin1;LexusX;Straniks;beeline131;winston555;GMX_SILVER;Jaguar2009;rka1999;David2009;Jenia0079;vbkrf;ZigZauer;CoToP;VarVara232;b0mzh;dimdon3;kashmarus;TapxyH;mazanderan;garuchillo;Andruxin;zoodxxx;Soup94;pewpew100500;MotoAgent;Beatnik;AWCVn;davidoffline;blackvit;alexprogr;Ajrattt;LuiXIV;alfalir;Hudson19;brui;Govrysha;MstislavaSergeevna;bflad94;aimorion;ilyas666;chumak5541;odilak;autbek;Volnolom;AndreyKSs;IiIsidhaIiI;selar;vovapered;Brost;Rebelqwe;_BOCTOK_;Vintovkin;v_r_b;DEONIC;KuPb;maaak;marfa30;Ozik;iMac;burilshik;lizardlp;serkot23;Ronkorn;Kostas77;kapala;maksV;Vahadit;Kartazon;RedBishep;Djack_UA;Vinto;LeoJan;Zloy27;GORLOVKA;sfHunter;khronik;mixa2;VeterinaR91;xBOJIKx;matrix_ret1;alexk777;balysh;Ravilianski;Ibra79;kviria;kind_genie;fontox;LJ999;Termar;MagiVolshebnik;Termuha;cobila;Chalet2010;kombo1;GGmmbbHH;ResID0383;Romansk76;Step3028;chemikee;A245;Laedar777;veselLacoste;SmeSmeS;PivKing;vitkolyasamail;cozum;FaL_LoV;DENIS2612;zhvacka;skinettc;SUPERRVOVKA;___L___;Iskusitel;lesandr4444;kirill1US;lex9913;Abeatle;VeNoM2005;rosa25;Baqteria;kuku17;VANGUTUZ;nodlehs;_Morpheus_;Ollrite;AndyH;unset
heteko;ybivon;Sea_star;Bapsak1;xivilai;MEPTBbIE_CHbI;Gastroler78;primorsk5710;Apophis911;wolfmaster82;abdurahmam;lrlr;oksana1389;Bringer_of_sorrow;miphril;Halk_151185;Dark_Necro;Ukr_1;Swetlaya6791;Cheini;Rapitos;qqqqq5;simvolic11;begemot_1972;Dimkoff;moodeelo;Frezija;MagXXXL;magdiver;Kojak;deserts_eagle;smit111;Sparkiss;elecab;Nazgulka;arozi4;Leola;ssasss;sizesword;Surmiz;BloodFanat;9067240264;serega1c;maznatasha;faiter_arena;lheu4;brranivichok;mas1233;sadania;stifler007;Nagval77;SkyRunn3r;Haligali10;danil000;aqua5;Uastirdgi;L_Was;strilok3305;shkin00;VAU_1971;__HITMAN__;Blecki;crimp23;pedropedro;SlaF74;StaffacarTerma;DanVoice;vlad62fcz;irinav22;zedbi;current;yellow244407;3OMBIK8378;mozdok;Gines;nwer;Valkyrine;Farplane;sartan;athlonxx;Maksim81;GLAUKOMA;dekard13;labull;nika0808;__Dezmond__;nik7777;empire_zhenyaru;ttttttaljanych;Ferling;elidor_77;tropogon;seva71;serglaputin01;bestorg;Fullabzac;mrdolfin555;bbuca;muxoboyko;kurmis123;KLOBEP;ObiWonKenobi;Fajro;antiviruscm;Leoal;OLGANET;JusTaVinO;Batic;deymos34;yurs2;ula17275_417;aleksis2;New_Rixa;Koteyko;mike308;dyn_prosloy;ryjgrf69;MALDER666;ErSquadAssault;Tor2004;amoonra;galenet;Drag;demon_sys;Fanatisimo;VVVV63;Anffer;kandelybr;TropinAleksei;galeoner;reweramk;massiliu;FCB_72;YURANIUS;leva5spn;ForestGreen;gusle1;Borland17;an205;Viseman;evgenii99;Dikay;rodof;akvalon;Leoo7777;volkoff;_KTO_TUT_;_EXP_;SBN;nagger_00;mittwoch;shooler;pedotty;gendelf67;Goblak;BULATzp;Termitus;infantry;XoIoX;PerOs;19451945;serg4100;nik911;RULEZZZzzz;MaFFiK;dryn13;Zeleznoe_Puzo;HISHNIKI;GFAN;hameleon2011;Drakon54;Nothrog;GrayTempus;j131;petr7778;Neux;ronnin;Big_Liensu;lord_Alukard;L0K1G0D;killpsol;jetrover;Gregorus;IegoFF;gramm100;_demos_;tssim;An911;its2easy4me;abdk;ReistlinMadgere;Papajuck;Gregor88;CandyA;rebootok;AGARUMS;israsat;ich18i_365;Caesar1984;rook552;Area25;wertihvost;Edmond69;alexscom;VorTerraner;corwin1;japo;WAIVE;aivamar;NataK;Llevella;Boroda113;resedentt;Ivanopulus;mrigo;PoDayTeNaChay;NikolaevA;DWanek;Teinn;parfenoff;ChelAxe;yahozyain;_Genius_;keep_out;GozuSkydreamer;Hamelion_AVK;Daine;Ivan_Krushinskii;PavelPolunin;mixailv2011;PA3;OrestAres;aferatver2;IvanTheGreat;antiPC;Birusa;Rupuc;NatahaS;Executer;nettoo;lunli;Komasu;ilya44;eugenemik;okbr;Sfinks06;Ballooo;tr0ty1;AgenT657848366384435;Muntoya;vinskiy_ta;jenikc;futbolist7;Skyle;Psich;EBERRON;stason285;ktylhy;MakuShock;ujine77;profis;ndl01;justizzze;Defektos;vagabundo;censor2005;likamsm;stardancer;wild_dancer;serg112;Dvrt;egorievsk;Swad0w;tukserleo;Speculator;Kilter;emilymydog;GCT;Verel;massam3333;DIZAUR;mihelkon;UnNamedPlayer;SadAngel;Flash_ars;Brakaziabra;AniMashka;colhoznik1;sarmat18;Crea_Des;seroleoni;gariboy;Fima0917;gensan77;Lagshmiwara;gb500;argishti;averinn;defarth;barmaley_avk;koljan1;Abgvalder;marinatim77;poznaiistiny;Mamonth;darkstriker;Mcmacinti;klon69;INGUZ;Prigorshnya;galanbuty;KITenok;Wingy;shabali;TORNADOx99;RETERY;Pgarry;lordmag267;DronGnom;Gaspar_Lemark;TempusYoda;Lukash_A;Quadrus;alex1681;invasor;Zordog;kremn;LilBIG;Egor_L;Alisdefonte;OXOTHIKNG;A_nti_P;Zadybrovsky;NohnoiDozor;crush_u;revoleks;PjotrMahh1;spurt;Botar666;AlexKultaevski;lord_spawn1981;lllls;serg060rus;MetrAndiR1;Sasha34;ALX755;behappy2008;fiwa;DarkRaven777;13tatarin;Kalsterius;komul;SarGonJIS;Progressiveage;galinakonovalova77;fagimas2009;serega72;JustFate;knyazjuk;_Sesshomaru_;Orcinus_orca;XmmX;geracd;Padladin;Zmeyenok_UA;vvasdv;val789;NZAG;LOKI;denyum;vodich99;APOHAP;beofulf;DigitalHell;Pistolero;yankozher;pedro1990;Medvejonak;sv79sv;MidnightBanshee;Unknown_Erorr;akkra2006;codesh;azarro627;DjoniKuBiK;sirin2000;Brut13;12134567890;s197418;lujja;BIGZLO;leitor;slava355355;b0r0vik;korsarx;arhangel7s;azatmoney;7ups;Archangel2004;SVeronika;peugep;Kiturami;DarGrey;Karlail1985;ajlukard;samuelldoom;Marishca;is1n;fur4ik;Maksimilian1981;tolsuper;dikmax8;VADIM666;mypmt;bsv67;6epcepkep_ka;ninani;Spoony87;RibiesRubrum;set208;Sibami;Lapwing;AndReyGel;alexstrade;ioannsolntsev;fillvik;pilgrim6;Sasha_king;MarAmiR;yura555;Gonzik_G;borada;leng12;yancharin;Shkolinik;GEGIMON;Paspb;102601;VasyaLambada;Godzillla;Kroshu;r32DIR;lelik737699;Shrekus;Orge;filgrey;qwertyccce;gorbyl;Alembic;V_ipe_R;soniksa;Tory_Camber;Inkvizitor55;FeNUMe;Devostator3000;LEV_LIS;artem2222;Peridromophil;andriyky;antiaborigen;EXEqT0R;budulaj6;603as;Dark972;TheObjective;Saratsin81;Alexxx2010;megamaster2;Rusbus;Bisu_tevs;segaass;Takmak;Intermale_aggression;cj777;Adduction;Zeratul2005;Reklio;SARGRTAL;Cykpe;seamur73;DeathAura;ggavr;Wasil;remmaj;vada811;Kingas;solntsevIo;Abnegati0n;Sadist_tigra;ANTARfx;Mogetbyt;Louxer;Mih_OZ;dosadi;SLeepnOT;krestoffor;innamiv;dregard;sansta;pavigor;Hupec;Maks_RS;intal;Winston;Vikodin;sanya_8891;sergeBIG;Gaywer;bb7;yomoyo;jemima999;GUD_VIN;CTPELOK777;Yahoo_eu;Warlock100;bozell;AlexStarkov;pokuz;Intelegent7771;Proton65;ryk3;Nahodka12;Koralis;Encephalon;Footballist;wook71;maximus55;Nogri;serggornostay;sergeyboss5;__Axe__;grendolf;Dargaard;student19811218;Alex777w;MrEvolIntent;BlackSpot;wowand;IplayYOUcry;Richard_Riddick;tigr12;Zamoley;swichON;vac974;oix;KaiserSuza;EASmik;neon777;791VLAD;Neex;ALEX_POBEDA;tarasovru;Yohohoo;safren;MAKSunny;Sokol_2009;zahodinikola;extraclass;iconed;XXXIV;infilden;Dumbledor;Zan000;korasson;CODER;OLEG_KRUTOY;licapolo;ApolloSkream;Sahavan;_rgd_;chaynik666;jkkt;Klermon;Dude666;noStyleXaoc;dmitrijjfil_925;berezhnoyalex;Riconoyd;Burzhuy86;AguinagA;ol_vl;SIDNT1;GreyDragonII;zzang;king76;MadKar;Jonhson;bb1112007;anti_psol;mzvgv;stafiki;SkyAngell;visloukh;Linnet;Starkens;djoni277;pipecz2;annatomic;vodolazskyk;Murrr555;Vakula_K;Lebedinski;Boogyman24;Lavrikus1;emvol;ammert2;koshka32;givid1;Russiyanin;Vitstar77;TSB118;Ralfair;diadimov;Dimonatc;bobbi_z;AndersonSpb;DIX78;Natamar;ser343;DoctorCrea;serg0504;Maximus555;festerion;Antoninka;Discel;Waarlock;west001;Bor;veleyr;dushikfan;myxomop3D;Kawasi;Zorggera;redisonkkk;Humanoidys;Aleqsandre;ivm63;Mix17;Fraulein;ROKnROLL;MuchachosA;TITTANN;Phoessus;kozadereza;Michadol;lexoz671;PhNecro;do0zy;Nagibators;Rada2207;RomaShka_ZVER;angeldaf;dvbanderlog;soulfist;Zheka2369;mutavr;edileo2000;Apsurda;2k7BloodDemon;Gazan4;artivarius;nalbox;luckyizibor;malta20052;aleks197512;adromed;hanf13;vdr1624u1;26272kalipso;Ragnar_;IELTS;RedWar;Ferryrai;bobmeddd;pyxidis;nebesnyi_angel;TanSAS;bazilio85;spore22;CEPII;dorofesor;Osiris_;pqpaq;tcb_ltd;vlad969;yoda_0II;gofmeister17;s2007aa;Kora1;dzhonja;Kol4ak;teny2;7979777;vadik70777;MEXAHUK_OFF;neAngel_Ok;findelo;sergeQUDR;Tokse_do_Mask;hrustv1;mikestart;Lukay;monstro73;Rond72;Serunchik;Lanzheron;klop728;CherryGirl;warmechan;InfernoKiller;_Exodus_;IVIirage1;ibragim1968;NibiruMen;NewMaverick;Money44;Tikituki;SmallPascal;alexnsk;djevfr;q2s;sale4x;mitios;mas1k
DavianTul;Sellex;Panterka_LOVE;andres29;gvozdomet;BlackMonster66;panchoha;bubona;russia_davai;Din19;link2_95;Hoob55;kirill1223;koks16;digsar;lkjp;ivanishheva0;Wernertoset;asmodius83;goiden3112;DaYzer;Natatutu;nicolya;buvalu;Elmorian;Chelovech10;dliaigr1;KorifeiKorifei;khabaro;raul1999;sailex;kypitman;Tsar313;devilman2177;Arlin;PaganLord;gtnq9797;Nickles;romeo260189;igordr;bub1000;bolt72;Galgiuet;Skinny26;KimSegrey;TheByte;Cherepancha1979;Strel1995;demin145;Summy;Telum;gnoomish;mainpost;666tom666;hjvghfvgh;n141;dik67;ArDoR_92;korsar99sts;888q878;shimchuk84;artik1997;GRIF007;leonard07711;ipd2012;qze;fikls;BaronDune;Subri0;Persey_007;FLUER;DiversantKylibin;MEFISTO345;sibgatullinmrt;Westie;biscup;922533;Mazzdie;krasilo;Vorsar;kotonec89;privalovak08;kavik;Plant_M;teranovs;Laeryel;Leto14;Odnonogij;voin8887;mariannakot;Taekun;garmoniaif;DrAgONNN;kernelapi;Romhcik;_prizzrak_;viktorinessa;Ashbringer;Prondal666;Dino14;alfaI3;GODj;merach;yjrc;atawarno;v111vv;Kite840;ProWAR;knyzevladimir;nik5555;Baon;justcause;zharavin;AidarS;SAT888;Bifacial;MILITARIleonid;minor9090;elenaperegud;HHelga;Blagi;Atomic_Kitten;kakastiks4;Super123;X3313;metafenix;vbnz10;Vuvuzela;Antariys;natashattmina;mitsuo;cezar2005den;MPayne;danikkk;Golovan79;davidbizon;rodxxl;nik002;T1FozZ;yura9922;SkyWizard;Kayann;inception;TerroRik;Parac73;ggidro;zihar1;Nimlot74;Assasin05;sg07;andreimazer;yarkobaron;MARINaaaaa;bobonya;KlausUV;brukva_brukva;moreson;petzl;Arnholp;cimmer67;kobra231;volfw;Anti_Bacterial;stanislavni;alikoss1;Grsergey;Retamon;breikistt;Vilniuskyi;lohmandei;danill;edwardoid;KIvan92;agolovas;serlood;lord475824;Grielom;acab1400;3JIou_BouH;taell;bobreniatko1808;granula;VVandering;nightserfer;Mikorus;rulezby;dmitryalexeeff;aglet;Silver_Snake_I;arseniisin;qdqsa;IronHand;evso79;Sitilayner;Boris7777;efim4ik;nikitos234;mongaszver;belarmahim;SONINQ;Sereja09;Sdafan;PsychodeliK;Mr_Anderson;Max_MouSe;anibus00;feodorloktev;Sad_Evil;Magbet;Ingenep;jazzboy;Map4;ktdfyec;Hagiz;arch12;Lfybkrkfcc;cmoke;Templ_PRO;Darhik;taverr;INFILTRATOR61;Maks4;mytantishe;tts801;vfrcbvg;XXX_007;hanklod;Kri4alca;Wasd666;graf333;Larvek;j123r37;fktrctq57;Chtozah;MickJager;Lunya;ArhAngel2007;dodon081;kirillvos;ivuchka2;kirillvotinov;zerg2515;asabist;semnovnik;Am0K;pashokden;darunka2006;DeathShad;Louxerx1;perveev0;Ehanbabai;litvin911;oAlekseyo;minskoleg;Dron4ik777;klass1;bbb000;antoksa;SibiryaN;kim12;hexkey;hamerrrmen999666;mare1905q;krapir;leoppardsan;sperwsea;V_I_V;dragonnic;soof1cs;skakunn;larryVI;lio10144_125;postale;GoZyS;iskraWSW;sanya1945;Biomonster;KotAGG;zaj2003;Notes;madd2008;razrushitelzvezd;Moork;zaharov_048;king2012;Butkurat;usvl;melincean;RedGreenHooligan;eneiko;moroz201017;25vlad25;kaljan5;Tairesh;kirov43;Sipidir;kshrgtv;Flere;Seltam;v1ct1m;Tony_Stark;grandlord;DimaGall;Black_Glad;DrWar;Poltorashka;Chernigovka;alekssey380;Scaurus666;ZZZzzzip;pletiollis;JoeSuper;Xoxol555;one139;svarog_133;HA3APET;Thousandsons;shaxxxter;Ulfmar;hawkTor;McHar;klimov1170;WildEG;Warcrafter2012;anastasiya1210;Incub_69;lider9;vafinafarida;Muakarenko;Dangll;MAKSIM2002;daniil4537;Kaykanva;Horde1;xxxMakedonskyxxx;KPUDOH;rubaeer;kulhik;Edelweysse;pankratevan;bec_klin;tmazovka;Alan_Alda;VFRCB;AnTTon;crouser105;ShamanVSX;Hz_MACHO;ngreg97;Jorra;painkiller443;helgaalex;lord2004new;MSV1;Nalen;MBoSS;Vecherok;odae1;Kelvin2;DiNoZawR88;kipwoker;cashkya;Gluztes;ivan19850;MisteryPRO;ush22;TOURERGTR;Diokletian_spqr;Uhbibyf;Viranium;irinadmitrieva2;lotosXXX;hokopin;Nikita_S;VladimirC;kirpich44;belyi888;Wallen;00700700;TIGRIANIAN;baza25;waraon;millworm;arka2004;davydovilay;bec000;sweera;EviL14;ullek;terrawinger;lupuliac;SemSkiller;vova19861_333;Titan39;karies01;Pegas_I;mak149;NINZIA1;lsn75;wmbigd;vladsteyr;gosorganrf;ShadOvFF;1090;17897kalipo;dimonath;Kro5hka_Enot;SunSoniK;LuckyFox;Talkingmytime;bash_nya;antikloun2008;Kamio;Sergey_2979;Last_person;viktorbarbahin;Vovan400707;Galaktix;aleksej1996;Drache999;6992315;kizilchik;MrBEST;beboba;mademn;Dashyki;bika552;nikitasik;haghok;nik_com;derasid;Redchrom;Skybird;shv0nder;Astoriab;Tramadoll;Mogok;neo1755;MagdalenaT;Nosferatustin;MrLesbos;xxIEZUITxx;CrashXX;killertomato;Sallnar;neo17;sergig;himmir;killVasek;rfsftsefgaydgst;Dramonique;Anubys44;johng;TruePic;alexeyar;XacTPeD;Povsi;Sokol1997;osmenoska;Machochina;Imminence;gonzabonza;dyxxon;AzyaT;grandlooser;crechet28;danilamorg;Dred1031;amfi82;k1a;mixabm;BItBOx;xazzax59;NIK800;mr_Brown;zlosnu;oht;MetroMan32;Nekitosss;Replikator777;1122333qwe;begemotishe;balkanabat65;mashacherkashina;shfchf;andreykroschenko;djsem;711601;klon00;Pronya14;sergeu5555;Skeletonchik;golovanjuk;nikita_lysikov15;Airat1234;VooDooSerg;xKEEPER78x;romanpc;nitrojump;sham777;Ma0;SVdusk;DROBAH;Easyevil;SmiLeSnaKe;vova19861;Razl
Molimonov;Ermann;tryes;albina357;Allroy;_viccc_;FanDynamo;ssasid;olegvorobiev0;farafas;ultratopor;PUCJLAH;Vangarat;kaktus10100;_wowa_;shakipka;korsik1;alebas;Etunheym;dik123;_Madness_;78963214567;puma34;LEI_WULONG;Alexandr5555;L6472;deervi;3213214321;Mengsk;SANILAGO;rbus7;davidgg;CTPAXOB;valentin2208;FLOOODER;cherniaev;den_killer_for;igrmin;13demoon;lijazevaolesja;c4rnag3;Jonki;kapus;qazxsw12345678;Enard;Jorik83;cott;junoreactor;TREZVYAK;ntsstn;inuar;tssu;Izverg2011;natafomina07;Shadow_W;Cop4eniy;nata281;vovicx;sergejjziverts;GRYBIAN;PabbuH;MegaKaps;Yasur_sir;lopon;maks999;appocalipse;HOHOLRO;ovarbxamux;TheBoomnew;Taleron;1delphi1;Servus_Mori;Psycho22;yaguarmen;pank009;Blackball;strelok71;DarkResidence;sotmegadoom;gosha83u;Wernet;vozd;Poziv;TANKER;_Ruver_;1322;DeaTHfoBOSS;real02rus;Pestizcid;InokAW;Oblom_Ok;onesimple;Kali;vova212;leliksec;alexx2802;shpyki;teoty;13542;samyro;Hunter_of_Dune;keks201281;john_locke;Despradon;ciceron1488;molot1981;daedara123;qwert14;folen2;DEXTER05;rifat98;Fyndyk;censored94;564611ps;zormax;olax7;werdert;bestbrowsergames;fantom227;kazennovruslan;davidhairutdinov;Lightness;niouz;Maloyyy;Fardens;LeMaf;TRINIDAD333;Kanzaki;_PS_;vivivana;Sergeys91;starkoigor;arhiepiscop;TIJY;vpicicurov;bondarevsky;cod68;shurik13112007;Lagranj;Von_Claussen;irinuhka;Vanes7;ZubenkoSergey;gutik49147;foma54;9220083;german8052002;WWWise;zaqzaqzaq;meeeeeeen;dtqdjy;Walerich;Artur543;Ps1ch0;feyasbitoy;zhinguan;Bio_Panzer;aProxy2124;Axyi;ilia2008;masterzargo1;korotist01;GreaterDemon;Antonea2003;MickeyLite;KatyaRaznaya;sommerman;Yar0901;Tagot;Transform;zignich;99887766;fox33new;Novisemann;zer21;1_Mag_1;alenka2012;voingthcbq;noliche;zabl;hanrahashiv;serik0791;8mixa11111;supertopor;MaXIMuMs;regidron;roma1607;scrat08;opapa;8317;Astronaftik;PMD;LaeK;Felissa;gfygtq;22307;SanyaSav;roman723;wert1647;adam666;Andrey173;dstiny_sphere;misskoshka;binovih;gyc;alximik238723;monsterkill229;dorgeiit;djeik;lennar55;AntonFedchin;maksimgik13;DuBeP;zavzav;50516;ybrbnf167;den471;Raoul_Duke;SaShA1397;Bandor;igordyrnov;Alex_Volans;maliboga;shkvarun1985;BaChoK;xkx990;gasolina;molossyizazii;rostik123k;alewe;qqqqqwwwwwvvvvv;nazar25101;Tigr_Ubiytsa;slava150889;Mensar;Pakernak;weritas82;Irsin;lokolaif;actionpay_123;jennestra;Volx;abkap;Spadeeus;bli44;yarikFin;toly3379;ProKail;ostapiklviv;rthtyehjtyj;2000000000;Serovich;20kenni11;limone07;kessoron;rufan;NIKNIK20000;Dimcheg;akimom;ARSENII547;qrbat;denisdem888;horus2171;saneksam______;litteduard;Evil103;MrakIV;gura_saluqi;Imperor1;Illiuin;skripkin013;Massacre;Maniac59rus;lexins1987a;H0MPAIN;romailka;berline;cat1001001;08vova80;Dejmos86;Kaifatum;kori86;Varezhka;Insic;GADver;Dewersanted;Bopnc;kilos88;Rsand;nestorwoland;Sanguinor;Lucasio;ivanchyk2009;Ertis;1mystafa1;c4199347;YAZANOZA;kingringnik;baltika78;svetlichok24;slesar234;TAMERLANgoro;kekccc;Amig0o;aitair;serdgion18;shlomo122;Credo2008;AngusLerma;dregman;DarkJoker1992;nikolasha01;jenchee;804g
DimaMo;GerGiks;mehanizm;kostrabk;henryloyd;Urka87;gens22;alex84555;Zanskar;lexxrip;pashtetina;HeavyDragon;drakon001;jezibella;tolstiksakh;WArgentum;bomko;vuk112;langolierz;viktoria21;supervasa;Lisenok_34;wolf99ru;JoDow;Dilan_LT;Kayribis;LEONID217;ivit007;_dim_;Aquilon;epicfail001;jin18;theprodigy13;BloodyDogma;Perlat;111mak76;DBZontour;Diremaul;meskil;Demonusus;_Igorek_;Groberr;ALADORIS;Shuginko;Trakin;f1Andy;M0RRIs;Ramzes44;Godspeed;vvv768;max673;katransb;Kellys;simvolicen;dopler;Minho;Sub_Zero_101;vadim_107;Tamtamagon;Arsenal84;Kulishov;Ased28;Dzizo;stasshevds;marseilles;nedd24;Gepard_AD;Tibarius;MrZorg89;TikTak28;Nordmenn;warzona;intelektum;Uran999;WOI;drdimo;0whitewolf0;kos_ntagil;Mordork;Skychampion;Recover;ReVeS13;SoltiRay;Roman78;TheCrash;iDusk;GrafAizen;Ligutto;luui666;meidjur1;Madarsenator;Rusga;Vitjek;gmNomand;Karteres;Goranter;Trademark;Tartinum;revash2;suslikmustdie;armandilo;simpson821;MF_Kamill;Dewereaux;SashaSantos;SpoylessII;jacksnigirev;ordWeist;genacvally;EvialTaH;Markscheider;AlexMasterJedi;onekrasov;Alexandr11;markv70;Arkadianec;alchemic2006;Sapferot;shef080876;WAR1989;SPIRIT080VL;suhareha;mikkoshmin;nelit97;lehaGoogler;Pribaltt;111ydav111;Shah94;LadyM;kola1988;MSLION;alexdorf88;losttime1;Anneau_Control;hromag19ru;ExPerennial;novichekk;DANGER_RAIDER;lemyr007;Grossflugzeug;Morgiah;naktyurnal;Asylum2;Exlite;CalLightman;DSanzor;IL_KA;_Mishanay_;crazymakcter;imxateb;Masuka;PampaDS;gregory841;Atox;Saracsh;scurp;Picelov;medvedterminato;Amall;Sumo;diskobolka;yvet18;vgrc790;klksenia;zolder350;D_1_E_1_N;Artemosha;HitmanRPG;Anymag;SteepWolf;kos741;stah777;Sadkhu;kosoogr;Victor1020;leechdraw;Dornenreich;Schmerz;Gvendoline;PlayZaykaBoy;foton2010;nosapien;Adellheid
Pseudopod;S_A_L_A_M_O_N;0072003_696;dedka007;manuhh;MimickryStronghold32;MimickryStronghold33;MimickryStronghold30;MimickryStronghold31;BorBit;MimickryStronghold37;kostafey_;MimickryStronghold35;MimickryStronghold38;MimickryStronghold39;Historycus;1nme;YAzONVVA;birillod;Toshkan4ik;grin37;din5419;UmNick;MimickryStronghold29;MimickryStronghold28;kaderium321;MimickryStronghold25;MimickryStronghold24;MimickryStronghold27;MimickryStronghold26;MimickryStronghold23;Amerikano;stranic111;Cunica;Buzkagir;parsecsrv;Rani;Lemalade;Simose;masterzargo;Chen_Ko;Serz0072;aL777;DustFlash;guzel543;_iconed_;xATAMAHx;MimickryStronghold34;R_3;TRAIK2008;Frosya84;TraderPsolao;zak3240;Tupa;Marakuba;FUNT999;Flameline;slike;SAL65;Seton;lexx227;Geometr;DahaK6868;Fasdor;MimickryStronghold43;MimickryStronghold42;MimickryStronghold40;Strannii;MimickryStronghold45;levonikas;magik2011magik;KnazTaranago;30february;papaxa;Prokazdnik;ullis;uzennaladka;vladren;_Nightwish_;Trader001;VVVamiRRR;yurhome;dora11;snowprincess;MimickryStronghold44;hochunchik;ffa1con;BATMAG;Nanarick;gnilozub;HISHNICA;MimickryStronghold36;Krolleg;FEDERALOFF;ARiderus;neman1;xakek;Nmak;grevtung;tiamat5;katrindenek;NeedLess;gerasim_off;Psychonavt;Illika;banek;tomahavk;berkyt124;BopiLLIKa;Genezis21;dmm111;Chistyakov;Goldmist;Anger_Rage;amur1650;severna;Colonyd;GRAAAD;Valendron;MIKE1999;Guns84;dada;Mr_Liensy;alex4104;Veanor
JF_SANYCH
__sid__
vadimka22
alegro8
roobel
kelevra_
