Odnonogij;odae1;DimaGall;digsar;razrushitelzvezd;Chtozah;Vorsar;dragonnic;V_I_V;viktorinessa;karies01;bec_klin;mademn;alexeyar;Easyevil;terrawinger;MickJager;Tsar313;Kamio;eneiko;Parac73;TheByte;IronHand;X3313;MrLesbos;derasid;gnoomish;hamerrrmen999666;cashkya;bec000;lohmandei;xxxMakedonskyxxx;belarmahim;k1a;ivuchka2;Summy;Last_person;_prizzrak_;taverr;DaYzer;Seltam;AidarS;Uhbibyf;Thousandsons;grandlord;kavik;vladsteyr;killVasek;PaganLord;SVdusk;Laeryel;goiden3112;Kri4alca;kim12;johng;neo1755;BaronDune;bash_nya;kakastiks4;tmazovka;yarkobaron;Bifacial;dimonath;crouser105;Mikorus;hanklod;Dramonique;leonard07711;Wernertoset;Imminence;Vilniuskyi;Jorra;merach;mainpost;Antariys;SkyWizard;HA3APET;Din19;nitrojump;DavianTul;Chelovech10;KorifeiKorifei;ProWAR;koks16;Mogok;Titan39;Grielom;usvl;MrBEST;breikistt;mariannakot;Butkurat;Baon;Drache999;Dino14;link2_95;XacTPeD;Sad_Evil;andreimazer;Galgiuet;3JIou_BouH;nik_com;mongaszver;brukva_brukva;Westie;moreson;lord2004new;FLUER;pletiollis;Anubys44;madd2008;Tony_Stark;shv0nder;lotosXXX;dik67;iskraWSW;alekssey380;TOURERGTR;dyxxon;Louxerx1;larryVI;Plant_M;Kaykanva;bobonya;atawarno;sperwsea;Golovan79;korsar99sts;romanpc;lsn75;kipwoker;Hz_MACHO;CrashXX;dodon081;v111vv;ArhAngel2007;Nimlot74;petzl;andres29;tts801;dmitryalexeeff;Ulfmar;kirillvos;cmoke;Kro5hka_Enot;Xoxol555;TerroRik;Wasd666;shaxxxter;hokopin;Wallen;ArDoR_92;Cherepancha1979;arka2004;lupuliac;metafenix;sg07;Povsi;alfaI3;MPayne;Vecherok;Templ_PRO;Talkingmytime;MBoSS;vbnz10;Blagi;zaharov_048;waraon;Panterka_LOVE;neo17;bub1000;Arlin;Nalen;melincean;pankratevan;gvozdomet;litvin911;romeo260189;nikitos234;bbb000;kypitman;vova19861_333;anastasiya1210;ivan19850;Max_MouSe;VVandering;Poltorashka;DROBAH;Sellex;Retamon;HHelga;gtnq9797;VFRCB;DiversantKylibin;Mazzdie;sergig;Boris7777;zaj2003;SibiryaN;Am0K;25vlad25;yura9922;711601;serlood;DiNoZawR88;GoZyS;Dangll;Silver_Snake_I;aleksej1996;nik5555;bubona;Kayann;andreykroschenko;Tramadoll;Persey_007;feodorloktev;shfchf;vafinafarida;wmbigd;Telum;Diokletian_spqr;alikoss1;kirov43;TIGRIANIAN;kulhik;jazzboy;Horde1;sham777;zerg2515;6992315;1122333qwe;hjvghfvgh;zlosnu;WildEG;Leto14;davidbizon;qze;ktdfyec;McHar;agolovas;BItBOx;qdqsa;baza25;T1FozZ;DrWar;privalovak08;danill;DeathShad;hawkTor;djsem;sibgatullinmrt;sergeu5555;bobreniatko1808;SONINQ;Incub_69;Chernigovka;crechet28;garmoniaif;lkjp;ivanishheva0;begemotishe;Lunya;antikloun2008;Muakarenko;KimSegrey;cimmer67;vfrcbvg;belyi888;Atomic_Kitten;MSV1;beboba;yjrc;mashacherkashina;Nikita_S;mak149;j123r37;evso79;arch12;raul1999;hexkey;king2012;asmodius83;kobra231;Skinny26;00700700;semnovnik;922533;volfw;teranovs;LuckyFox;Nickles;stanislavni;demin145;SAT888;perveev0;khabaro;himmir;17897kalipo;krapir;Pronya14;svarog_133;golovanjuk;SemSkiller;buvalu;mixabm;EviL14;Super123;Lfybkrkfcc;Nosferatustin;aglet;knyzevladimir;danilamorg;amfi82;pashokden;artik1997;viktorbarbahin;moroz201017;INFILTRATOR61;zharavin;lio10144_125;dliaigr1;oAlekseyo;KotAGG;bolt72;Sallnar;Tairesh;1090;russia_davai;xxIEZUITxx;RedGreenHooligan;Ma0;kirillvotinov;sanya1945;Arnholp;MisteryPRO;grandlooser;Map4;Notes;voin8887;kizilchik;ShamanVSX;nightserfer;BlackMonster66;v1ct1m;Airat1234;mr_Brown;Dron4ik777;leoppardsan;Mr_Anderson;Sergey_2979;Sokol1997;MAKSIM2002;Taekun;Hagiz;ullek;ush22;SunSoniK;MEFISTO345;granula;666tom666;taell;Redchrom;Edelweysse;Flere;n141;osmenoska;DrAgONNN;nik002;888q878;Dred1031;SmiLeSnaKe;kirill1223;klass1;davydovilay;balkanabat65;anibus00;Natatutu;Kite840;Replikator777;justcause;kaljan5;minskoleg;graf333;Strel1995;gosorganrf;zihar1;ShadOvFF;nikita_lysikov15;GODj;Larvek;sailex;rulezby;klimov1170;ggidro;MetroMan32;xazzax59;haghok;kirpich44;Ehanbabai;MILITARIleonid;lord475824;mare1905q;klon00;Sipidir;NINZIA1;rfsftsefgaydgst;mitsuo;bika552;killertomato;shimchuk84;Grsergey;Ingenep;KIvan92;devilman2177;Machochina;Warcrafter2012;irinadmitrieva2;helgaalex;Razl;natashattmina;acab1400;KPUDOH;Galaktix;danikkk;Vovan400707;painkiller443;Nekitosss;antoksa;GRIF007;nikitasik;AzyaT;Romhcik;ipd2012;krasilo;lider9;rodxxl;minor9090;oht;VooDooSerg;Hoob55;soof1cs;elenaperegud;kshrgtv;daniil4537;gonzabonza;darunka2006;arseniisin;Prondal666;Sereja09;Assasin05;ngreg97;Elmorian;Anti_Bacterial;Maks4;fikls;XXX_007;MARINaaaaa;Scaurus666;postale;fktrctq57;asabist;kotonec89;nicolya;Dashyki
araratmedved;martial1;Jupiterr;Tigerr32;WladimirS;pokimono;brui;vopros76;klainon;R_I_S_E;elizar1;Leto_II;NIKEreal;javana;Dimitrius555;MakZmei;lizza;Kalerian;ieggo2;winston555;Gvard3;kinier;nidnob;AZGuran;Inter_City_Firm;VKTR;Sowing_death;byxo;lzot;antlas;olia393;BINACOR;kamonishe;kotok200580;nirvana9;DumOk;Cixlid;Votek;GONCHAROFF;Bugsbunnyrabbit;Mirgorod;ttaann;Orion_0;dun44444;gimalay1;AlexKPOT;1guru1;jugls;Terrakonus;DrZivert;nata555101;b0mzh;mao3107;bagan;Bionicl;DENIS2612;VTEC;Terrakota;___L___;apgoi;kashmarus;evgenisaev;grayguard;pollution3;art606;Meritorius;405;vitalik001;laralara;Tarik112;kirill1US;sergeypsb;BarMALeyss;Jack_Patterson;AlBigBoi;balysh;madest_max;BBC280900;Interfector;Silver_ray;MagiVolshebnik;Tiderian;NikNikEr;lvica99;BLACK_RED;LarryLamerLaffer;evgenijkhokhlov;khronik;V_O_R_A_N_E_R;CrazyFluger;Marssianin;AlexABoy;SOUTHWIND07;GGmmbbHH;Eduardo76;D4040;Cryogenic777;Ronkorn;AndreyKSs;1Petr1;dryganov;DobermanXXX;laton;Azelo6;orgie77;otto2;KAS13;gobbblin;poccu;MuHoTaBp_dl;shok25;AFrad;AndyH;Sparra;Dream77;ytvfz;dikusar07;dite;iimolodoyi;KuPb;zatochkin;davidoffline;Vinto;Strateg23;DSMonitoring;astrasis;daniilslv;Mordyko;2you;fomenkoo;goldbussines;Izia_Katsman;vikstar;Protiy;zzz0zzz0zzz;GORLOVKA;Valeratom;Strach;lioxa13;matrix_ret1;Maxaxa;slasher76;yns100;centr1x;chupakaprika;Klirikon;_AGER_;kind_genie;Chalet2010;ZigZauer;KAPAKYM;DaFFiN;maximussis;Renig;where;omelchenkodenis;A1Tis;Arich;A245;POGRANI4NIK;listik_nv;TEROLI;semgrbunkv;RavenGuard;Posseydon;vinnichka777;MrZed;gjga0000;WildCatRu;Trance5;musm31;veselLacoste;CTUPKA;Serezhenka;McTiTeL6;CaM_Sasha;emppu;lienswar;Koval76;alexz73;Lifeform76;finasi;slayer3;Cyberian2;DLis;BUWEHKA;K_U_G_U_A_R;bosk1;dudalitl;hi22man;AWCVn;montoja1;ndrei703;Azagh;anna61;Chum06;BLUNT_me;Kiroona;muskaJA;xBOJIKx;ilyas666;kineskop11;MVGNN;lecs234;Corbin22;Giliantor;_VARLONEC_;Keemer;KVL;Django;olegavin;Zestyan;koka_drandeli;udav1970;stranniks2006;prividenice;dogoi;AJleshka;maksam;qwatrum;zveronos;skinettc;clow99;runtici;Kirasa;sharikof;Ligero;VarVara232;pekasso;Tanusa;tramp_corporation;Tresst;clavicus;DimonMillion;alegro99;MrBrabus;RedBishep;xMEGASx;xpamoi;Likvius;Arlandino;BNegetive;Gorthaurpwnz;Darkslider;DJJapanese;crazik;El_Sabat;Doktor2009;Kazimbek;pasha20005;alfalir;djo_k;andromeda_ut;Tepp;Chingisxan1;asad2702;Tigrenok_LOVE;Rosh_tzevet;asder123456789;Cumran;SEKSET;Nikolette07;ya_tut;maza_letit;MertvyeZvezdy;GRU_OFFICE;Soldat2;uDAV70;IiIsidhaIiI;psihozz;Djack_UA;Sergick;Vintovkin;Jarptichka;myrl;Sukor;w4r;Maks1702;fodes;algebroid;Yakim81;kombo1;lesya_78;koroos;spAceAce;YHECY_BCE;OXOTHuK33;Jaguar2009;borisfatnev;ASUSTek;DiPso;space_wanderer;tou01;KytyzovS;_KPOHOC_;dobrik0072;burilshik;Caress27;maaak;Baqteria;AngelC;helsus;lejja;hollywoos2;Flexs;Secher;volga768;Esmeraldes;xGalahadx;DildYA;GagarinAlexx;Termar;Tua_de_Nertus;CoToP;Ganzer;DSantyaga;YouAllDie;jazzzon;tavroid;titanozavr;kain_7;minhertz1;LUMBA;makar77;DarkSPAM;Vedaz;vedomina;Tankomat;Uitka;qwasok;R0B0B0T;RaubTieR666;KPOT_SERF;lesandr4444;Calderon;runat1;muxoslon;qaedtg;Saratsin81test;morganataka;PivKing;wsxesz;FENIX_de_PSOL;_Morpheus_;Renei;Freddi_Krjuger;LeoFighter;genadev0;Schamasch;shamanbrujo3;III0K;Speeder;ykorotia;VANGUTUZ;cozum;PavlIK_MorozOFF;FL1NT;ExTR66;SpambotTerror;lancaster797;TbMA999;unset;Ghos7t;BETEP_OK;minefield;war1968;Spartak_leader;Ibra79;ibra797;4elovek_Farsh;Nika_Prem;artekarpov;varvar18;GeneralTAU;Mimolia;Starwoi;4uDaK_OFF;INAEA
king76;Russiyanin;sergeQUDR;okbr;FCB_72;serg112;Shrekus;PjotrMahh1;vada811;ndl01;Riconoyd;zahodinikola;sv79sv;Kilter;likamsm;Gaspar_Lemark;samuelldoom;wook71;west001;tukserleo;Koteyko;SadAngel;knyazjuk;ser343;lelik737699;Drakon54;hanf13;vinskiy_ta;EASmik;bobmeddd;serggornostay;Jonhson;791VLAD;_Exodus_;Bor;empire_zhenyaru;_demos_;dregard;Fraulein;pyxidis;findelo;ninani;Nazgulka;barmaley_avk;klon69;bobbi_z;filgrey;Rusbus;New_Rixa;ForestGreen;parfenoff;NataK;bestorg;__Dezmond__;berezhnoyalex;galanbuty;NibiruMen;LilBIG;Egor_L;Lavrikus1;sergeBIG;heteko;Psich;Birusa;bb1112007;Dimonatc;b0r0vik;budulaj6;dmitrijjfil_925;massam3333;mypmt;dikmax8;AlexStarkov;shabali;TropinAleksei;Sparkiss;Sadist_tigra;megamaster2;Ferryrai;Nagval77;invasor;wild_dancer;Apsurda;Flash_ars;NikolaevA;dryn13;arozi4;tigr12;Dikay;keep_out;ANTARfx;19451945;Nagibators;Archangel2004;Quadrus;Bapsak1;7ups;Mogetbyt;profis;102601;dorofesor;AlexKultaevski;alexnsk;Nogri;Teinn;annatomic;pavigor;pedropedro;SlaF74;DigitalHell;antiaborigen;Vakula_K;7979777;rook552;Tory_Camber;Brakaziabra;PerOs;andriyky;pokuz;Burzhuy86;serg0504;jetrover;BULATzp;faiter_arena;bazilio85;CTPELOK777;aleksis2;Dimkoff;MAKSunny;Zordog;FeNUMe;myxomop3D;CandyA;Sfinks06;Cykpe;Ukr_1;RedWar;kremn;oksana1389;Alexxx2010;AGARUMS;mozdok;seamur73;gofmeister17;ttttttaljanych;TITTANN;sirin2000;fur4ik;SLeepnOT;Uastirdgi;DanVoice;MEPTBbIE_CHbI;Mih_OZ;adromed;Kora1;26272kalipso;visloukh;leva5spn;mikestart;wowand;ula17275_417;GrayTempus;innamiv;infantry;gmNomand;serg060rus;MetrAndiR1;Pgarry;mrigo;Lagshmiwara;Orge;RULEZZZzzz;TempusYoda;ggavr;XXXIV;Reklio;Progressiveage;elecab;Executer;Borland17;yankozher;alexscom;egorievsk;artivarius;DarkRaven777;stafiki;Bisu_tevs;noStyleXaoc;AniMashka;vac974;safren;Neux;Big_Liensu;Masuka;Medvejonak;Kol4ak;komul;nebesnyi_angel;Mcmacinti;mixailv2011;serglaputin01;oix;DeathAura;codesh;Maximus555;swichON;vodich99;ReistlinMadgere;MSLION;Nahodka12;grendolf;vlad969;StaffacarTerma;moodeelo;Skyle;An911;VasyaLambada;azatmoney;Paspb;sanya_8891;Wasil;Ferling;Phoessus;iconed;Brut13;SmallPascal;peugep;Boroda113;Klermon;ObiWonKenobi;licapolo;PavelPolunin;Tikituki;j131;qqqqq5;Koralis;nagger_00;abdk;Pistolero;Devostator3000;ujine77;Adellheid;GFAN;Spoony87;Wingy;ALEX_POBEDA;TheObjective;Ligutto;MrZorg89;corwin1;Abnegati0n;lordmag267;Gregor88;OLGANET;MrEvolIntent;begemot_1972;diadimov;AguinagA;Ivanopulus;Saracsh;PhNecro;crush_u;yahozyain;GUD_VIN;Zan000;ich18i_365;Gazan4;koljan1;Speculator;Aleqsandre;__HITMAN__;bb7;AgenT657848366384435;Discel;603as;Amall;stifler007;soulfist;Peridromophil;6epcepkep_ka;Prigorshnya;Leoal;Fanatisimo;suslikmustdie;Apophis911;SIDNT1;simvolic11;mehanizm;korasson;Tibarius;EvialTaH;Dark_Necro;Botar666;hameleon2011;dzhonja;Gregorus;langolierz;do0zy;Tamtamagon;ybivon;henryloyd;killpsol;meskil;SteepWolf;sarmat18;Ballooo;Aquilon;TanSAS;zedbi;Haligali10;GCT;beofulf;Daine;nettoo;Batic;Gaywer;GreyDragonII;neon777;shooler;Leola;Nordmenn;HitmanRPG;XoIoX;Kiturami;vagabundo;Papajuck;deserts_eagle;V_ipe_R;Encephalon;Atox;anti_psol;Trademark;alexstrade;Fima0917;MidnightBanshee;3OMBIK8378;gregory841;Antoninka;kurmis123;Richard_Riddick;Victor1020;shkin00;antiPC;crimp23;kos741;MEXAHUK_OFF
Yasur_sir;Ps1ch0;censored94;kapus;fox33new;Imperor1;Artur543;Mengsk;roman723;tssu;Tigr_Ubiytsa;Massacre;Von_Claussen;Kaifatum;DarkJoker1992;jennestra;nestorwoland;ilia2008;aProxy2124;ultratopor;InokAW;Bandor;teoty;Walerich;Alex_Volans;nata281;real02rus;1_Mag_1;Pakernak;MaXIMuMs;zer21;Amig0o;Etunheym;lokolaif;vovicx;TIJY;Maniac59rus;Varezhka;onesimple;Wernet;Blackball;AngusLerma;LaeK;Fyndyk;Bio_Panzer;MickeyLite;LeMaf;Tagot;DuBeP;Pestizcid;Lightness;sommerman;FanDynamo;deervi;molossyizazii;Cop4eniy;serik0791;Jorik83;alebas;Andrey173;natafomina07;_Madness_;Volx;vpicicurov;gura_saluqi;1322;alewe;Yar0901;1mystafa1;fantom227;Credo2008;WWWise;Vangarat;_viccc_;GADver;HOHOLRO;Lucasio;zabl;kaktus10100;feyasbitoy;maliboga;Felissa;qazxsw12345678;Jonki;Rsand;Enard;Psycho22;GRYBIAN;masterzargo1;dregman;rbus7;puma34;igordyrnov;Ertis;kori86;shakipka;PMD;8317;davidgg;weritas82;PabbuH;BaChoK;Axyi;Kanzaki;DeaTHfoBOSS;Izverg2011;sotmegadoom;arhiepiscop;Dewersanted;YAZANOZA;saneksam______;cod68;binovih;_Ruver_;22307;nazar25101;zignich;cat1001001;Vanes7;rufan;rthtyehjtyj;skripkin013;804g;vivivana;ciceron1488;zormax;qwert14;vozd;lexins1987a;Servus_Mori;alximik238723;kessoron;13542;albina357;strelok71;leliksec;SaShA1397;SanyaSav;serdgion18;junoreactor;dstiny_sphere;john_locke;starkoigor;werdert;Hunter_of_Dune;FLOOODER;litteduard;ovarbxamux;misskoshka;Antonea2003;kekccc;Bopnc;limone07;Serovich;_wowa_;DarkResidence;valentin2208;13demoon;gyc;wert1647;Dejmos86;rostik123k;MrakIV;korotist01;inuar;Despradon;99887766;CTPAXOB;Transform;bli44;Evil103;zaqzaqzaq;meeeeeeen;qqqqqwwwwwvvvvv;Molimonov;20kenni11;Irsin;adam666;Poziv;molot1981;Alexandr5555;xkx990;regidron;GreaterDemon;DEXTER05;8mixa11111;ivanchyk2009;TANKER;50516;KatyaRaznaya;3213214321;Sanguinor;irinuhka;olegvorobiev0;Shadow_W;lennar55;Illiuin;folen2;Raoul_Duke;korsik1;zhinguan;Novisemann;appocalipse;olax7;78963214567;Sergeys91;Mensar;AntonFedchin;daedara123;cherniaev;ostapiklviv;denisdem888;abkap;akimom;berline;slesar234;qrbat;aitair;Fardens;toly3379;voingthcbq;maksimgik13;1delphi1;NIKNIK20000;dorgeiit;TheBoomnew;vova212;Lagranj;horus2171;alexx2802;den471;pank009;samyro;564611ps;08vova80;TREZVYAK;kazennovruslan;Ermann;german8052002;keks201281;Maloyyy;scrat08;baltika78;Oblom_Ok;nikolasha01;bestbrowsergames;ybrbnf167;2000000000;davidhairutdinov;ZubenkoSergey;PUCJLAH;yarikFin;jenchee;kingringnik;zavzav;Kali;Spadeeus;den_killer_for;ProKail;igrmin;farafas;ntsstn;shkvarun1985;shurik13112007;Allroy;TRINIDAD333;c4rnag3;cott;shpyki;shlomo122;SANILAGO;Insic;H0MPAIN;yaguarmen;L6472;foma54;monsterkill229;slava150889;Taleron;rifat98;djeik;kilos88;svetlichok24;romailka;hanrahashiv;dik123;gfygtq;MegaKaps;bondarevsky;roma1607;dtqdjy;noliche;opapa;maks999;ssasid
GenaralDenis;nistan;togort;jangirson;HanKi;mna25051977;TIKUNA;Aromes;nodlehs;tamamis;gennadij;mimikri2009;Forsa;qvaker007;padre1990;Ravildos;Digray;cinemax;Antyk321;Nekront;umcaumc;sensitivum;zufa65;uncleBlack;Svityaz;chemidzma;_Passerby_;bflad94;Duntarchik;GreedSoul;_MM_;lpilipjob;sasha2ru;Stelsss;YasiaBOB;WarSoul;mop777;tamplier70;dartor;ZloiBabai;ssebeshuk;Abeatle;PeopleWar;ban007;DarLord;Koc;ILTENORE;Luciendar;kragius;schmell;Raznos;Steel_Rat77;grimgold;Teplograd;HemoH;djampoker;TARGON92;Ziva;SoulLinker;GostPovar;Solarian;AragornMG;Vitold138;VASILISK2;patrisia;Dadkas;Dimonlg;Vahadit;kuler234;DEONIC;elenamarina2;DeathOnline;blackvit;FaL_LoV;DARKLORDSIT;AcousticGuitar;Ralast;mazanderan;Vadek;T_R_I_S_T_A_N;Anubes;serkot23;alerjo;Alex281;kablo0;Chipper;Dark_Dragon_;antonks;AOTI;TpaHcu;mouseartiom;Viper1990;iMac;selar;RozWAR;Art_Ghost;guriton;aldun;gun1909;BloodRazor;HuKaHeT;chemikee;LeoJan;David2009;TERADON;rosa25;LJ999;Abemay;cobila;mrPooh;CAyPOH223;Shakal900;I22;Iskusitel;VamfiriLina;Negativus;VOVA1999;Bukinshtain;Laedar777;dirchik;stamby;BS_Galactica;NotAngell;Bill901;rsad;pewpew100500;LORD_war;toscna551;trizzz;mamed78;bogenregen;beeline131;dem_yn;MstislavaSergeevna;M_c_D;SunFade;shrekin1;xXxRAWENxXx;abkbys;Z_Nen;olegneverov;glagol01;moonligt07;vovapered;Grostovsky;Nepran;darvinvich;SOTNIK_111;broni4ka;wolfmaster83;jamshhikvvas;Next2702;nbhj;gg_Rasta;ann77847597;Enzo;Realhell_3;Realhell;asdfgh1702;Realhell_2;tukankusok;ARGUS89;Lenusichka;Lukast;kostik74;Ruse;Kostas77;gordeewasvetlana;Warrioriss;rj16;flick_norman;vetalson7;serdeschnik;archi19561;yamaxa71;Mudriy;assasln;maximus6412009;davidclan;ruslyk;Kripl;Repoise;artjomkawskim;sanilo;6493;sumta;drakochaa12341;mast1801;alex2snikers;FreeRock;JekaVGG
Money44;Valkyrine;amoonra;Surmiz;Sahavan;galenet;yomoyo;Fajro;Marishca;irinav22;GEGIMON;_Genius_;japo;wolfmaster82;Inkvizitor55;nalbox;DWanek;maximus55;Fullabzac;ktylhy;AndersonSpb;lunli;gusle1;HISHNIKI;Warlock100;fillvik;Winston;sale4x;Vitstar77;Anffer;elidor_77;CODER;yurs2;aqua5;_rgd_;Intermale_aggression;LEV_LIS;djoni277;nika0808;BloodFanat;eugenemik;MakuShock;Alex777w;Rupuc;Sea_star;colhoznik1;primorsk5710;Lukash_A;krestoffor;intal;abdurahmam;RibiesRubrum;hrustv1;stason285;mihelkon;Shkolinik;Alembic;Murrr555;rebootok;volkoff;NatahaS;poznaiistiny;muxoboyko;NewMaverick;mas1k;lllls;SBN;Dvrt;AndReyGel;seva71;pedotty;Frezija;akkra2006;Termitus;pilgrim6;yancharin;givid1;tarasovru;serega1c;gb500;Lanzheron;jenikc;malta20052;current;luckyizibor;Humanoidys;bbuca;festerion;Hamelion_AVK;set208;Gonzik_G;arhangel7s;pedro1990;DarGrey;INGUZ;Zamoley;Zheka2369;extraclass;IVIirage1;pipecz2;mutavr;wertihvost;Lebedinski;leng12;Lukay;averinn;teny2;defarth;Godzillla;sadania;an205;aleks197512;klop728;Neex;Dargaard;_EXP_;WAIVE;CherryGirl;gendelf67;Rapitos;Kojak;spurt;DronGnom;vodolazskyk;mitios;zzang;UnNamedPlayer;magdiver;demon_sys;Sasha34;kandelybr;Tokse_do_Mask;Crea_Des;L_Was;lheu4;marinatim77;VADIM666;GozuSkydreamer;KLOBEP;lrlr;israsat;Edmond69;chaynik666;IELTS;DoctorCrea;IvanTheGreat;rodof;monstro73;dosadi;tropogon;ALX755;Bringer_of_sorrow;vlad62fcz;XmmX;Drag;dvbanderlog;ROKnROLL;djevfr;edileo2000;lord_Alukard;val789;Maksim81;Saratsin81;miphril;spore22;Intelegent7771;Verel;justizzze;bomko;Dark972;_Sesshomaru_;smit111;Ivan_Krushinskii;geracd;sartan;mzvgv;Karlail1985;serg4100;KITenok;BlackSpot;TSB118;__Axe__;MuchachosA;is1n;behappy2008;r32DIR
emvol;NZAG;ApolloSkream;ioannsolntsev;Footballist;emilymydog;galeoner;Waarlock;Gastroler78;Kroshu;deymos34;Ralfair;Defektos;Sasha_king;vvasdv;Leoo7777;Dumbledor;Mix17;sizesword;bsv67;Kawasi;nik7777;VorTerraner;remmaj;Zorggera;MaFFiK;9067240264;Halk_151185;Swad0w;Area25;2k7BloodDemon;antiviruscm;s197418;Osiris_;jemima999;ChelAxe;tcb_ltd;ajlukard;Farplane;warmechan;pqpaq;Vikodin;Linnet;SarGonJIS;vadik70777;JustFate;Padladin;aferatver2;Zeleznoe_Puzo;kozadereza;lujja;RomaShka_ZVER;RETERY;sansta;mas1233;Adduction;gorbyl;solntsevIo;Goblak;YURANIUS;yellow244407;bozell;L0K1G0D;Blecki;galinakonovalova77;slava355355;Tor2004;redisonkkk;dekard13;ssasss;Ragnar_;Louxer;ol_vl;leitor;Komasu;fiwa;DjoniKuBiK;IplayYOUcry;dyn_prosloy;fagimas2009;SVeronika;Zeratul2005;azarro627;yura555;qwertyccce;ammert2;Abgvalder;BIGZLO;Proton65;Muntoya;LOKI;dushikfan;PoDayTeNaChay;Rada2207;Viseman;veleyr;GLAUKOMA;Boogyman24;borada;13tatarin;DIZAUR;Orcinus_orca;Alisdefonte;darkstriker;yoda_0II;Yahoo_eu;ronnin;infilden;EXEqT0R;DIX78;EBERRON;petr7778;MALDER666;revoleks;xivilai;Mamonth;q2s;VAU_1971;Hupec;VVVV63;artem2222;Rond72;MarAmiR;ryk3;strilok3305;massiliu;Nothrog;angeldaf;TORNADOx99;Gines;Kalsterius;evgenii99;seroleoni;Yohohoo;_KTO_TUT_;OrestAres;s2007aa;maznatasha;futbolist7;Kingas;tssim;Takmak;denyum;reweramk;Natamar;alex1681;resedentt;CEPII;danil000;Zmeyenok_UA;stardancer;akvalon;SARGRTAL;argishti;Swetlaya6791;lexoz671;segaass;censor2005;jkkt;NohnoiDozor;nwer;Unknown_Erorr;gariboy;Maksimilian1981;lord_spawn1981;mike308;Lapwing;its2easy4me;Caesar1984;Dude666;ErSquadAssault;cj777;Sibami;labull;serega72;soniksa;athlonxx;SkyRunn3r;roobel;ryjgrf69;tr0ty1
Antivirus27;lionfs;buro_uslug;skywitch;AlphaSp;Gryzzly;FSOL;Fobia_K;Fridenn;kwm1;Zloy27;Aleksandr_;nikitarechkunov89;GeVolk;Keks777;robertelf;war2007;Brost;vadimka22;b62252091ba44a0;Metrodotel;MUPAHT;fontox;BuJIbI;DarkLord3000;ura7ura7;prolowe;Damax;sam_jan;traydermen;magnet27;FetFrumos1;zoodxxx;courteous;Step3028;svcart;Aserk;hg_hg;skitalec45;auir;Lutic;levantmark;volk_mag_66;feldfebel;himik_;Sluttery;Govrysha;Esmerald;vaybin;beavisovka;infill;Qverkus;Romansk76;NightWolf1;EvgenyYarov;Volnolom;Gyroskop;eeeSTALKEReee;tut8;Lord_Zolo;skipus09;Ozik;kapala;ddiiver;vilmars7;BoogieMen;pserg;Kondrashka;LexusX;zaver3;scaner555;TapxyH;kueBJIaiHeH;AnakZendel;_Death_Star_;Zauer;Noprofi;shater11;RainDrop;leho;woodooas;Hudson19;hamsterOK;garuchillo;Generalwars;Hegle;Zdrasce_Vam_u_hatu;Bayda;geer30;woddnui;mixa2;Stephenlab;pokrmon;bratt2;zigan1900;Firetrol;alastisgreat;DPower2;valkiriya_Grom;Omelya;dimdon3;Vavana97;titarenko75;vitkolyasamail;Vasya198225;KKLLIIGG;Ivan7777;re_b_e_l__;PsiKillerEX;Raul_Gonzalez;Lenin1941;V_O_L_A_N_D;murlacatam;volonterDS;Straniks;Perm;NACH_TO;Andruxin;spectra;Vakhar;Botankin;InspiRe21;granta;Eliney;GMX_SILVER;guest12;KARD1NAL;Choopla;shtushakutusha;MironRad;DimON07;LaV_is;marfa30;Doktorgre;odilak;z0001;Cppnasm;BILL_PRIKHLOP;parad0xxxxx;ShamanFantom;luhr;autbek;Sub_Lien;Dark_Star_One;Snowboarder;almahax;prkBot;Andarfin_S;Black007Angel;Ajrattt;VODICH;pariyskiy;Vla69mir;WETROW;WolosD;MadamWunder;_NoName;maksV;maximka1979;PsyBEAM;Fendersons;loco1988;SmeSmeS;Vodka_gud;cost;obormottov;_BOCTOK_;Albertgor;MotoAgent;mr_mokys;vansurr;rka1999;El_Muerte;caramba35;mogul02;Onnill
kola1988;Urka87;PlayZaykaBoy;Godspeed;Goranter;nosapien;Schmerz;losttime1;genacvally;ExPerennial;drdimo;Vitjek;MF_Kamill;TheCrash;intelektum;Pribaltt;alexdorf88;kos_ntagil;DSanzor;Trakin;_dim_;Demonusus;Perlat;IL_KA;kostrabk;tolstiksakh;111ydav111;revash2;theprodigy13;Markscheider;WAR1989;Kellys;Dornenreich;Sub_Zero_101;onekrasov;vadim_107;Shuginko;Karteres;Shah94;markv70;Arsenal84;simpson821;D_1_E_1_N;alchemic2006;simvolicen;LEONID217;Picelov;lexxrip;DANGER_RAIDER;leechdraw;Ased28;stah777;Kayribis;Rusga;meidjur1;naktyurnal;gens22;epicfail001;LadyM;ivit007;WOI;JoDow;DBZontour;stasshevds;Gepard_AD;TikTak28;DimaMo;GrafAizen;foton2010;HeavyDragon;Dilan_LT;PampaDS;hromag19ru;Mordork;Arkadianec;SoltiRay;crazymakcter;vgrc790;imxateb;Exlite;ReVeS13;Sadkhu;suhareha;Morgiah;Groberr;yvet18;alex84555;Roman78;Ramzes44;supervasa;Anymag;kosoogr;M0RRIs;_Mishanay_;Dewereaux;vvv768;shef080876;SpoylessII;iDusk;Zanskar;Minho;lemyr007;dopler;SPIRIT080VL;Uran999;Alexandr11;WArgentum;lehaGoogler;CalLightman;medvedterminato;Sumo;jezibella;katransb;Anneau_Control;luui666;nedd24;GerGiks;drakon001;Dzizo;Artemosha;Madarsenator;Asylum2;Lisenok_34;Skychampion;ordWeist;Diremaul;novichekk;_Igorek_;Recover;viktoria21;diskobolka;jin18;zolder350;f1Andy;0whitewolf0;mikkoshmin;armandilo;Kulishov;111mak76;warzona;nelit97;jacksnigirev;SashaSantos;BloodyDogma;Sapferot;marseilles;Grossflugzeug;Gvendoline;ALADORIS;vuk112;AlexMasterJedi;wolf99ru;pashtetina;max673;scurp;klksenia;Tartinum
MimickryStronghold23;MimickryStronghold25;MimickryStronghold26;MimickryStronghold29;MimickryStronghold24;MimickryStronghold27;MimickryStronghold28;MimickryStronghold30;MimickryStronghold32;MimickryStronghold31;MimickryStronghold34;MimickryStronghold36;MimickryStronghold33;MimickryStronghold35;Nanarick;Cunica;UmNick;YAzONVVA;Krolleg;Pseudopod;Psychonavt;Genezis21;GRAAAD;Illika;HISHNICA;SAL65;Goldmist;Frosya84;BopiLLIKa;Lemalade;tomahavk;Chistyakov;30february;Colonyd;grin37;_iconed_;Tupa;0072003_696;dada;xATAMAHx;Seton;Rani;BATMAG;alex4104;gnilozub;DustFlash;din5419;dedka007;birillod;1nme;Historycus;gerasim_off;Serz0072;Marakuba;Buzkagir;KnazTaranago;FUNT999;tiamat5;Veanor;vladren;Guns84;hochunchik;MimickryStronghold44;MimickryStronghold40;MimickryStronghold42;MimickryStronghold43;MimickryStronghold37;MimickryStronghold39;MimickryStronghold45;MimickryStronghold38;uzennaladka;guzel543;Flameline;parsecsrv;ARiderus;BorBit;Prokazdnik;ullis;FEDERALOFF;stranic111;kaderium321;Strannii;Valendron;TraderPsolao;DahaK6868;zak3240;dmm111;papaxa;Nmak;Trader001;dora11;aL777;severna;slike;amur1650;berkyt124;Fasdor;S_A_L_A_M_O_N;masterzargo;VVVamiRRR;katrindenek;Geometr;ffa1con;Amerikano;levonikas;_Nightwish_;Simose;MIKE1999;kostafey_;banek;Toshkan4ik;snowprincess;Anger_Rage;R_3;manuhh;TRAIK2008;Mr_Liensy;lexx227;yurhome;xakek;magik2011magik;Chen_Ko;grevtung;neman1;NeedLess
VeterinaR91;iskatel;iskdir;Puziko_MDP;palsch;Korols;shurafrog;M_Kristo;VICTAS1;bubastis;aimorion;Termuha;ResID0383;virus_kvartirus;k2rvist;ruslanp1;xxeL27;filipf;azxer;soratnik;Cadet_L;R_tiki;ak74z;MrDrew;RIA1;Nicole1982;Valkoval;Garrat;Fantom_s;L0l;belokrylin1;SUPERRVOVKA;Krasserg;Amazonka;cargoman1;VeNoM2005;Drakon_DSS;exStager;rayne59;xpxp;GenaKrokodil;beistand;kaleni4;Eddileo;adragon;Deamand;Munghauzen;corvinus2006;dase11;AlArS_;lewin11;kingmax2007;v7v7v7;Rebelqwe;El_Fantasm;cpu222;UCSUHTA;alexk777;gladiftor;BattleBim;EscobarfromChisinau;vigan;RarEran;anfiska67;chumak5541;hagencom;konstantinprov;mudrij;zona_51;bbmpavel;zhvacka;flumber;freetime;Ancifer;CrazySewere;Gippo;max1999;demokrit;monarchist;LOGIST222;Ksantiaya;ApTEeeM;Yurij;blueboar;IvanTheGreate;Almalish;sania106;Vedzmak;Usatiy;PREFECTOR;Wolfangel;_sanders_;lizardlp;stesha27;LuiXIV;LeKris;VaMaG;_BarY_
Copatel;Teraksor;kuku17;puk17;tuk_tuk_tuk;mirnaja_kolbasa;XAM2Mer;dun4000;lex9913;Insekk;sfHunter;Kartazon;Agrafa85;v_r_b;danien;Petr0vi4;byyyy;Troaynec1;SemProffi;chudak2010;Beatnik;kokochino2;kviria;BiTs73;PELENK;zoluchka;Lord_Juggernaut;Xflat;ElvenKnight;Equuleus;wyatt_earp101;Ollrite;Eda_23;kolaar;alexprogr;Gargard;Alkondar;Soup94;mr_demoniko;Desetin;Solutus;tamaykin;guligo;sanea2009;Desitin;Alexey_N;Tutankhamen;ikimaki;KIRILL9;Jenia0079;vbkrf;Ravilianski;radik_d;ctasstasov;VICTORY_DS;Forever_and_Neve;nikolaevs;NOSLEEP;psolovorodav;zalczeler
cezar2005den;ZZZzzzip;Alan_Alda;Gluztes;sweera;KlausUV;Pegas_I;Ashbringer;MagdalenaT;panchoha;Sitilayner;Kelvin2;efim4ik;Astoriab;VladimirC;Moork;Subri0;Biomonster;Viranium;one139;biscup;Darhik;Magbet;vova19861;Skybird;kernelapi;NIK800;Skeletonchik;Vuvuzela;igordr;JoeSuper;inception;millworm;AnTTon;TruePic;mytantishe;skakunn;xKEEPER78x;rubaeer;edwardoid;Black_Glad;PsychodeliK;Sdafan
alegro8;JF_SANYCH;A_nti_P;aivamar;IegoFF;brranivichok;Maks_RS;APOHAP;MagXXXL;mittwoch;Serunchik;Michadol;vdr1624u1;ivm63;SkyAngell;mrdolfin555;12134567890;nik911;Llevella;ilya44;gensan77;__sid__;Zadybrovsky;InfernoKiller;sergeyboss5;OXOTHIKNG;student19811218;gramm100;Starkens;Sokol_2009;korsarx;Cheini;koshka32;OLEG_KRUTOY;tolsuper;MadKar;PA3;kelevra_;ibragim1968;KaiserSuza;JusTaVinO;neAngel_Ok
gasolina;Astronaftik;gutik49147;lijazevaolesja;ARSENII547;9220083;Dimcheg;gosha83u;LEI_WULONG;c4199347;niouz;_PS_;TAMERLANgoro;supertopor;alenka2012;tryes;actionpay_123;sergejjziverts;lopon
