WolkodaW;BeastBY;ibeerlover;HiPiFSO;pro169;slavahr0;kisa1301;delta_force;Warrior45;Bny4a;tem09;xaracheban;Whitespear;Niamo;Elkord;maxkosarev;gordeych;evely;skivbox;Fidzi;sugsapro;hriak5;imtune;AfillA;kevin_nikitnik;Nikon_d700;GreyCardinal;Midknight;nikrofil198;Askoldir;BloodyFrost;loliuser;4ypik;Aank_3;alex0306;dmvasil;Mehanik111;BRONEAPL;JavaRad;PiRaT9919;mlsound2009;Devil_sister;iventes;Badspaider;Stanna;marik72;Amihas;stepan98;LEGIONER_STAR;selisten;karoy;andrejjbdkv;Legioner007;kepatopoc;Dentarg;godobikov;SStromgard;ewqazxc12321;capogok29;Mephy;ann234;HandeHoch;Nezabudka_N;stGregory;afonja;NRH;gurza015;saidus;vsop007;scorpion291076;Vaale;sleghome;Asmerd;kostik9;zerogroup;metarhos;anspik;4410;rimona;svinunit_416;pavel_ginin;Santyaga89;gofar;1Shtusha_kutushA1;Professor666;gofrein;vasilisc92;Chummer;MugenBlade;Ririk14;Hell_to_move_in;br0mas;Renmaru;IIOXYUCT;Kokn;Hikitosik;057575;TROGVAR_OGR;Kuzen_Avi;draganage;Zele9r;brain164;Kamik_Orion;nem4ara;rah88;ZIMa07;intercep;corell72;profsha;11176586;Eulen;cprok;AD85;Momorik;Whatye;skiters;Be4ER;XNAVX;Lopino;evgenn96;lomik51;Vladmal;evsigneevtima;ptztoxic;Indifferencenov;unhack;dubonja;Commandoss;barsuk317;va1kir;Stereo434;generatesun;dimatar;VDOM555;XbormanX;timbey;nohchoi;stalkerxer;xcvfsg;klim2112;nerg999;PIT84;smok45;asovers;Korotiwka;NEKROMORF;Munto;bahlik;Refox;LeoTomp;yragah85;Pyc9I;Linoks;Rozaruo;kirawa;2VladislaV8;katany;demon48;muadeb;Foresd1321;Dmitrij37;LornKarios;belouso00;IiIVIPIiI;Dima02;FireDragon;pomahyc;andrej880;COCAINEE;juhyfc;eng231;lexaoden;Mikolog;sleeep;BOPOHKOB;wityaz1;Asaf;kolesnik274;poker_lady;Fishenzon;al12345;sandin1983;Shadowilya;MisterFix;raklarisa;vydas;bliznec23;RcDog2;9991;NoVoSti;Morthoseth;GoRblHbl4;alex20122012;XMDudkin;adriano97;Dumka100;Xzort;maxxx15;kot26;merli291;maks20012;siber97;limbonik;kolomiytsevdenis;genydev;Alvagest;iljaloladze;lekhto;lemora207;cjybr56_236;jodu;oldNestor;Dominusss;hitrou;kobz91;Hakenkreuz_;tanuhawau;dubovsv4;nikitosp;kofanovsergey;wet46;xklikx;qwerybones;voldemarij;qwer000;prasep;bak8000;krivika;vikinikyal;Nerevarin369;Gulija;Kiryxa18;makarpokja;gfcftr;Barata;adam_ich;teplikrbk;denomid;muzychenkoaleksejj;Sartan123;trahmaster;baneling;admid;allaxby;Monrok;maxbets2;kuzbass42;kill11;nikitaskase;abudabum;edurad1420;mihne;nikkinikkixxx;trevas;Broon;Maksimkoxp;igor45rtn;k78;sephirots;anton098;igor147608;PnPSEGA;Vinni2011;stas101099;ZODxXx;5643;64074587880;LiSt8;mik110;yrik_9;Bogomol30;Katanale;breader;rafiska99;Omanika;Blaim;slatkiy;sharoilja;qwerghjiop;DestinChild;fakser;Risto;golovachev1971;bekchiveaz2010;gamele;borjomi2;nikitaremizov;sayron21;48008;Skepticism;fynjyjv;nimikon;rwi;Ardorm;adja07;sergeichirkin2011;nagefer;monTT;falshunov;Dartan;basito;Andersen99ru;anisianet;Soerrrrrr;qaz222222;1roman2008;OS_lool;Devid_Belle;zuzja66610;zawetz;suicid33;lepsi;ZWIT;DanillaDragon;fakrai;Narcodancer;ily367;kelaghbdtn;Shmula;ujif0602;izwergin;SAMBIST345;Sfera007;kamikad;stalker998;Gevorg123;tautet;belezard;radikid;levnayt;dima55500;borsyk007;imbatman;Anmortal;vovan533;1998823;supcolgate;hva89;ArthurWhite;gufffffffff;micko;alekseif13;KELLIR007;ninet3;jura4211174;ilya9621;Dok97;arturigumnov;AVATAR_007;sergeilew;sidorovaleksejj1615;bogdan_alisa;illa99;cherenkovkirill;Jenya12;dashhhha;Ratchet97;nikiteka2;MopDe;Sketch_63_RUS;MrKsanty;bigmam;artmas3;wertor123;serger1484;w15suxk;sswd00;romenchakrobert;kfjffhdjjfdh;nastya28;Black_Queen;koosmos;Twelwe;stoller;3DMetalhead;NEFERG;enick54et;atad2008;Gnom123;narutan;Tottypro;6875856974;Mige;mrblack1998;pensioner1700;KONONQQ;linksys;igorpetrov;Veronz;zdrqsc;boris19733;kit306;Nextone;oleg1999;hatahy;YUOTUBE;gahkctep48;NEGEFAZ;leraleksandrova;pavlk;iolka777;Ilja2003;tomo9;Lagshmi;nikaaleksandriks;Graker;holypeace;Katerinka1991;olders123;alex54543;ftjsrtsrjtj
sertili;Nadin;kantata;asprin3;sirdevill;Deathruller;mmbond;McDOOKE;aisha_am;Jurij12;AEG1;SergVVV;Torenc;namdvili_ambako;miklarus;sahatyi79;Aloha;rikardo888;tibatiba;funtik0111;bednjak;Dimetra_;Slavik78;Ascar;Galaxi1;13dan13;old_z;Mr_Pi;druger2;anri_pr;AIRW;DeadMonah;kab1400;Kolbasoff;AlexGrey;dliv;morto;Shnuk;selavka;BENDERA06;Hzarg79;leliash;avalon_65;kosihopitao;CrazzYGuY;Deadloc;taket;miha2604;nasdaq;STALKERSOTA;shadas;Tilk_Academy;Urka24;Erics520;zzonk;Tassadar21;dilikauri;MrSybex;HYENA_HYENA;pacmay;Phel;zuzzz;sayavria;powerss;nasusurnik;MSLION;altorop;Lugor;sotya;Belivern2;KeepeRlife;cronos654;Lilu85;OUSEN;avis_rara;evgen14;SIDNT;zolotoyentony;Vitodze;Ankalawr;0770;Mihalch;Todes;dyser;Hunter_nk;tsitseron;serf123;Tsistokletov;juice2;BLACK_W_O_L_F;Alexandred;Tehas;jonglop;hip_dream;zxcvbnm555;SHAFTForever;Dnstuff;kimusha;Sergey_Ivanovich;_Djony_;fludila4ka;SM30;BloodLoveAngel;ALeX_U;dudaeev;Makarenko;oks13311;guligo;anyta2602;mbwana1;digitex123;LV2001;v220;murmur;gadyka81;Stribok;Brodjaga_;muskatik;Avikon;kadavrus;magizo;dobr167;alexmoon;spich;aleksandr1833;marsianin72;Andre1972;Skorpserg;skarb007;Botankin;mavrigon;oritanas;Irishka1969;DestinyTime;sonik2005;Sasha1967;TURCHAK;markiz1967;Superchig;g6i1zz7yfjog;Botus_obormotus;cshev;mussont;DeonisRayc;Stopmashin;Morp;Detestable;BOVESPA;Lyutiy;Chocolatte;Roman_McLeod;vovanjatka;Opilat;Aleksey_Kolesnikov;bakster_;grtemkin;Death_serg;skorp77;bb1112007;Plom;molchunnow;Stalnoj;slonikopotam;serpundmolot_77;DuxBellorum;Timatkov;klone4;svetlanasuper;asn09;kondor40;lenin00;zz808;arakas1;SagJOY;aueg2007;Sony320;ssserg2;Jura;Nyashami_kun;deadonlyone;terandrey;63reg;KOTE74;Mikhail_pirat;Egerer;armoon1;fighter_ogloed;fly666;neolitark;evgenisaev;asemlansky;Myst3ry;lionvitalii;Vika_sha;Amalphy;Astim;neonlight;Blondelady;Gazaa;nettoo;Dark_pepel;const86;Dadass;alnev123;raxas;Kopashka;RGD5;Chertopodoh;Leshiy_Ash;dark926;Lordalexander;Andrey22121984;gutalin147;VeisAM;blascJAC;murtuz99;DedHrust;elfh;ks2012;poporu;IDUS;Mim2;Fcbooman;prestigio;MIHEPBA;SMertutaHP;pamarafonim;Ukus;Daine;Vedaz;levkorol;ira123456;sid777777;budushee;madamkuzina2010;voleri;glorfi;MinnyMe;TROMODOL;LLIamaH2010;pavel1978;feyh;YaceK;skomarova2;InfernoKiller;Gigandra;OpolonII;Andron1984;drn21;Livers;uzhos;skelin;WARRICHTER;GgGk;MyFAV1;Levand;desya;sn005dog;RRmice;Protoz;almashy;Warrioriss;Silver_Dragon;sukuba;B_nOuCKAX_PecoB;MaxKulkov;rarapuH;Vadik1858;ProstoBest
stasian012;ROMATO;root_by;Uspex;Wall_E;arcana13;Glasseye;manX;Annaelle;FireWolf;Hassadar;BOSS_BY;dgudi2;MagicBright;rolar06;giosposta;Kamik;Gacop;Zell;serj_e;Moldovan;ReaperDRW;Rainmaster;RateG;Italiashka;_Igorok_;Anzel;AlexyBond;Nikolai1973;XanDa2005;yDarNik;tytry12;Menni;Baster;Dmi;gott_mit_uns;spinozka;Fomka;Ikar82;winnel;Dolforn;cyfral;ashom;Actioner;ValeriyVS;gorra;Henk0k;Sc0rp10n;Pooller;RTI;Mampoc60;filin1202;vavan64;Godzzzila;REAKTIVE;Lekseich77;demon_antuan07;Petrovic;Psylog;zzz707;OPTEL1;SaTaNa82;TIMUR_TAMERLAN;kakukh;dimon2187;TAJIEHOR;blitzstar;UncleYorra;valis;vityx;deadwood;iriska237;OMGXaker;salabim;euwa;alvaz;valm2005;Habicht;maxkrimia;Scorpion_sx;kolenval;Hlebus;makanaki;dzyruk;romul;Sustav;methadrone;NetRanger;marsianin;Dzunga;AprAxiA;parapessor;Stn;mr_dick;bloodaman;Kirilov_Alex;_Liho_;deyt;rockdj;nord75;muraba83;RJEY;MinumuS;Preator;Blood_Crazy_666;shimik_animal_jr;p0dSadman97;nhfrnjh;Resurected;behappy2008;ellen_marlen;Exelentt;jerikomo;madenemy;KAMATSUI;ataman2216;Architecture;Sfortsa;_Torr_;bumbel;serge175;Akson_neyro;Levij;OSeloK1;Telepuzzer;Bogdasar;07071977;makerpeace;gasssan;marih;emo_7;maksskam;Aken;solov57;FOV;_komatic;Karkysha80;hecfxrf;Vovagnytov;slavahr;Seliger;MeMO_;Akkord221;Longhi1333;Ledzz;Alexeyxxx;kriksik;Speedy8;Miaal;JustasAG;xzerekol;fariy;Shadow_of_Night;multivitamin;4uJlaBePT;redok3;Nestabi1niY;Kto_zdes;smok;dmb04;donidarko;vampiress;APOHAP;Master_meditation;bestbroker;Falcon_Claw;LeV4ik;dragonmaster;Bereal;allart;Agnepus;o5e2stou;xomlak;arhiepiscop;dimon1989popov;Eldente;AleksZ77;cybervizor;VeryWhiteHorse;Accept_;chilanzar;Schumacher78;master1992;aragorn8474;Wrigley;Thunderdomes;shlz;haruvim;AlexGor;GriFon_;Kssandra;runeru;Snoshalsky;Sklin;___I___;pospelovdk;shaimiev;novgorod1;Doraty9;sirslava;tu1528t02;eksiton;ElvenKnight;4dbpower;sonya270972;GENIUS055;Intelegent7771;bad66;FALCO_II;nick_is2;Kazulka;IIAPAMOH;JonConor;colibry27;Untitled_Identity;kuntin;1TAHATOC1
FedorAcryl;Jivotnoe;region2000;Veech;EnMac;XOCCE;DESTER;roman723;dzeris;Perfecta;Nof8_Scanner;Deyvoss;Twixter;Dimedrolum;jinrohh;kukusa;chorgola;KJIAPYC;chrek082008;nightDOZA;vnazaren;boni2010;Novocat;kanash;vishnya1989;Justice_of_pain;makar54;PONEPEDELNIK;vitalikest3;Djordano;Fantasmagor;katrina;Serhio;lefeka16;LadyLockwood;sIn666_punk;Vegan888;Prim2009;scazzy;taekwondoITF;pta;logan4ik;Sergey101011;ooooooooooooooo;HAGEN2010;karasik_olja;90na60;barboss79;seregamas84;kashtanov19651;Zallun;rave1985;AlexandrVer;kotenock;grafistt;Maniga;dialog1;mishanyss;Demo369;sheik17;Kostyn302;Scheger;sawat;ulpantumenova;terotut1865;Miribirka;jhjughu;FTMR;iv5an;Yajy;drakon1985;das12321;zkan;chemodurovale;uzumaki6;sablezub1;Greit_Skiv;Gunnhild;VSL;skillok;niknik21;ablsveta7;BAHEK92;smit77;myloporabote;denz01224;nLightSoul;mishanys;acx2;granovskidaniel;happy7;nfyzfu;berlingo;sheik12;fakyu;HAXEPAOHOMHE;Korowka;futug;24334283;fogreen;nikot;FerCor;McLaude;rolodin;jy4ok;BOJIF;Sasuke2;littleKarlos;artemrozolenok;johnny17;1234561921;head198005;dkflnjv;TOKARem;x4EREPx;oldpunk;Vulhrim;roman199811;Angelmail;serjant89;Resak;gulshat22;roman950708;Robulon;EvilPartisan;cannabissB;IllidanStormrage;PUERTO;rufoti;m_solo;AnnitaMult;1Bpam1;goblin44;John_Olson;NaTuRAln;dimon1565;leonid12;Hamingwey;Trolik129;StatuSDeaD;Coldat28;WikiMan;silih1995;gorthsir;gtxjdftfjf;daymonIT;FA3A;vadimyara;dehc88;zoranders;sasasa007;Cibik112;boss54;aidarrR;vavanich;IrreversibleS;ytv;djawdet;vagir;boika;kagika;EvgenijSafronov;rig1980;tgrehgreg;devilmlatshiys;gegi
Types;zaraza_xl;zdorovjk;DFGDEN;Kosty11;Artemonion;MiZGuS;TunderStorm;tvinner;gen2002;Ruster;david_gho;baton_ben_laden;BISCO;Gaory;Valdar;OGL;Artyomsol;m0sk;klyvagina;djo14;DEAD_KOMAPuK;_220v;StWarrior333;Chevy;Doktor33;mick_ts;Rassul70;logger;desipt0n;sadovod;iMultis;Xramovnik;maksimit;Dark_Inquisitor;acvilon;Akashaa;neon777;Dragonsky;Arija666;guriton;altushka1000;Nastya_Lapochka;yanovsky_den_val;Persid;Mozka;RfdSS;power2;KVV621;KORSAROS;Dimos;zHyperion;PabloEscobaro;exmeda;Vagonn;qnalocas;kica1154;Kuropatka;FaxxL;Postum;Bad__Boss;Arec;Aladen;timan01;oganov;fastbuilder;MrGARY;ilusha7;ZiXXX;dedmopoz;Veselchak;ZoRMoT;echausov;gumilev;mif_ugra;allslavin;VitaliySH;MrDriver;Olga1155;METAJIuCT;sndrbbn;CrazyDoca;Kornely;Pervayaposleevy;Soloway;Tandem;Vkusnya;MLR;nikleo;geologoed;_DAttrIN_;Verogirg_W_Klandr;KingOfErythrocytes;Cheebus;Shatsky;lubko;Marina1967;Taras_bylba;RYTAS;Ptah_de_Gril;donAugusto;kurtshar93;naglec;reBlueTooth;BDL_80;Morchelloo;Barti26;Cobalte;sergskv;Victory1972;_Unknown_;Mir_OK;Raysas;nio55;whatze_phaq;Abyys;Pickachu;HAGENIDZE;ver123est;IVA60;Atatashka;Double_Nail;Zmeeed;crimp23;XXX_12_MMM;leshunka;RealZveroboy;FamilyS;den2008224;ZakopateL;nikitasbj;Rippik;STAREC231;RAV007;Requiem;Aliadenshe
SeAnLiKi;NAP78;Ferling;Leonone1;night_north;X77777;Chick_RUS;InsaneCAV;zloy_ninzia;Jigas;fantom80;xXxRAWENxXx;GERAAA;Cat_on_clouds;san2004;FineKettleOfFish;korobok111;vladimir1999;Dusvet;Burj;Irbiis;SlaerART;hottei3;AIHma1G0Dve0Z;trauras;AUK1970;krys_dro;Angel72rus;xxSTxx;slavahr1;TURIANEC;Veresk;Werdna13;KillHunter_;terr_;TATADEN;arrivederci;Cherep99;_Gefer_;BAP_BAP;ak197;svarog691;phobos2k;Phoenix_a;Sora13;KRUZEIRO;TyZ935;garryk121;Phoenix935;simonna;GRAF_GRAND;_ABADDON_;Vriss;TERADON;Zmeilo;dog2000;HLOPEC2112;LigtSD;yur11;Haziel;Sergali;Magnanimus;DrEUR;XCAINEX;Bastinda45;Setels1;stalker19772008;lili_tango;Lenusichka;GPS100;RON_;lcferus;npopokx;alexd381;shumovkv;mvk10;naumV;andrsn;westwud;Musaka;NewGodlike;irum4;nimezidaa;overnayt;DOG13;afganez;elisey22502;astmargal;Jasko;iis_285;vfolet;maxykl;Al_Damir;Lukast;DANEAL3000;Kiber_mwtiteL;Rik428;aieti;kostya197808;dac0n;gero1234;x115222c8;Olamara;xmeser;dizel7;calaps;DrFreeman;Valik18;nikolasha0011;banyad1;aratustra111;shurik8133;Gines;faberman;FAST22;inal;repinilia20100;kotik356;gogibubenchik;artem121212;hihihi2020;dronin00;yurta38;maksimkatermit;komatoz77;Viktor_ChaoS;Parazitte;erepa;Roman436132;vasenev13;snoopy24;JekaVGG
iluzij;Arlandino;Acid_hacK;anres;kollesnik;Sayryn;loxudra;lobach;Astrawest;semyonov;zvitaliyz;SHADOW_50;KisLana;korepan;14KIA;supchik;Fanton511;SergeSLK;_DERIAN_;monro;lev33;Beresta;Legioner1333;BETMON;grdmn;skytronic;Indemonia;Oriens;tumtsia;Lakiroll;dracon2;evilus;LEO189;Mubo;nato4ka;SunnyF1;VIUST;Companion;Fobosisalive;Monster;warxamer2;cola_cola;nuBac;privy;agrius88;1354;Rainboy;Bace;MedMiV;MegaPolus;DeVinter;oleg_k;femida32;castle;Gekasus;fetol;eee2002;PlastycBuddha;Futbolist;Triumvirat;snakers1;ferrgo;SVP61;OVERVALD;Nezhna;Rammstein04;vitjamba;black_dusha;Gilmorring;William_Wolos;Kervel;custodian;God666;Svarog;lesorub_s;Decepticon;a111169;ColdRain;TomoGavk;is1n;zukmsk;nastya1005;dudmax;gigapihar;Disa911;yandex_ru;Ulis;roma_arv;Dowmntime;QWERTDCVB2005;kkarabass;Mete0R;Fertilizer;devakor;sancase;shamhor7375;mkserg;StLynx;wulfs;Cristiania;kvasha;ss7;MBug;vomihal;war_otaky;_DeimoS_;Pandi;Solistka;VIGAS;SoulJet;Lopouh;Rusana;Nullifier;MrWhisper;_PartizankA_;shooler99;grantbul;buryjtino;KolDunchik;Kadinov;ingenico;Alex_11;pimba;alikserj;lydok4;Vorobej;Roland09
dolbastik;mmOx;1autumn1;solshark;baza415;nosapien;ASPID73;Oleg_aka_Giena;Gijdoolakh;imanuel613;nafar;gedo1;blamen;Enzo;branall;Adeptic;KavaiiVampire;AntonFedchin;aronya_787;katarinna3;Sir_Armageddon;DeViL_Master_Ok;Gul_Dan;MAKAPON;iL1gA;GORstar;Lord_BERSERKIUS;Nelsson;PsyGenka;Dasha_A;LORDERONUM;torin1970;Drakonis369;sevenk;190379;Dorem;Fluffy_and_White;Geralt_IL;Revlon;Argodey;litarn;trezavor;Patogen53;Enuki;ZolanarArchangel;ditaker;slashlab;Nice_W;STANISLAV91;RetroFM;arxun;wesdmiigo3;Utilizer;7950105;Delceo;Famar;vladnik26;rafaelnos;ValekDemon;NeorgTS;CheshireKot;platon1109;Gilgamesh931;cJIoHoTano4eK;Olegro93;ukosik;tenek2007;Grey_Horse;YouFeelThat;Unnlife;RZmaks;Delawar22;Terminys;zilibob1;CmewNou;daniel121;wwmih;ewqazxc1;Adelheid;inspirit89reg;Prokku;OB_EBOS;smirnovs;brabyz;Mishael_D;zz1xx2;budog58;Ghostme;Rassaxan;evo_n2o;Tanpopo;KVN0277;webziklon;marmelon;Paladin_;SerjVzM;Klimentij;nugzarimr;GI2Q8;Sanya100;PaulCartman;neAngel_Ok;NikitaXD;Loriens;OLEG91270;sapliak;kirillavatar9
igts;timshock;BuGaVuGa;ddg1975;kocmozoo;nestervivan2006;FABU_UZ;BeeKing;Takov76;Qwersy;dada;klaus73;megaussr;waldemort;Dark_Dusk;Andron_K;MASH_4077;DreamBou;alexandrioning;NAMSO;Lekva;deadendman;Temiron1;Rewired;AntttoXA;Astronom13;DenKL;matveichuk;D1K0;SirTroll;Lamios;pando4ka;Enekin2008;Spherchik;Saint_935;pasim;bilael;spab;Healer777;Timehanter;Gerash1988;Leninad;ZloyFenix;Merlin2014;Demiash;seregs78;seryi77;17897kalipso;smiagorl;Lhadgaarj;pilk77;sashabolotov2;Fotograf_M;Amargi;soulzp;Aulisch;megawat51;Cloudy;tomrud1000;sermask;hsako;dartw;jurki;artstas;Botar666;Illusionisst;kvakus;a_serbin;Freestyler935;uhbyxer;forint_ms;maxim125;Vanya4444;IVTulaev;Annita;simon0659;killerwa;DimaRokDva;vnv197;Dirael;serg131;unhuryan22;taras2008;TuOKi_makak;88Potroshitelb88;KMI;shanro;MIXAN9999;Amargusha;WallOfStone
Lees;Olegas;KROKUA;Aret;dm201;occupantru;Rokkki;chizh_o;VicB;GTI;white_angel;Sirfysh;ioj;BeginnerHard;AragornA;Mamay;Sanya22;AgReSSoR;Krasnika;Invisible1;dinamik13;ivanby;Tanis_Halfhelf;shRoman;iskdir;JGR;realy_Shark;GriBBi;WB777;Hi_JacKeR;SHARMAN;dmn3000;Salix;solomon41;JL_Heir;LSFZ;pnpnick;Staleri;rivai;GeneralZed;vitek7777;Dexter_Brabus;sav377;StalkerHB;DeepRessive;_BULLET_;NonProfesional;_Scotty_;zik1;coolmenn;progunner;SlashPorkY1;ARTYOM_21;UselessMan;Victorzw;darmoedina;radsh;kaban1;tim75;Broner;Desert_Eagles;ztgn;Skyle;AIFFU
hmmka;longerbolt;streetcat;userator;INSTRUCTAG;yura77;OhotnikSPB;Skull_X;Cat007;barbarien;Mirondy;FOLKOBAN;ValeriyKaluga;nekit88;556041;BoooGaGa;dima82;Sabzeroo;skimlik;Omelien;HunterMan;herkul;ZERG1986;DocBeen;Ashmeleh;pustosh;poljot1987;jaggman;ksarron666;HeavyRain;uzinfo;luxor1987;DTataV;GOR1;tracki;bibo55;Free_Rider;Sultalin;borntofight;Armanchecstalon;ETiH;Fortescue;Mishny;Ruc;bloodydef;tatxan;shaylin2;rekord11;corsarchudove;freddy_hacker;slavajan;BATbKA;stepaska15;aleksandr1111;romoat;karite_;Aesone;Caddy1986;BlooDyReD;nbm_pc
Quistis;TANKER;asolotun;Gergen;renh;Lightness;SkullX;Jerald;Heavy;Kosmonaft;Serj_PSG;cezii133;assasin_SOTA;vicgud;Tribog;mit_;MrGera;MVN_2000;Joyka;Agnarest;yansau;sau2005;Varyag;sunlady;Looser7;Shveik;CLETUS;WyvernSan;Ghost_Leader;Alcoholicus;Antareks;krroman;Inquisitorium;staskar;Vseslav;lvp;Cay;matar;oalex;DrFeelgood;aim1504;arek;LORDGeo;DORS06;Pasterizacia;Curing;Zorg_N1;victor777kor;Svirep;vicvalpol;zemesargs;smp77;lamadin;BigPV;Kurilovich
Progressiveage;Stradivari;elborion;noigel;parm;Slava7;Rekviem;Nauman;bush23;uboss;Predator03;AID557;Frana87;maxella;Prefect_gg;MotorOFF;ahill27;HellLioN;Ruthless_Killer;Getman_Mazepa;OHWIR;_Spar_;Biruk76;aldo;Johnny_Sid;Noiret;DjOnly;TimVodianoy;Browning;_serjj_;PytanKnight;alex_ak;agent723;130772;otell;misa007;d2815z;grey2002b8;EvilBarabashka;_FALCK_;adba;MegaConstructor;Rakon;DarkDanger;satos;Ist_Gop_Stop;aggressorus;djenne;Favorit;VaMaG;Alex_2005;Estebano
Mandor;walerka;_Sirius_;Bestrafer;denis86861;Monsoro;dirkon;Vazhenin;Fibyld;Eryand;ZYRTIB;Schmurge;Gorenuk;Vindard;essina;Mr_Maximus;ruskii95;ziper4x4;GinJin;pashtetka;belinea;11111anuta11111;peppper;Poxititel;doctorAoA;oleoleola;abkbys;serg4100;sashamts;tanya157;pan_pan;rodict;DIMADS;igortonight;ketorol;LaGorra;lizardlp;sasunock;IiIsidhaIiI;gramm100;SuperHaos;Magic10;who44;NeoSephiroth;gopnyk;ORSK;Asus01;PersonaNonGrata;Maximka_137
Serhi;Encephalon;ScReeM_d;def__mrc;Kamikaze_FPA;HappySoft;Solitary_Stranger;S0g0S;mDream;AlexNT;ZloyLis;Ianina;grik;uHBaJIug;Indians;simbaef;smak;CrazyTiger777;SkyLite;CC18;M_ART;romanlord;borisvd;treloni;Menshikov;Zelenaya8;Tigra5547;george70;DEAD_OsLik;Slair;Benderlog;Fisher1967;lemynara;REYTOR777;tellur;P_Vitos;inck;feliksem;Suny_MAG;TESAR;Arko;megaarkheolog;RoZher;obmorok007;Xokki;Mizantropka;MexicanoCanalla;ss1988;KerLeada
Andy_Panda;Palwch;sunweb;Kauxi;Svin2000;IDVsbruck;AKYRA;Oboroten_VIP;frosinmug;Dyatly;Ddef;WarPsolao;Alexander_K;nik269;Colt943;Trublemaker;aivenho;PriRez;JLA;Broilers;Parazit;SergeyMSK;anv;kirden;viki77;Horner;Belorus;wassa;MadVik;Daenurmage;dd00;ZRage;SnowBlast;KreTeen;dqq;RIP_EMPTY;Koka_lv;lobonic;kaskad;Sparrych;GorAndre
ertpol;irvinrus;megapup;Valefar;DarkAvendger;zMormo666;Gagozub;Nikkey;Derevanniy;Govard143;vladlip2;Strashilkin;serementiy;funt_liha;ranil;Burata;Pyromaniac;andrej305;alphawing;sahsasahsa;lom07;daniklevkin;KeeperJet;Espantoso_Diabolico;za9c1986;Kypcop4eg;Mapsrok;moscowneversleeps;Lotos
Manas;Turim;oleg723oleg;lheu4;_Bagira_;LZXVII;BHY4EK;Maratelllo;Le0nishe;NikitaSB;_di_ma_;Alexx21;wolf_top;DonAlonzo;Besenok80;RAKSHAZ;Skifling;cigd;BAGROV;khmyr;Ice_Rock;eck0
GiantBerserkSamurai;Alex_Nebesny;petruXov;Mad_doctor;Nordtrend;Dmek;HEKPO3;givoder;4aT;netnet;StormR1;Kerberrus;Mefistofile;Beruseruku;nkYellOw;Klodina;Manchestro;Strannik88;ArmVDV;slezkin
Fakel125;Karapet1990;c4rnage;Persona13;jonny39
