GARO33;SliceofIce;allexx761;Liders;VERONA_MAN;ASKONA;Gardamarin;Alekc007;Sergio_net_;Azgard2144;1ELE1;rds1980;silversmok;Gh0st184;Fesko;wolodj11;slong;klintonblin1;Gerlix;Ayreon;basidor;trhtyjyj;katiusha01;genek3642;SpiritOfTheHawk;Nosferatoo82;igroved;DRINNOY;Lastpsol;Layrinia;Soldik;brederik;Jerrila;d_evgn;kip26;Com6pep0;Vitek_70;Baaxaaxaa;Vinya1998;tssu2;tssu3;tssu4;tssu5;pipey;Deus_ex_machina;ruxlyadi;zastraxyubratyxy;Sinoptik77;YuraBUGA;gibikus;sashka1979;Vergis;xemas;Padlodinka;Venedika;ferrari_Enzo;rusllan55;Tintari;Step_k;mdqok;Zebra_2002;HarleyVikToR;Kingloppi;Marnil;derem2;DENZHrep;veles136;selena20jun;choovee_580;sobole;pepparkakor;sharlei;MistyAlbion;mo_mo_2;uhjvfl;alienthings;DarkBloodDance;Draivers99;tatum21;WarAlen;Medovuxa;valerastr1972;OverDemon;Nicrofill;vitekss22;e2656;ExDiablo;Skypiest;buratino2011;dognit;kosinovaljuda;Rayan7;ProfessorF;DiKK97;janvano;navoloka;sergei442712;PokeMonstR;Ipodnana;Akretya;ksyna2002;alex15091977;minimeme;rwetg;STOYKOV;atir120;z0w0z;galien;StacieSweetie;ZET09;LakyStar;vbdfw;slavikavsjanik;Smiled_Fox;valstazi;sergsberg;Night_Pit;pechenko1894;EraXXI;sMkjke;zerese;caussidicus;lev1221;tyr24;Peha;IIJIOTHUK;Credo2006;Dizen;geraskol;Dchern;Lotlory;Zondar15;Sumrock;Klavierer;FullTeak;Takin;Eternal_S;par_rus;krukis280279;ratomi;wawardin;volt8888;MaxMS;guxer;aldezaran;DeidaraDen;jubassi;Shoroh0245;BowOfPeril;Rejder;Kimich1966;Rumpelshtilski;Zlo3;ATTTTT;rumer70;Theblackdozen;notforu;Oxx;sobolsobol;Odin_darknes;ggkkd;Alexsor;LigolaZ;swed1983;Vicvvvv;OKSI84;maksim33;valera1972;reedsswdsss;orwo2;ANDRE32598;Google09;Rognard;jeca;amaleksia;TINMAN;LordVova;and1806;EnjoyTheSilence;Dzinters;Laerta;Decibel;Tropnick;guardianSerbia;NuclearSalvation;lipokuza;hbcr;SanSan926;rayusha;qwin98;MoudUA;WirGen;Sharbafos;H_ugo;fatik3;boobs;nskgex;eternalregret;dan_predator0;Taksist1;Amalya;round33;Fresht;Damestos;Lavrusha_la;Kapo_Regume;Calib777;Mag11;ecooo;Cmail;Kal_El;astronax;phamo;Al55579;PVart;asdf12345asdf;SS1974;potroschitel;shap111;Yozhik_v_tumane;diksi2;Hrotgard;vaperool;Artist1134;hworostow;Defkof;aleksbishop;Spirit2011;Kieki;wawawa12;Morgan1;sanches198118;grejpfrut_it;bender77700;sith22;electric_l_o;Vik_132;Amagon2002;Snane;kvark_;TunSen;totosai;ilya104;Krokls;Valdemar4ik;Makcimal;xNeirOx;vitalos31;patriwar;voovaa1996;lvlddf;butja;shu_shu;creepman;makytra;EveBass;Enotnah;w1nslou;Exlipse;AliakseiKa;ATAMAH12;tigrzord;lightingmike;evgen666;kipriotka;vitalystik;Badiboy;andrevoland;Cruze;vladsind;GODZZZILA87;nekropoll;vvv74;DemonsPrince;24323;dekoder001;pashkabuka;donsimon;kaktus2004ua;syavaayk;ForWAR_d;SAID1222;Sir_Cat;NothingPersonal;nonphixion;manas1761489;Cergei002;runda;1764;Master_Boy;STASshev2011;Wergono;chipojo;sars_sars;Tolinjsh;CFIFDD;Maximiliann;crazy4u76;danaderby;Golaberger;Ascorbin;DozenSL;bnwhagdshggg;starschina8;Azrailit;BlackDoGalex;MirGazz;vladra;seti77;SkySole;Ruslanon;crypto198585;goliaphus;bjakosha;GreatAsia;Protodef;osmi;_Rinas_;papaja;DiaboloG;XCrAsHXLeks;igorbot;KaMiR;Magda911;RavenX;BARAKUDA01;njqjnf96;Silent_Angel;Techo;dimasnaip;Siroha;Cyber_Ghost;IKLIZAR23;Wasabik;fedor10;Rarshah;Ksut;DinkyWinky;gorthsir_231;RickyBass;Vladik;Admiral1917;Admiral1918;waterloud;Somic;kolyan130580;PavelTih;Desepler;ANAGK;Solarflare;shteem;kristap;Katrin77;pmspmw;childt_;DRON4545;mircassin;2RR;apg603;shurick23;killedplayer;vla1975;Nefisto;leonfox;vovkinakataya;Bxlam;khpkc2;sergey1181;Mi9mix;VaN2222213;KYSb;ksenibia;cheburatorrr;max5133;torchaee;bvg79;Riffleman;DiMoN98;DarkTample;ManDaRiNortt;umlaut13;Winnie_Pooh;mouseTPAKTOPuCT;Romentij;mobiletv;YURAnix1;NatsuChi;shontele;mishapet;VohaBoba;kostet96;driverj89;Ceza;Ysmi;Mpak643;alecokolnik33;armboy;PYCTAM07;Kn79;COM_BAT;OEL;Stormfoxx;Iuhenio;friday_1666;Slavuan;asa1954;qwer180;Razboynick;SGor;166MHzGod;kolokimer;timon771;slavcko67;TssDragon;deadpool0007;VashXP;katinvova;Kibergolub;Taulan;NakazhuSzadi;Dimmage;7even;MegaDuott;coolbreeze;lingviston;kirill783;ApSe_Fiend;bandit99;forenius;jbr;samvel3;Drawed;Lotair;HPrz1710;AdamJensen;afhfjy23;valerrock;Taronius;Decimanus;mukolalev;zubasa;azunit_303;olya101;donpedrozzz;GPGoK;deymos35;334108;nanoo;FORESEI;Zatogxx;RocketJump23;TOCRUS;KENG2105;ponyu8;SS48;SuperMaximus;atomik777;coldat1992;Ramzes777;aleksandr1996;vitbal;FenixRoland;fvp;shadom;mazvek;Lotos;Alienx;1ZumSieg1;ReckViem;Stonelord;joker54321;roodg;Jone_Doe;YVI;Princy;bhhbnbhf;monstr6;Drakuluss;AuroRes;llonk;Airasha;MARAT2000;lsmileyl;Lisavetta;Red__Baron;mikmik1235;ser507;andreoma;ashrak;Peltrimin;GH_GH;glukoid;ultrahacker1;LinuxGentoo;BlakFire;Refal;Lamiglas;VETERINAR1986;slert;HELSTORMIS;PoxMeLb;Diego_Ramirez;Gedymin;Jerrarr;Aleks_Twi;Tulli;rolss1;leo130111;vovan22226;Kalidula;Tuxo;alex12745;2hrome6;Bolzamator;Jamaneko;Coldun11;aazzzaaz;lelik87;lordik21;Kruzalus;Ayame;Claustrofobia;skinet777;amedomaro007;Govnjuk7;AnnaMary;Hradspain;lesyko;myola1975;cyber_malleus;Polikar;1hammer1;bhhbnbh;marchcat13;sabaov;14vitalik14;freakey;xHikaru;aininia;mikmik12354;Dops1;Vadim2808;VipanzerI;LANTED;FireAce;CyPeRsHeL2000;dimmkk;deadtan;ODM;bomber1987;Riki1976;VipanzerII;ciqan;backspace6996;fors666;refract882;Mj_Pronin;krappa;Gescort;sveval4;kylja;randur;Hellscrime;sahon2;Snagit;debill16;Maks5610;Gosser;shilov666;Franku;serversh;Stayton;nattropin;godek;Marader82;Vipanzer;marina2451;olich251;Moresson;egor2002;ShelestVetra;Graff858;DoomsDay2010;SAURON2A;pavlusha77;Tashiko;grimcat;LEGENDA77;Lakyman;Vitaliy79;Neo_ork;Suldimor;Infinity_bioy1988;Alexeylex;Ratchet2010;ivvza;AmyLun;bronik1801;kenny115;walydes;petmkon;_Givenchy_;Dimpson5;Moonpige;saraxxl;SSvesh;MaxVitalich;CRN2004;weqweq111;sandal33;denis37;Baratos;germender;erdferfd;Melvin;Autobot74
hrcc;hlushko2;major2011;lordlogan;sn_faust;evgkev;uglyman;1Ken;Prim2011;komandorwar;slesargenekolog;EQITES;nastya1399;Lotus12;Nekich;fil_mens;Umxows;Xaosik;WC3TFTDotA;tolk2011;Goren2011;German_Belinnyi;Winsurfing;CrazyPSR;san64;olgerd1985;VitaminC;BigWisp;zaat11;fayst9999;Lumia;DezRvalD;Incredibl;MegaGluck;andreyom;Sepunation;Abramiys;Frelancer;rokazar;Miralisa;Andynew;Mineralka123;TirQaan;Bepycuk;kazakausua;agralian;Clarence10;dozoro;Xfusion;Tatarchuk;Palladium1010;rapida34;Flammen;_Grants_;Dz0T;smirnoffivan;hipnotizm;Blackson;Takedo;berleen;gwinblak;ragor71;Arilon;Serz0072;darabba;RyshMan;HagenOnLine;flammand;reterial;pogranichnik2144;Rahel84;DAttrIN;KOBUKAN;kapkapob;lexa22s;mnmnm;SlySerpenT;genius09;viperoid;numatoru2;zAzs;GrAgel;ewq321;ronikud;sfera2011;xxxnikxxx;CECTPA_YTKY_MHE;Sieger88;DORgG;Sklifficus;VampireDemon;Arxeopteriks;BemepoK;sub02;nastya999;WorldEdit88;sol1985;fixoid;kopal7;dan75;Dasvan;Mark_intim;Arvik24;VLaD179;VARVAR1000;CMEPTb;YrMaa_85;mediakon;RedAngry;VILARD;Lersik103;rryaz;7tuktuk7;Archandel;ortegafoust;draksar;FINCHER;Antyk123;statamen;rosan;mayamoto;nek000;kon4800;_Maya_;Dasha2011;kimersan;artem127777;BogoJIa3;Step0775;Vad11111;Karlito1985;MimickryBase5;alqumista;GraSinagra;tisik;AVIctor;shurick24;Irruah;la2lol;notfound404;aleksey_galitsky;TREGEN;Stingertblack;hardnick;omay;z_ZZZ_z;Real_Evgeniy;duster2012;Heralt;HuKuTkOy;DenisQQ;Hitman0047;nexota;Tom09;kapral815;Kometaman;arotari;IIITYRMAN;DEMON555;MimickryBase2;MimickryBase1;MimickryBase7;MimickryBase6;PORCO35;MimickryBase4;Zubran;evgeniy8005_466;MimickryBase9;MimickryBase8;madwasp;galfing;Ligimitiv;Bertie;Ziristens;Veresk4;MimickryBase3;BorisOlegovich;bobrwest;Baikal_Princess;stivid;ravolk;Foton3000;Nemezida13;DonX;poli02;Ramzes30;budokan;Fertyss;ilelikv;Rramon;tav97;bdfy1199;latmisha;r12345;antonleshhenko0;LemanRUSS566;cyberbluesman;Smegol55;Arxnomodin;DAJVER9;Di_Akame;OrfeyEngine;alonso1919;Eflatun1;MimickryBase10;deadmodo;KlimKa39;Zolo_Lord;nixxx7;minutes;vasya_psol;sergeymakeev;tikitukk;lemniscate;grum21;Dahokos;Djetro;Lir562;lisovskyphil;Immortal3313;jorik83_878;CrazyPsiXXXoS;prikol55;sdmkx;darkevilx;Baccra;madalex16;Termez;solowey;Openwater;kloniv1982;parseg;EagleOwl_Al;Function;shimose;alexsandrius;supemax;wowzhoe;holodd;selezneo;Extrimal_ua;Budva001;Mortifor;withworldnew;sawa_sawa;Makhveyev;lustranger;levamar;OrganGrinder;AlikoS;Faelar07;deymos3;zlomer;sparko9_573;hunt;snain;Madara1;tiRex4;DuBoViK;petron;GluckVal;xxgluck66;Chertenok2310;kobra01;300sSpartain;acerus;Taija;ub2que;LatvijassDihlofoss;Klassick;dima1909;xALEXVLGx;Darkms;kirillov90;necro_ua;ITRasum;dinoMC47;dada;Apercote;Virusxxxx;dragufa;Gabrielle_;tasadan;dark_azgard;PsiNord;OPerw;Silrant;Ivan23rus777;Quard;fenix_1000;Beda666
Ant_msensk;AFighter;anfin;Voyaka2;cruser000;DiMiD8421;ZeeroCuda;karatel718;TacKaTeJIb;Nick_Fury;valehin;IrBisoff;xRyukx;Graaaaaa;KreiserZX;aleks19;_nomad_;Zemliak;RaSvetSiriusa;Esip;Decs85;BEHOBEH;Stakan4ik;KARD1NAL1427;GanzaKreak;mr_filler2000;jitano;Romull2002;krahen;dsmacos;Litmana;cyberswarm;katafey;Ursuladog;daniil358;allapshin;Silverine;serge2186;St_Andruha;axmedsasa;banner2011;Amatii;u36paHHbIu;Okutar;Benedict_;d0mato;Lastcode;fox_12;Kotiabra;Skaari;d0n0mar;Magarbl4;chlonik;Varik3;Synd1cate;Terra_Nova;addda;BioCryon;Deiterij;chebakov;Dxapmc;dalinfein;klifern;gchd;_Arsegg_;Edon;newbatia;JustZelov;BorodaYy;Ahagen;mrpodolsk;Aslant;Fidos;BparoJIoB;Gemerte;abdal;wierus_d;Androidos11;Misticust;mcVika;Line2160;niding_493;Deadfall;crvss;_R_E_X_;JustCry;Dreid77;D_Idaho;Ninjiia;zoro2011;asiryus;AVTOR911;kda82;T0X4;denis2677;tasm;popzub;TVarna;Robodroid;MorgenZarea;MuXHAEB1;Coffeatea;SsSTalkeR;vaxlox;RisenStar;parsus;Barmaley11;Mierdo;turegum;HYGE;Gothic12;ScorpionAssassin;Al3ksey;ironguff;_Sesshomaru_;ibmn;azabaluev;v79179;DeniSmith;NVPG;medson
Trolley;lucerius;mtnigor;levaev11;dacsi1;rewko07;Extrimrom;RDecay;kostas11;IskanderK;mikhajjanatolijj;KpyT999;DarkLed;Ganus;Laskava;stakhov;Davidoff;kirilldg;alzamon;galakus5;yudoner;Pirs2011;PkWerden;W_Rabbit;Dmitrof;Moscow312;nadejda_L;Edmundsiha;Gross33;mr_nikitin_89;graa;shantih;Leprechaun66;wacile;logan_1980;Br1ght;MCfield;4ipset;Dmitriy_de_Rayka;LSD_LSD;RaulXXXX;antonov2912;Crabman;az1978w;Ansrew;freenation
KRTUR;Eda24;mno2;infernikiller;Gottentot;vixell;levantmark;Jokester007;vakorol81;PeaceOfMind;XiWang;priboi2011;_Alexandro_;klopuz;ppapa;Pharod;protosey;LisaruL;Tiranozaur;WhiteDowny;Oberon79;polundra79;deslean;Mr_Diablo;LaPo4Ka94;H55M;_spider_wira_;Chereper;BOPOTOK;SinTaoLin;neo_24;Alt3rEgo;apokalipsis2011;XeNoMoRf;Dimonxm
Jonkis;Pastor;ArtVirus;sum1000;MrDevastator;lolwhat;siniybrat;sgenadich;yurhome;imdanger;Abirix;maltazart;Flordos;NiRR;2011lev;kukuruza77707;Mr_Murder;Truhan;Seelena;wolfvlad15;sparko9_391;Dikiy_Prapor;gizatm7;sadxy;Kroos;XMAOJugra;duberez
vadimir1972;PlyuwevuyVoin;SWIATOSLAW;KwonDo;maspeh;General68;Othius;Si_mak;kolobokpenek;chaynick;AlexeyG;Cotus;ElenaTroya;SmashUA;dschepai;Kabelino;se232;Lord_Devill;Kanaloa;Hellios48;GuestOut;lanelia
Enzo;arcueid89;an0nym0us;isaisaev;Lenusichka;VanyaSIM2009;Lukast;Dimus_EG;jonn9;GvsPhoenix
MelKos;LOKRIP;silvernfs;Mister_Wizard;RedRush;MasterOfOrdnance;newlight
RedkinAG;mrShiz;Alex_Cuba;TheLoner;Amargi
MimickryBase13;MimickryBase12;MimickryBase11;MimickryBase15;MimickryBase14
Randomperson;_Djony_;vladshum;Arkai
JumperByTula;xxRyukxx;xrapyn
OliverMcCross;Stay_Alive;1001243
VasiS182;Rock11
_memphis_;dronov
Eralash;P_R_V
Bivisbathed1;alexdorf88
satelit5
odious
serg4100
gsm00000
LS_Ramhe
theophysic
RonBlak
BamBarBeeR
APOHAP
curiousgirl
HondaLight
XAPAKTEP
iwasik2
WARAKA
7072592
kontra33
__SoulCatcher__
expresso
elFire
Liensubatalanto
