tyr24;mdqok;derem2;par_rus;Riki1976;Vergis;valera1972;choovee_580;atomik777;lsmileyl;pmspmw;LANTED;geraskol;LigolaZ;kylja;myola1975;Tintari;coolbreeze;Ayame;boobs;z0w0z;seti77;MaxMS;Vik_132;Calib777;Diego_Ramirez;VohaBoba;deymos35;Stayton;runda;Hrotgard;EraXXI;Vitek_70;galien;AuroRes;DemonsPrince;TssDragon;Franku;serversh;ultrahacker1;Claustrofobia;sobole;Hradspain;ser507;electric_l_o;Lotos;buratino2011;Mj_Pronin;Princy;Spirit2011;sanches198118;Sinoptik77;lightingmike;bnwhagdshggg;STASshev2011;cheburatorrr;Protodef;Snagit;VERONA_MAN;334108;amaleksia;zubasa;Skypiest;cyber_malleus;VipanzerI;TOCRUS;shurick23;khpkc2;Ksut;ManDaRiNortt;basidor;kipriotka;SkySole;DinkyWinky;dan_predator0;IKLIZAR23;mikmik12354;Cergei002;krappa;freakey;makytra;H_ugo;vaperool;azunit_303;COM_BAT;d_evgn;Ratchet2010;Tashiko;Autobot74;Tolinjsh;fvp;slong;ANAGK;Siroha;Odin_darknes;bender77700;Sir_Cat;slert;Cmail;germender;butja;Amalya;Mi9mix;2RR;Gedymin;ProfessorF;SGor;astronax;Silent_Angel;Step_k;MegaDuott;fatik3;Golaberger;atir120;kaktus2004ua;IIJIOTHUK;BowOfPeril;shteem;CRN2004;shontele;BlackDoGalex;mo_mo_2;grimcat;Vadim2808;Taulan;mouseTPAKTOPuCT;Drawed;Ruslanon;e2656;Jone_Doe;ShelestVetra;swed1983;Mpak643;klintonblin1;Vladik;vladra;1hammer1;Maks5610;kenny115;Padlodinka;leo130111;alecokolnik33;sMkjke;genek3642;AmyLun;DiaboloG;Nefisto;Sergio_net_;CFIFDD;Decibel;refract882;joker54321;OKSI84;HPrz1710;dimasnaip;hworostow;weqweq111;Maximiliann;rolss1;w1nslou;marina2451;caussidicus;alex12745;Gescort;reedsswdsss;sabaov;SAURON2A;Baaxaaxaa;aldezaran;lingviston;tigrzord;Exlipse;Dchern;DRINNOY;Jerrarr;mobiletv;veles136;igroved;Romentij;Azrailit;Master_Boy;bjakosha;torchaee;Vicvvvv;Theblackdozen;Polikar;Jerrila;pechenko1894;tatum21;rayusha;starschina8;Lakyman;PVart;vvv74;hbcr;DiKK97;Alexeylex;glukoid;jubassi;GARO33;coldat1992;gibikus;goliaphus;ODM;Marader82;driverj89;minimeme;Artist1134;CyPeRsHeL2000;umlaut13;FenixRoland;Deus_ex_machina;FireAce;evgen666;Makcimal;Lotlory;denis37;KaMiR;Alexsor;olya101;Wasabik;NatsuChi;shilov666;ggkkd;shap111;volt8888;Zondar15;Refal;sergei442712;GreatAsia;LordVova;diksi2;silversmok;Dizen;pashkabuka;maksim33;Peltrimin;kirill783;donsimon;Snane;Damestos;donpedrozzz;SliceofIce;alienthings;Alekc007;timon771;Katrin77;MARAT2000;ZET09;Aleks_Twi;PYCTAM07;dognit;Lamiglas;Liders;zerese;petmkon;EnjoyTheSilence;SpiritOfTheHawk;_Rinas_;Google09;notforu;NothingPersonal;Soldik;guardianSerbia;DoomsDay2010;ksyna2002;YuraBUGA;Ipodnana;Zebra_2002;syavaayk;SSvesh;_Givenchy_;samvel3;Iuhenio;Bolzamator;Krokls;Neo_ork;ExDiablo;papaja;Ayreon;walydes;bronik1801;lvlddf;Admiral1918;Moonpige;Techo;Lavrusha_la;PavelTih;dekoder001;Vipanzer;Zatogxx;Cruze;Kimich1966;vla1975;totosai;Moresson;xemas;krukis280279;Ramzes777;apg603;andreoma;round33;potroschitel;Credo2006;fors666;vovan22226;HELSTORMIS;rwetg;Stonelord;rusllan55;amedomaro007;BlakFire;24323;ANDRE32598;mishapet;sars_sars;brederik;igorbot;kostet96;aininia;Amagon2002;nekropoll;Al55579;AnnaMary;roodg;guxer;andrevoland;qwer180;1764;slavcko67;Marnil;Lotair;Vinya1998;randur;Hellscrime;Slavuan;valstazi;SS1974;sahon2;dimmkk;GH_GH;Dops1;phamo;njqjnf96;friday_1666;slavikavsjanik;gorthsir_231;sith22;alex15091977;TINMAN;chipojo;waterloud;ATAMAH12;Melvin;shadom;kolokimer;mukolalev;backspace6996;saraxxl;Desepler;marchcat13;ForWAR_d;StacieSweetie;deadpool0007;Vitaliy79;eternalregret;DarkBloodDance;VipanzerII;Ascorbin;2hrome6;bhhbnbhf;Night_Pit;ruxlyadi;and1806;GODZZZILA87;trhtyjyj;pavlusha77;lordik21;nskgex;voovaa1996;skinet777;sashka1979;kristap;Valdemar4ik;pipey;bomber1987;14vitalik14;erdferfd;creepman;katiusha01;Rognard;osmi;fedor10;Dimmage;Draivers99;Eternal_S;MoudUA;Drakuluss;asdf12345asdf;sharlei;OverDemon;uhjvfl;kolyan130580;vladsind;PokeMonstR;lev1221;Kingloppi;LEGENDA77;rumer70;qwin98;DiMoN98;Fesko;WirGen;ApSe_Fiend;ponyu8;ATTTTT;llonk;bhhbnbh;OEL;lesyko;Admiral1917;SAID1222;Gardamarin;Razboynick;Zlo3;vbdfw;Bxlam;Ysmi;Oxx;kosinovaljuda;YVI;xNeirOx;Badiboy;STOYKOV;aleksandr1996;nattropin;NuclearSalvation;valerrock;MistyAlbion;mikmik1235;manas1761489;vitekss22;sveval4;DRON4545;Dzinters;SanSan926;deadtan;KENG2105;bvg79;bandit99;Morgan1;Nicrofill;pepparkakor;VaN2222213;Rejder;lipokuza;navoloka;Rumpelshtilski;Airasha;1ELE1;Fresht;ecooo;FullTeak;Azgard2144;Laerta;Sharbafos;max5133;Dimpson5;sandal33;Defkof;afhfjy23;SuperMaximus;Enotnah;kvark_;Gerlix;Coldun11;SS48;rds1980;aazzzaaz;killedplayer;XCrAsHXLeks;Magda911;Mag11;WarAlen;ivvza;egor2002;Alienx;godek;asa1954;leonfox;ferrari_Enzo;VETERINAR1986;crazy4u76;LakyStar;Peha;Kapo_Regume;Tropnick;HarleyVikToR;jbr;wawawa12;166MHzGod;Rayan7;nonphixion;forenius;Stormfoxx;allexx761;1ZumSieg1;sergsberg;Rarshah;Smiled_Fox;Baratos;Suldimor;wolodj11;Ceza;AdamJensen;wawardin;grejpfrut_it;olich251;debill16;kip26;Nosferatoo82;aleksbishop;mazvek;FORESEI;Kruzalus;ASKONA;Com6pep0;xHikaru;armboy;DENZHrep;DozenSL;7even;ciqan;Wergono;YURAnix1;RickyBass;Takin;Sumrock;Infinity_bioy1988;ReckViem;vitalos31;Decimanus;Jamaneko;ashrak;Govnjuk7;crypto198585;RocketJump23;selena20jun;danaderby;ilya104;Kibergolub;Kalidula;Layrinia;MirGazz;Gosser;EveBass;Gh0st184;DeidaraDen;tssu4;Riffleman;NakazhuSzadi;DarkTample;Winnie_Pooh;Cyber_Ghost;Lastpsol;shu_shu;RavenX;tssu5;Somic;Shoroh0245;ratomi;nanoo;jeca;sobolsobol;PoxMeLb;monstr6;Klavierer;Kal_El;tssu3;patriwar;tssu2;Medovuxa;Lisavetta;TunSen;lelik87;Red__Baron;zastraxyubratyxy;Tulli;MaxVitalich;Akretya;Solarflare;Yozhik_v_tumane;BARAKUDA01;Venedika;GPGoK;orwo2;mircassin;katinvova;vovkinakataya
MimickryBase1;MimickryBase2;MimickryBase5;MimickryBase4;MimickryBase3;MimickryBase9;MimickryBase8;MimickryBase10;MimickryBase6;MimickryBase7;CrazyPsiXXXoS;san64;draksar;Termez;cyberbluesman;GrAgel;German_Belinnyi;Sieger88;kimersan;RyshMan;Bepycuk;la2lol;Ligimitiv;berleen;Step0775;Xaosik;lustranger;BemepoK;nastya999;nastya1399;nexota;kapkapob;GraSinagra;komandorwar;CrazyPSR;DonX;kazakausua;WorldEdit88;hipnotizm;Darkms;MegaGluck;xxgluck66;Karlito1985;tolk2011;Heralt;BorisOlegovich;LemanRUSS566;Faelar07;pogranichnik2144;Mineralka123;Stingertblack;GluckVal;Ivan23rus777;galfing;TREGEN;andreyom;nixxx7;petron;Veresk4;Flammen;deymos3;Foton3000;withworldnew;notfound404;KlimKa39;mediakon;Smegol55;Andynew;Function;YrMaa_85;Irruah;r12345;DAttrIN;Makhveyev;Bertie;omay;Silrant;kirillov90;ewq321;lisovskyphil;numatoru2;bobrwest;BogoJIa3;KOBUKAN;dozoro;xALEXVLGx;Palladium1010;deadmodo;shimose;AVIctor;darabba;darkevilx;z_ZZZ_z;RedAngry;Blackson;sparko9_573;lexa22s;Quard;wowzhoe;Goren2011;AlikoS;Dasha2011;rapida34;ub2que;evgeniy8005_466;prikol55;vasya_psol;antonleshhenko0;Dahokos;OrfeyEngine;major2011;OPerw;VampireDemon;LatvijassDihlofoss;mayamoto;Tatarchuk;SlySerpenT;shurick24;Miralisa;Takedo;sergeymakeev;VLaD179;Hitman0047;poli02;DEMON555;PORCO35;reterial;Di_Akame;Frelancer;bdfy1199;zAzs;Djetro;Lotus12;nek000;dan75;Lumia;Baikal_Princess;sfera2011;agralian;Madara1;artem127777;kapral815;7tuktuk7;FINCHER;Abramiys;HagenOnLine;slesargenekolog;minutes;Virusxxxx;Rahel84;DAJVER9;dragufa;ronikud;Lersik103;Zubran;acerus;Apercote;CMEPTb;Klassick;ilelikv;PsiNord;VILARD;flammand;Serz0072;necro_ua;rokazar;Taija;Tom09;tisik;Baccra;Lir562;fil_mens;Mark_intim;lordlogan;WC3TFTDotA;Rramon;HuKuTkOy;tav97;levamar;parseg;_Grants_;dima1909;genius09;EQITES;tikitukk;ortegafoust;dark_azgard;Nekich;dinoMC47;DuBoViK;viperoid;xxxnikxxx;holodd;zlomer;sn_faust;sawa_sawa;madalex16;Sepunation;Dasvan;tasadan;aleksey_galitsky;Sklifficus;Zolo_Lord;kloniv1982;Chertenok2310;lemniscate;Fertyss;Arxnomodin;DORgG;smirnoffivan;alqumista;Vad11111;kon4800;zaat11;EagleOwl_Al;dada;ragor71;DezRvalD;Antyk123
Beda666;budokan;arotari;jorik83_878;BigWisp;Archandel;VitaminC;Nemezida13;evgkev;stivid;VARVAR1000;selezneo;rosan;Ramzes30;uglyman;hrcc;kobra01;Prim2011;tiRex4;Arxeopteriks;Kometaman;hardnick;gwinblak;Eflatun1;grum21;kopal7;DenisQQ;Dz0T;IIITYRMAN;alonso1919;Mortifor;Ziristens;Arilon;solowey;madwasp;alexsandrius;duster2012;sub02;hunt
asiryus;jitano;chebakov;Decs85;ironguff;RaSvetSiriusa;u36paHHbIu;Robodroid;valehin;cruser000;RisenStar;chlonik;cyberswarm;DeniSmith;Line2160;ibmn;St_Andruha;popzub;Ahagen;Ant_msensk;dsmacos;kda82;T0X4;d0mato;Graaaaaa;Androidos11;parsus;denis2677;GanzaKreak;klifern;Coffeatea;Deiterij;Nick_Fury;KreiserZX;Lastcode
Romull2002;Okutar;D_Idaho;Synd1cate;Misticust;krahen;Litmana;banner2011;v79179;katafey;mcVika;zoro2011;gchd;Skaari;Benedict_;axmedsasa;newbatia;JustCry;Dreid77;Silverine;dalinfein;Dxapmc;KARD1NAL1427;_Sesshomaru_;_nomad_;Magarbl4;Kotiabra;xRyukx;NVPG;Deadfall
Clarence10;Budva001;_Maya_;mnmnm;300sSpartain;ITRasum;Real_Evgeniy;sdmkx;OrganGrinder;hlushko2;Gabrielle_;ravolk;supemax;Xfusion;latmisha;Arvik24;sol1985;Extrimal_ua;Immortal3313;fayst9999;olgerd1985;Openwater;statamen;rryaz;TirQaan;1Ken;Umxows
Flordos;gizatm7;maltazart;Seelena;2011lev;Truhan;Mr_Murder;yurhome;MrDevastator;sum1000;Pastor;sgenadich;sparko9_391;XMAOJugra;wolfvlad15;NiRR;lolwhat;Jonkis;sadxy;kukuruza77707;siniybrat;ArtVirus;duberez;Kroos;imdanger;Abirix;Dikiy_Prapor
Leprechaun66;alzamon;Gross33;kirilldg;PkWerden;Dmitriy_de_Rayka;dacsi1;Br1ght;Pirs2011;MCfield;Edmundsiha;az1978w;Crabman;galakus5;graa;antonov2912;Davidoff;mtnigor;lucerius;kostas11;mr_nikitin_89;LSD_LSD
daniil358;Stakan4ik;vaxlox;medson;MorgenZarea;Voyaka2;Esip;Aslant;Edon;niding_493;TVarna;BorodaYy;karatel718;turegum;mrpodolsk;azabaluev;addda;Ursuladog;Amatii;AVTOR911
Tuxo;valerastr1972;sergey1181;AliakseiKa;janvano;LinuxGentoo;vitalystik;Kieki;vitbal;Kn79;VashXP;KYSb;Taronius;Taksist1;ksenibia;Graff858;childt_
PeaceOfMind;protosey;Gottentot;Oberon79;Pharod;_Alexandro_;mno2;Jokester007;XeNoMoRf;neo_24;levantmark;_spider_wira_;KRTUR;Eda24;Mr_Diablo
yudoner;wacile;Extrimrom;DarkLed;W_Rabbit;Dmitrof;stakhov;logan_1980;KpyT999;Laskava;mikhajjanatolijj;levaev11;RDecay
Cotus;General68;Lord_Devill;Hellios48;kolobokpenek;Si_mak;maspeh;chaynick;lanelia;vadimir1972;Othius;SmashUA
XiWang;SinTaoLin;vakorol81;Alt3rEgo;LaPo4Ka94;klopuz;polundra79;Dimonxm;ppapa;infernikiller;H55M
IskanderK;Ansrew;Moscow312;Trolley;freenation;4ipset;nadejda_L;Ganus;rewko07;RaulXXXX;shantih
Kabelino;GuestOut;dschepai;KwonDo;Kanaloa;AlexeyG;se232;PlyuwevuyVoin;SWIATOSLAW;ElenaTroya
MasterOfOrdnance;RedRush;Mister_Wizard;silvernfs;newlight;LOKRIP;MelKos
Lenusichka;Lukast;Enzo;arcueid89;GvsPhoenix;isaisaev
fixoid;CECTPA_YTKY_MHE;snain;Winsurfing;fenix_1000;Incredibl
Al3ksey;Barmaley11;BioCryon;mr_filler2000;crvss;allapshin
fox_12;Varik3;abdal;HYGE;AFighter;Zemliak
Ninjiia;TacKaTeJIb;Terra_Nova;ScorpionAssassin;Gothic12;_Arsegg_
MimickryBase14;MimickryBase12;MimickryBase13;MimickryBase15;MimickryBase11
IrBisoff;ZeeroCuda;MuXHAEB1;aleks19;anfin
mrShiz;Alex_Cuba;TheLoner;Amargi;RedkinAG
vixell;Chereper;LisaruL;Tiranozaur;apokalipsis2011
Randomperson;vladshum;Arkai;_Djony_
VanyaSIM2009;jonn9;an0nym0us;Dimus_EG
BEHOBEH;wierus_d;SsSTalkeR;Mierdo
OliverMcCross;1001243;Stay_Alive
xrapyn;JumperByTula;xxRyukxx
dronov;_memphis_
Rock11;VasiS182
Bivisbathed1;alexdorf88
serge2186;JustZelov
Eralash;P_R_V
BparoJIoB;d0n0mar
Gemerte;_R_E_X_
iwasik2
gsm00000
APOHAP
Liensubatalanto
BamBarBeeR
elFire
__SoulCatcher__
satelit5
expresso
WARAKA
HondaLight
XAPAKTEP
odious
kontra33
priboi2011
curiousgirl
theophysic
BOPOTOK
tasm
DiMiD8421
WhiteDowny
Fidos
serg4100
RonBlak
deslean
LS_Ramhe
7072592
