T0n1S;Ephor;callobok;Dasha_;Caesar_1203;sUnShInE2009;avanakeks;Mustam;Steel06;oAntico;kvr65;Toha26rus;agasfer81;Engelc;MegaP1xel;LLIYMA;cawa2000x;Sumka2;Sumka1;TaptyZka;Izverg666;Elbrus_;itsm;cryptovik;Lapetite;Morein13;Tudish_pyp;zrifin;Formless_l;ssss44;SPB_RAD;LyubereckiyKeNT;Igougowego;freja_96;SOBOL30;Konderbery;kuzma89;FlinksBratsk;GeKar74628;kazan80;Koevgan;Tondi;Tillman;Artix_;Lasna;VestnikSmerti111;KulkovMax;555denis;Buldya;Warrior79;kasyama;justerhofman;Mishavu;VITOLIC;DarkRegent;nazgul1076;dimetrakis;lispustini;Natanata;55555d55555;Psichoz;Bazilo;Pendulum2009;igorzenkov1971;_xsander_;floppy144;Yliv;lehaostankino;yanw;itrubaev;Monstryk1993;drhnefyhnefyhndfgh;SvetaSpirit;kyznec555;hrgamer;Lotofajazz;eddigrand;vjalii;Radamat;zavhoz777;3vvv55;alexeygontharov2;shstackujjj;MattJensen;Begemot20;nikola65bak;Kybershot;langoliers;MuromPasha;ditalset;_Tanatos_;NezdeshniyR;Lokn;Dragon_Atreydis;Lex200177;GalyautdinovII;shatl124;Psiker;spurq74;Probe_1980;konekmaks;neki;foton1132;deen23;alexgreyt;SergeyRS1986;qfr;SaRmAtV;Razzrushitel;Heruur;aspirin9189;CreedKo;jaris2;petrosss;Addmoney;asprim;eldiablo7;makc1000;garmetroa;tritisi;stah7;sss12332;xramovnik12;LIGRIS;uglerodplast2;kerigan1;satanislovas;demman25;orlovrulet;Spacesqueezer;Nutser;77FoRcE77;10111102;krest13;CRAZZeeR;Brawlerlol;vvvoo7;Stalintank;grisha737;ryss747;Coetus;cergej;LehaR;Garmet;II8P;Old_Tramp;GarriusRippe;FLOPPIK;vit431;ko7stya669777;titobi;beti08;valentinbel1310;misumi247;Ser_Leo;Os06eHNbIu;serjiko01;kat_rina;yaryar;kondor71;Scrayt;zone89;al_iv;Lapo4ka1102;K0RDEN;trewqd1;hamannSP;alfkeram1411;tombler;agudzera69;SM96;GloryLord;makstaylor;lancetnik2007;DarthVanger1;sqshq;jhhjhdjc;Demagio;si3;enya999999;Fizco;scientist201021;pgm100698;Trushx;wuer666;oleetam;hfylhtq;WCR;inhateb;Makrusys;oleg456777;Batezda;Shipilkin;HellGuard;aramira;Torbator;daba16;deadspiritus;vepr95;ALEKS626;praporrrr1;BioMass;TWIDI;alexandriaclubs;8qw8;AliceVoldemort;SUA;vizibonk;dodson17;ilscorp;savk;oplot1230;pltrykhin;vlasdim;JamaicanBADMAN;diejackinson;darga;Maxxnt;loma4ka;celio;sanek43;sashokas;woox73;gollardo;Dewourer;AsKein;ARIO798;OJLEHb;garik0931;maksimbrindik;EvaMih11;mksnik26;Ardamant;mixis1234;DYNA_DANmg;bnvhf;svjasitn;DARCVEIDER;gaytoboy86;savele00;Killerfrag;daffix;vlcharkin;sleepy1985;fasderer123;ibzharova;Ketilar;dimamisa1999;surok77;allegoriya;selegas4;WWWLEXAWWW;demroos;jurgen72;nailminimulin;veryn;grib29len;zhitkikh;Aleks0n;abesrza;Harbinochka;kunevivan;Vitali88;vyvik;stepanuha;besson8;mihailv2008;gronos2;FANATER;aleksej243;Valkyri;Zullabar;resin2010;ZORROf;ynyn;nikolasha225;lidiy6;NightTroll;xioka;FarOutMan;TIPtopikus;Irgvan;auzzie;XuxukJ1uk;ludavitu;TeleMundel;34rus34;NeorgT;Uln;kotandr0d;vas9I2233;lehazxc;Nicsonik;zomber666;zaur012009;Kirov_999;Maxxx_1;Nazacheres;paromshik191;WishM;napay;Allastar;vitas1234;arti9999999;ffirefoxer;Acel;nitrehollik;Livenskiy57;fhj;kanan23;ilyazevs;larisska;DeMoNuS777;NeoEning;sereioga;danilafonin;Sahkh;vadimmmmm;Kiss2012;akvafor3;azovzap;tjsrtymartjatja;leo3973;Gogi0506;nikolaxer;zuravljonok;stim1974;Aleksey_Tula;Look95;burewestnik_woly;NiPiUs;lek1;kidoska;sanakomedial;slash1232145121;ssdd16111983;tety;xxLegendaxx;khromcovoleg;ssaper;alixx1;murtazgiora;korneev19481;igorbiglov;VVG14;Radiant555;riko123321killer
narkommax;xxDRONxx;sanya88;oleg731389;Nigg;Nerrzool;Mc_DEN;Kolokolnik;DJABA_2;iskdir;dartl;Mic;shmaks007;WhiteCuguar;alex777d;vladimirmvmu;InNalchik;0K0;mr_kostja;Feelmycry;Daine;stop_mult;GoldenFish;jeesus;KPOMEWHiK;boloyang2008;red_panda;Samuraij;Vasilisk_;hooliganst_p;aureolus;Wuglusker;ONIX13;webpirat;nash_48277;Foreis90;TENb_;BOBAH63RUS;TSAr_BOBr;RAKSHAZ;Troute;freemen77;Tasman05;moer;Maximus89;Termo_Voin;bestbroker;fodi;1245;igrochan;Nick_II;Eddi4ka;Mikolate;mdkChaos;makerpeace;nettoo;rww67;maxpvm1;chars05;vladik2712;kavas232;Zavrrrrrrrrr;Austa;BierMeister;kavas23;ITZ_dav;hoNchi;DARSHAN;_Snow_Bars_;G_Pavel;sollex;_3mey_;MihAny;lobadur;igr071;Mist21;Reystlin_;Vidocq;krokusar;registration;z0389;TAPH;pin1089;12BU;getman556;Udjinrr;oleoleola;trialist3;Phoenics2;Ksenz_88;Marauderrr;buryat751;Bitrix;Syrt;veranika1234;Ackarida;gosha5_55;ZhekaSH;Mins;HellraiserCW;erik82;Proteriys;enerpac;MrKill;maugli82;odminkoS;xBAGAx;alexu195;3ef;Raksifon;SmartT;zzz777;desantura77;Ravzik_Rine;Tulio;indau;NINJA82;mixaek;immelstorm_wolf;duh2;ghkm;star_ovivan;Sigyrd;LegionerAleX;Ololololo;wolfSvetlana;centurion99;GPON;kost280283;lookish;K_U_G_U_A_R;Yuk;Llevella;Martin001;TJbla2e;Impuls100;Varg86;Get_It;odomsa;ComData;Maksimus2012;Lenyysia;Goblin3001;aansip;Mistario;robingyd2;SPDC;HellLioN;KaJ7bRH;Nikersen;dalama;malenka;Warrioriss;Maliti;st12dk;yashing;shooler99;GAGAJ;m0zg;rowenzori;plazzma;Prince_Zart_Arn;CMPunk;SaorDual;DenMal;_wor_;12volk12;BadALL;Hy_npuBeT;sonOFsam;HybridSandr;ElvenKnight;fv1607;Gekon2001;Undertuker;salabim;idolord;BJIACTEJIUH;jeisonn35;QSeLaR;Inna2010;c_b_rsashko;hlopik;Arlandino;kot69;shali;Feator;bobri_k;korrolewa;PitLord;bandbus;Nanoman7777;Agrail5;Marisha_ru;1Chipolino1;Platonchik;WolffTanya;zzzeerroo;AsD3158;saint_snake_13;mmauser;syhoi;nexoday;Forgos;grinhor;hash666;Jerry_Rezet;mttsks;KorvinCW;zaqwerw;kid1000;kokajumbo1;italian1;AlexSot;ajdlahd;Cook93;efialtis10;diartp;Gibson_ExP;Sh_sergo_2004;WindRustle;ANDALUS1;boss88887;061182;Katred;VF25;flakonof;Paradiz78;Aikon333;morodemon;basf17;dima_14_2010;Made_in_Dnepr;lokkidevil;Begemot_nn;kupidon09;medyza12;MaGiKaN1N;mixbmw;nick_is2;Ordung;koresare;BigoBoss;epitron77;toolbar;STCORP;Idiot25;Mickle777;gelixfuk;Oleg_72;MOROWINDD;koshka_D;Miragerr;Systemshik;Bloomen;_321_;walerka01;catmad;Apokk;Falker02;Vampir2007;Barsik_ua;muzak;Lenusichka;AntonGudchi;Refak_ru;Shnapsss;Levin91;barbasins;GUDARIAN;sotnik1;lizardlp;SerGant;WhiteRabbid;zlak666;Darlito;caramel_;kyc0k;damdil;SidorovII;otebali;bemladen;Sizzling;Neyasy;KORAKER;Lotos;murta;disti;Myrik_ZP;toresito;dimon77726;garbage1975;poccu;Romashka_13;MaxFax;deema65;gjghhjh;ViktorTamm;nudotik;bmvka;SpiderClaw;galroy;Kalxoz;phage;ironfire;Kletka55;tarhgitaj;ambrase2;TERMODINAMIKA;skyhunt1984;Botar666;essehtyki12;Aramm;Intelegent7771;TPAMADOL;Skyle;potorl;auto223;Den1ss;lisodav;EvgeniyMoscow;Bugorok;chercas11;AmiTar;zvukach;rustuk;jhgfjg0;worker71;PsIxUs;Rad0n;MoiseiSa;KilgurBT;valya13;lubanja;DiegolDeLalVega;kostet_008;Yurge;97serega2009;fora_d;bujhm2;buzmaks;dostoevski;Nika_Prem;KortesTitan;Rafaellka;St4rrySky
igorkow;sly_fly;WOLF_39;Sendex;Serega960;Secor27;USA7;Andr2008;linoquasarhqs;AlexKultaevski;KissK;Illbesen;sawkov;notanson;1lora1;BadLos;SUBIK7;ajvbxwifi;KRUIZ;charm211;Garfild21;Den_21;Garfild10;kchrssh;Kaneval;2152;Filya21;liziya;kotopesss;VolkZaya;alex_azus;PHLURO;Bakairo;Ildarik;mixa2;HASTAROT;hjvfxbuhby;voliny;Volkana;pheo;sapffir;Sellay;skvaer40521;fnelzya;oc3;rezvaya;velkilmer;BOT555;Ratimir;blacksea72;KRASSAVKA;pohmelniy;medvedgri;sevastopol54321;Sknich;artem1966;polikur;frankds;ppavk3;vask1991;terehusha;marskorp;Squall777;Rise3;Mertvii;Progressiveage;terani;StrangerIV;sveta8;sorgen;GenioBuono;TiyForever;acka1;killarunansk;bb111200;blacklance;Schantz;guligo;nikson76;krutov11;HETimy;xAntoxAx;Antorel;xyforce;cezzar;DjNiko;ZALET666;RAEDEN;DAlexendr;MetDi;181818;lukich77;XXXwalterXXX;_lolik_;Babadgan;simvin10;Gess999;ERZXOR;breysov;chimgan;lebeden;Jimmy_neutron;amanskin;newblood_chist;vvvs;boil;Sorocin;apollo89;Andronis;_Perunika_;indigol;korvala;Rastaman1989;ko081271;GazMjas;Mazaster;yguar2012;nik123st;LITEISHIK;reshetovvova;Andriadel;splash22;VeNoM_M;carlosita;08cap;Totoha_Judas;vico;Varnak;Startmaster;lena_13;icog;Strahaster;svarog__1;luzzer;dimonihe;loveyou1;quest007;MacJ;zenonIk;longer777;artik426;Tolstik10;maximum_11;DrNo_;yugyag;Gudzonc;Malibor;9udjat9;alexey1964;BABUSY;_NeoSpirit_;aleks_13;apollo131289;Agrika;Nimwe;opanashhenko;AlanSaver;WarDragon;Tigerman10;tongaden;plotik;Makusimu;zhenyagaak;inok_76;smoukis;amel2;apollo1312;qazwsx3356;Xarald;clipartts;novikya;Red_brick;Albert2009;sear105;kombo_killer;bigbrick;FilkoSS;stewardtz;artyr169;jac109;KrokDT;spamik;Dizmaster;larshink;LuckySt;kotlyk;StudentUA;KAHT75;ramildan;Artix9;rundist;ThisBadGuy;Tromsee;vladychenko;Raskaryuar;sitakka;c0ty;magnitka;Malekith;MongleR;Turkababa;gelenamd;graf1korde;viktoreg;hdhd12;435237320;minipots;Kromkii;LorD_OF_ThE_LasT_DaY;CHESAK;Menethil;Executor80;Gerlen;Toprun;miha2004;sherbak;raberey;KILLJOY_Sarapul;MotoBrother;Ilya_sts;Maggius;lien2su;trup_ik;gramm100;grafpk;ploxish00;zaraza_xl;ksevl2;gaetneow;Makentosh_Ai_1;lmamont;Nyashami_kun;mumbaumba;xlxl;Citrin;dimakudrashov;Riddiikk;aizek6;asmynd;crover;Logun;velik1982;sanya_8891;shrekunia_;Kinomeh;PlanetaTyler;voranerpalermo;Budgold;Uxman;sinuv;bojarkin;KidsKiller;nata_7d;eksten;_WEN_;StarDock;seregarus2010;Mim2;xorek1230707;AcuHa;KaimanKK;antonni;UmnicaIvseTut;__T__;xmana;malakal;seredovich;Baymer23;Aldrin;Ramzes_lV;Doktor_Stomatolog;archangel2010;Gera_Alyona;Karnaul;skill5;shoolc;Avtoric;kolakao1;alexander_r81;LANGET;DevilStar;phx_lizardman;Gvardi;papzoblo;DAVK;RomaG;sovage;JustADark;VOol;1845sergey160;booterbrat;SiMPLeRiDDLe;KonstantinV;Kozlova_A_V;zerro13;vadimstepano;nobiusor;Staryu;zegelmannn;woran4ik;kapa60;zuzzz;Amorphius;Nord001;full_zero;Mrak_v_Mrake;zdb;CRPARTS;yahozyain;bobacko;Svetmiru;neon777;IZuaL;_deymos_;tirapevt;Simly_Mike;behappy2008;Njs777;_calipso_;TKE;POJARNIK;dieselman;feiner;Muninn;rarapuH;Straszidlo;OLEG_KRUTOY1
DEMON174;baggorr;iris_07;Filcasee;ZeroHour;jenia99_23;Aneril;DirectMaster;koretkie;PauelMitchel;FINAM;klonsurge;MorickGP;nectow;gallerovasaratov;Totek;Khitrets;BartucBloody;DadHunter_Sergei;Nulesmurt;addakss;hlushko;azz_esm;566n200;YuraHaliman;SANIA926;aleksandarger;CRISTALIUS;deligorexa;Karaken;devart;ahim03;ROBINMEN;wolk31;fractalar;Voldemar130183;Keyrana;IVAN117C;manomavr;Kislovislo;romucho;Earon193;ctalinoi;Vlad131997;Zhurawell;Norfolk1991;Toporik77;ssnakes;oslannik;zaxswert;mashevskiiwow;Evaz_Mort;vip888;tashkent1;fssfs;andreff24;owan19;Siel444;virus25;Ailaina;amkar1999;kazakvartem;_Cherry_I_I_;BlacKeeper;sheverovilja;XPYCTAJIIK;Doberman_;Werlock;inm1981;mal4iwka;FETFRUMOSS;twomeat;obernaut;Elaygi;dada_75;ololopaip;jlia1975;Obtis;jmaxok;Gvay;220wase220;Nekit321;Hanna33;tt24;prundatripka;dmitrov17;89617500505;Mutantino;dimako09;konanIvan;234444;hgjhgjhgfjgh;tulyakovvalentin;diozz;geroi5;BorisychI;beliy783;Cerleg;BAKLASH;Miropolk;Aivar777;ramedlov7;BOS333;d193xs;ujk;bom74ba;fvef31;howard568;saprykinmks;danjamakoveck;sahnovasil;shajtan30;dellex;DIRED;slacer;Baton4eg;fox951;Nertug;Anton16;wwwkalmykov;GretR;rulik78;wolk7717;love2kill;dive666;zhukic;GutoraViktor;hukamaruxxx;viktor50;garis83;MuLeR111ss;flamen3;simulation;2011yura;ooomap;tulabaevidel;wylv;SWADGEN;xous;tolyan111;1112307;dead0;Delapuente;GENBIRD;bersonaa;Butenko_Diman;Avlur;Silmeldis;Nordon1;kapeton;N200;Dyadya111;slavik7908;WolfLAA;Crazy_Shark;Arviz;Rirun;RoziR;pizdec_vcem;KeNTbmw525;marinalagouna;nusik005;Vostavshiy;topkov;zeta678;140778;edgor59;mihailmihailm;olga19821911;mishalin;terra661;lionidos76;CUNA1;wataq;pim2000;ehos;miksasin1;Odrays;M102030;davidov79;sv2010;wishana;ANDREYAAAAA;shushuninrom;maksim112;selskiy;wolfra;sopitkoljan25;maks775577;julianna87;Stas7816;fghvbcx1;VFRC3;71aj;fear50;3929847287;kurteevairina;grizli_bear;somebody1989;Boblim;zahar051;mursal;voronok26;Evolution1g;Garrysonic;DIDADO;dukcu;NochnoyZmey;Pol37;korneev2009;MARFELIOS;kiril150;ktjybl;stl_i95;olegix;HhhouhUoGUougyg;rogono;arina19972;_Dark_Diamond_;J0hnS;qqwweerrttyyuuii;left4dead123;koks174;danya25052000;kiapuh;ZPAxelZP;makc300;EVIL71RUS;1100121;gdghsdkjh;MakcimucB;aLLaZaR;lvispanec;trucker64;divanov142215;invander;akimov20082;KsenYaSayks;klepikoflex
WWYR;MayBacH_DiXi;bofu_370;IMPERATOR90;lTaHKuCTl;DesFire;XGDeaTH;Proff_Sniper;BigDima;XpancX;garbagerat;w00jin;Davidka2606;olympius;kusok33;sansey2011;Stepank2;Ikikile;Ben2011;111222333444f;said66666;quguarx;agasferion;Delinor;valera1999;DeathTheKID;DH16;Manunas;torpedada;AshearaDeath;PhRatio;Xopek22;VladimirB;knopka19740;zverrek;ZALETNYJ;deniszilair;kopitlev;Luc9;Isaren;Tinki88;ASDFG9;armit88;panica322;MMimzi18;007Andrey;lSpacel;ielm;MegaKKOT;ragnarych;ddorich;Pytrok;Levaxxx;Irbis2000;Dimko80;DRAKON5;HAKS777;JarV;Anna_Levis;TERES13;kuc_kuc;stev198;zvx_gubarev;dostali10raz;piop4ik;Pegas2012;lolmode;romanica;HacT9;12049512;stalker_thg;Gabel08;vano19948;Diyablo;suluzs;anri100178;ALKOrider;Kiska88;Flutt;Dovator;kasiak174;smit256;Selvato13;Bobrof;robin7410;ares17;Trender;Stain13;VNMS;Crazy_Max_Ru;skoroxod;Egster;Ustim_nemoy;realsteel;lGerasiml;bestpicachu;savapavlov;flatout9;Deman28;San_87;Dotdjin;doctorlondon;taren1990;lereck;Kecod;DarkyJulli;jokerod;Vasilij212;barsukoveli;ThySerpenT;garrignum;SnSmNtNs;LugaFox248;andrei110673;feliksem_737;BIV1000;bleid555;mozok2008;sta1999;EL23;Pirat22;kitt83;Elver_lm;maloi31;Sealed;imax007;Ridael;Annihilus;LordAzeri;magnitski;Zeus_02;Ryslan3;gidroooooooo;DiPlanet;kidenish;sashayelizarov2001;Aberonich;Malym;flyfuntis;Life_fo_dunk;tema8585;MPAKyC;Chudoshokolad;anaksemandr;kilim;agrisvv;Namikadze;greg6;farzad;vovus98;armonas;tnnt;landrew79;C_Daimond_C;hishnik73;Drakomir;draconicara;Keymhvati;Dmeatriy;Avita;Khisamed;cicron;Amanrool;TosterTesla;Tilion;dant555e;Lora125;dahya139;alonecorsar;mag136;Punk16567;Stiven_SDM;romzes85;ripli88;oi44;Lexx_Grr;Svarog1704;DEAMOND09;xzwhitewolf;danilakl;vlad65;kikeli;Ashik2010;lnatab;nonix9;jonnymnemonik;Lafaed;lex19830214;Wolf_Pack;KroLov;camiz;aleksandrIII;timur241099;viggi;korovkin192;stepancuken;president4;dryg210;arhontdark;geier1976;Hurricane77;Kliup;marchelo0302;prangel;arturkhan2009;Tavrog;ivanac007;menlfik;dexxnsk;igfx;alexdas41;plyer;tusja84;zapora;Nckl;sultz;dangerskins;andrey13121986;kakudzu1;Tobbie;sisisis;Mazalyok;pomadka1999
TANKER;angel07;kamato3la;7999826;Spase_Jam;voltikk;LERONA;zarhralan;Lihwar;sergo43;varvar_13;mnbugnu;shadskijd;salwlen;SphereKiller;SuperCommunist;domok;plyamo4ka;roman_av1111;Mesar;kvakun;KROKOZYABL;19952014;Yar__;PuCHAN;stepanap;Ksat;dkonovalov;Voperon;AniFeelaen;homutogib;AlexSemRus;GNV;ZICYOU;Frana;freefast;Deserted;Mordor_Kill;wertybsd;aleorlm;sasha100985;Naokato;Deafer;AlexNord;Axellus;Fors2009;Afanasiev_D_N;mashina2;feq;IGEY;Lilcrips;Kiooko;Akzi;MegaDolphin;SmartVentro;Bukiki;Skaay;recording;rtrrtr;Ry4er;vergeod;Viconte;kaifarachnid;ugolek74;Chebun;Raikos;gusein91;spdjspdj;nadia3777;X_Dimedrol_X;dokmoi;benzobag;BurnFN;GosStandart;Iowe;Alekswitcher;Nerevin;avoldoiseau;Kertan;trololo;chench;KinbVoin;TempuShot;UrfinJuzz83;Kostner01;lyblytaganky;goga67;555Belchik555;artem1919_949;malefikus;ludmilia;Appolon113;Drastic;Ollatair;valentinka1;de_dust;Vartlok;Vitjaj2;Udm;ScorpiaBikeGirl;Warlock1978;archercrutch;Volandret1;Flain;mongo21;CoCO3d;ZWS21;MonsterHunterG;agentxxxx;EdenMGN;Negativee;asdfghj;serega2s;Casy13;6anzay;FURi9l;peepee;Ariman32;Zergcool;hitman4;megamag1986;dimanila;Arkobaleno_Reborn;SWINY;criticall_mass;amgona;Vic5;max197560;kirber;Naylusx;KirilliriK;Fatnev;polinicased;pop4enko;lisxsis_537;alex1509d;Dagomet;leroy10;MaxMxMz;vtgramec;German_Ford;WizarD444;sfeda;lesshiy;Wolf0790;Olivia25;GMailPlayer;adviser111;DankoVS;arhibmw;Red_Wizard;deckerss;z_brabus;ca3ko;artyr23;impersonal;dzidajus_309;mr_Fu;liarchik;cupermen;Savantis;Hanataru;MAD_MAX_2004;BlackDantist;shapilov5;magelo;bos11119;kondor56;korsar750;ssirass;romashulc;vlad183;miron68ma;Vovan86;lenulyam;Igrius;ryasko1;gaganon;bmw33zampoteh;vaflea;bucharest25;gbpleq;upz15;ShALNoY;felixor
BoneDog;slaziz;knight013;tosnja;yetim;dddiiimmm13;jabloko283;ALEXEYXXX3;soldier777;frfl;faustrol;litlepoket;alekseynike;777Evgen777;Folian;mandarinus33;1900000000;T_E_S_L_A;guruns;SeregaSU;brew20;arpeja;onza;chencho;Daancer;VIVTHEBEST;olegmos07;ilovskijj;jonn9;Fallstern;_JloJlKa;andrey139;Nexus2010;Deniks13;9998;litoy6;grfg649;Cabincrue;bak1000;Covuhka_les;JottGRay;w1whip;asep120;Azim2000;StrategRU;Voxra;slayerink;parliament12;cfifbkmby;baronovb;ihifjbfsd;svg41;zhbr3d;3a60P0CH0CNMbIU;Rahmet2011;debacl;giacynt;zxazxa;mylciber;BEFEJER;zxccvbnm;kuzv3et;LEXX1313;hovhannisyan9;ilboy;ilyalord;Stalker1974;Sotfex;gorbushinaanastasija;Domawoi;Saint_snake;8877;laikmen;bubuki;restovrator71rus;75926228734573;vasenka134;birmaflot;kursv;sergvolokovykh;nikitamih;nekromattessa;Profitrol4ik;dellsm;anastasie_02;Make1;sergei8606;lalaish;RomanS85;grom71;asirop1;qazxc7171;Steek15;oleg1975reks;denbuz;anask98;Lakei;4yba4ok1984;svyatoslav95;maxigix;kola696;virus1986000;nnn888;ruMag;kogmaw;vorga17;maxk89es1;VoYar007;Yucca;oleg911701;La_gatte;atoxa29;ragim5678;umka157;WQWU;azog87;454554;beesetru;Salvat1on;VOLK109;russian_human;mama165;0301;frustik;al_xa;toshara;dvv;dima8922;mashenka87;maks80;wolk86;Kodaa;usandrey;Vikindor;Aleksandr1g;kindeman;vergildevil;NIKITOS_05;Asadar;asaytti;rokerroki;ArTHosik;1978aleksandr23;beetlyou;Sofka;Ustasus;vikzakar;egormalyshev;arogo;owert;svetikqwerty;vitass2008;Deidara951;Pristnss;masser_noobs;fullmetal1996;Dj_Mika;xadzidxi;DemonRZN;kokolo;BlackMutagen;Predon75;ocelotrevolver;Kolbanov;hellawes;spiker731;Malgor;1061;dargan;partas;PrVV;sdtstarik_127;KLERI;Minor851;xxxwqxxxx;Generaciya;trekver;ARSEN7777;vintpoker;ololoTroll
nova555n00;Inv1se;Oniks1;PoRteG;Bronski;mdanis2000;kroma003;Golod213;Ens013;Morder7;Kreyt;Libirall;neraid;mostovaya2007;Anty1988;Crash42;Zlobotron;G0Gibr;nongratta;deda1;slavlat;pasha19631;Clever_man;rif5510;alexart28;IvavI;Kondor70;primer001;alekskup;_SELECKTRA_;_Asss_;Nemez787;lelick1978;alloiz;snigor1;Albertch2009;blume;Soban777;jevo999;wogar;bmv63;stoler84;strahapud_219;power_bizon;villiyms;kas1117;nekronomekon;badroman;vanovl;davinhce;borislav_rudenko;Nev33;M_a_x_82;rouch81;djxonec;TOLMACH1;sahai;alexchelkunov;keynbrige;skek22;22katrin;Nepsha;Alex_sanyok;astraLaft;nowhere;gre4ka;AWarel;tan2502;KOLYANIS;kirill525;pinkbeatle;karpova13;erffffffe;ma453278028;LordEskal;andrejs159;Sphirate;delta1998;rodjersuck;arturmak;f31762;vladimir000000;kostic58;Scheikan;alexzel007;Meglablandat;Yaroslav85;bezrukii;iggi0000;andik85;1111oleg;jila241;cer33kol;h2310;igormarchen;waq;poleanta;DESONE;observant;Fenixens;obraztsov8;alexao;sherol;kent323520;55942;johnjad;Azgots;sandin83;rodionovga;cyclons;Twiking;skoda66675;arsem2011;Plotnik1;lyc35;VANEK1708;JanePiere;Next969;wq21;kleh555;Hirssaf;kvinsikiller;Lakearo;lat555;Velcro;xcvhnj;viking20;lorddasiy3;Evsei2;Poiet;GIDROFAN;Hohonos;gzigunok;NersesMAH;gamepwoandrey;timefor;urod8965;selezneva1212;rplenv;galjhglhgvihglh;mikurichic;DaVinchiKiller;kkootterf;EnVoker;emptyplot54;hrommm;Namrok;lloidd;OVAK77;VERMINATOR;DagarSerg;chernyshvakse;kas32312;Mondrogor;x6ATbKAx;lalama;VaDiK05;freedum;parasinkl;ilidan18;Izigard;TanayL;vitalik940;va_04;minjali;pogaalex89;matejj;lomi22;yuravagyan;qwerty761;dr_Symon;shura95;dreninanatalia;aleksnaym;RepVlad5;fericus;xion4444
DiLaMia;Anttihrist;Genshiro;diis;vlad1vostok;First_Mohican;Ilya4927;steelrollhog;shiko;RAKTUZ;bliznecy;Fionella;DrElec;Hidden_njs;chip_;alex_13;iztok753;wolf3dx;leex2;flurian;ksk1000;Fudzin;DDTAria;Demon66666;Bumerangus;VICTOR_int;djnail1979;nozer04;arhiepiscop;kukuruzino;AAnabioZZ;oooDeNooo;lanceslik;CBT;artillerist209;kain_7;TERADON;NITROGENIUM;Ochenstrannaia;Saratsin;MrBurger;Doctorishkaa;leonard_max;apriot;banana_911;ftorodent;EBGEHUKA;073_1;ant159;Popper;le_chevalier;beslt;sschanson;Oleero;Rakot_zero;dedsky;Tassot;2112HLOPEC;newas;ApolloDantist;Aquaman13;sasha11967;Wesen;boda900;Y030781;leonidaz17;Djamakc;xGoLuMx;town133;nighame;molak;PatrickPsiH;Orlikxxx;Marvel23;xxAxseLxx;13Thirteen;dvwolf;SelenaSilver;lime_joe;Kryant;dfczgtnhjd;braconyer;Bo_EST_;Anatolij2901;genai2;piroJOKE;_Valmon_;anton_desyatko;sgl742002;Darwan;SoulDestroyer;kislolove;Immortis;ZaSSSRanetS;Koloda;hatredmoon;varoninaleksndr;paladinXX;Professional163;mims9595;juranikolaenko;savke;SerSL;komato3;ANTYK111;demformng;YuriyCh;Flop66;lookson;hophop;marsha25;Kigara;babylonn;Galushka1;frostmir;Telesto;DRAGNIER;ttiiimaa;aed1998;smokeevil1;Enzo;fatik1;Ribbentrop;poludneva2008;EvilDragon;Urara;paroda;INCOMM;fronj1;Pirat264;Andiel;DARKDPUNK;master88;yWALLen;cang;iyr;rewa197812;kam567;1032501;TiGeRlEnD;ser11150;nik09;elmacs;Dominator34;galadriel2009;Velt5555;po4emu2008;StasTr;Gines;Dante13;E8il;aleksiy365;rudenkoal1;xxxJoker_UAxxx;JuIce_J;AntonFedchin;darvin200;g5y5y;rick0012;Tayner;_BoT_;frokl;mlrplay;vik603;alex222228;lteresh;gorge13;avb96;po4emu;Ersai;meron7;v4386;Lord_Claus;JekaVGG
MimickryStronghold1;MimickryStronghold22;MimickryStronghold14;MimickryStronghold13;MimickryStronghold15;MimickryFoothold2;MimickryStronghold7;MimickryStronghold12;MimickryStronghold3;MimickryStronghold9;MimickryStronghold16;MimickryStronghold5;DarkPsion;kapa74;npoctoKAPJIO;opozzed;lilia5;ice_76;MAXMOZILLA;GregorVagrum;Lemalada;Forgotten_knight;Rus132;atlanticmonster;CoHbKo;kostyasem07;Lemalad;volodjalukjanov;zloilord80;Raven912;oldvolk1;666evil666;19art59;ImDVD;Hammer_LAV;Gosufootman;Angry;sdfgsdfg;Dombai;Tue_MihaN;P_AlexB;pdiima;litvin01;vovik211179;Solarees;Geolopoid;Dazan;Grendin;SVMinotavr;Spiceworks;xatyn;_Mapuo_;Steve87;gubkodv;daniilkudrjavcev8;ROMA1972;druid_2382;real_game;mistik2702;Learon;Vagrant;moxitoborw;ykpa;arusjka1;Traditor;Coo1;Iksai;NUBAS133;omran;Turbinator;seleech;gtime;MimickryStronghold19;MimickryStronghold18;MimickryStronghold20;MimickryStronghold17;MimickryStronghold21;nugopacuk;JET_LEE;RaVeNakaLEON;gbrfkbyxbr;vmmm;SmokedGun;megajob;pudhead1;vova_1000;MVV67;creepchik;qwertl666;Deathbrothers;linkod;psark;ProgmatiK;New_Guy;Stadoejikov;DragonSphere;marblsya;morlock1978;ANAZARY2010;la117;grib4ik;Shezar;lastspirit;ahoj23;vansergen17;19nik70;kosmosmtr;romanenkomisha;0000se;olgagerlitz;nanospore;droii;ribeiro;mazahakaDi;Bauk;Lertion;virtual001;AlMaXDjs;Satanast;Dadhunter_sergey;ViktoryKey;osmin;uroch;13SerB13;Aginor13;Palak;adoubrovine;NeroDevil;GiviFI;black4567;Fhtagn;igrig777;Black_Neon;vanya_21;Rom22;Dungus;EMINESH;Bypuk;deman705;Zeleboba1232;Starvim;Nefelim;ingema;kuzuk;masterritm;jujuna;max191279;Grafnik;bydz;weteroc;Axel256;zordek;mexikoz;ErofeaN;IndeedX;Feta;scorp555;undenied;ALEX85103;bos2012;MrRichy;Mizzeri;maks19992;agapvn1;Jim_Reinor;desepticon;arinagf;Mrakoborez;Rjcnzysxx
dada;chronos12;Gamazila;ss_cop;eson4ik;Annita;1009972009;Likagan;Darvan;Demmon83;DigiHome;murad71;Romancool;skorpionn;InsiDeus;westsac;Negativi_s;gas700;fallhall;sokolik666;83tim;inkvizitorsha;dart52;morozz797;iomen81;nicklen;vovij88;sana13;tadjor_541;Stegar;nazar89;Necroland;DarkSoul89;6yx;Sersch;KosTVaLeT;Pepiturbo;prafamod;igarec;chekan;Biginform;Coyote2008;oTeftelo;fedotik0;mdbn;sahsakr1;Kitaminchik;nevkusnaja;papaidima;OgneMET;Rainboww;Saviliy;LPU;daimaer;lelikvn;Jerar;npuBeT2010;Qweed;absolut1979;_VAB_;RazgildyaI;vorlov;vitaminas;TaDGiK;Technik666;Pard2005;kill87;Eranty;LeprekonR60;Tiretore;Ge0r9y;scaut29;astrata;Lazy_wolf;alex1lom;Riplona;HOPqpOJIK;saga1000;Classik2008;HEXEL;RelaxGold;deployer;tinkoff86;darkniki;Brrravery;DarkMessiah89;sniperAlex;GestadeArkness;hachuigrat;Stas233;FluffyHive;syhor;mib_UA;ildarx0x;MITPOXA;Alexandrrus;Niki2001;saygo;cobrazmv;Kipoc;kiy5730808;Hombert;er20702;ASSO1997;skorpi0311;alfir;SblR;bmixw;dark768;Infium;valeron66;xelbr2;SusaninMisha;Rippik;6aton;Kristaker;virus__uz;vuk1232;foxes94;vorg1d;Vladimir10;sanlers;lcr;maximixam;struck466;Agress000;SSer123;valek2;Dulse;7tbg67hfn;dimon3;storogil;sawke;nastyash;tezkaxx;tamagotchi2009;vadimdinsk;dopolob1;Lykanixin;Druid123;baloban6;ohotnik36;sapsab010;natashabekreneva;Shayle;klieks
danil95_09;serementiy;PhoenixWright;koss1988;mmisher;vurdalak0404;Evgenij_R;1error1;madfisher;HybridSandrOne;taxiss;Zikkon;kain8;setjke;DrakerInDoom;Lightness;Great_World;lex_x84;Meltiron;Dreney;bobkk;Yalya;Besitzerin;GHTKFN;Wayne_Electro;PycJIaH;alexyr;uzukage;V1tam1n_88;Seigi;HyperCreep;hauseanton;netspook;Vestring;vnv761;goldach;Pruh;kim1;Asta_La_Vist;qwetrew2;jojering;dalv194;Archonious;Whi11S;kabutoDS;Dym228;Vedaz;hfft2007;ivan_shmarov;StudioKIS;ReOrando;Crush_life;Danjos;danila07991;Besha;Ariec666;Clenten;amegas2;TPAXTEPPOPSHA;anjil;airon_r;gojet;Ironmn;YaAlk;voran_30;imYuriy;Francho;holod_g;pobi;geb_45;seregan;RoxFiX;ito2;rozon;lojor;Troshabb;zavodilo_zavodilo;Piromanter;YMN;zeb_loj;goradol;Dreadmist;Lukast;vojv;dokin;yolog;ekon;zackaz;Mahharius;Erti;torreodor95;aleexaleex;leamevealone;On1y;kapitan_dav;searacer;Stronzium;swindler2010;pjsterr;aSmitt;Partizane
Michelok;OlinVolk;Glyants;mihail2010;1GA;LoneWolf2004;Wintermen;Sokratas;kolera;tsef666;starmaxi;ZakopateL;erehbi;vinni007;Encephalon;Semenich01;vaz21047;styurij22;florit;totaldeath7;Grekoff;Macedonyus;Layba;margulis;kordin;jzerica;fag07;ARTURASSERGEY;HTML2k;rozhik;kananada;an26;Levingad;sergiorossi;bekser;DemonSDN;Defffolt;Fuori;LazyBigCat;Yerk747;m_grigore;seroga1977;straxov;Igor252;aminra;Biseza;amanit;BOOMych;Hore;Gnomicus;Pogrebspivom;Draiv_t;LEXA6P9HCK;lavr999;arhar2ius;TPAXTEPPOP;serk66;kovalenko967;lekomcev1975;gebert1980ira;DivV;333000333;vahe_grigoryan;nemesis_;Igorovic;chegur;Gardenman;FERZ5;rusruslan;Ssang;anizot;Arkaviel;Xinde;setanaka;sa08;Torrents;KOPOHA_P;Kibenematika;vovikz;dvv2;T0Pdog;jakatau;deftones;Akhinaton;Morrr;Fantom1990;ominakos;DmAn;SosoRivkind;shaeh;Tpo9lH;Gefard;A_nti_P
Nazz;Volimot;Dantezet;11239;Hellene;g4x9;Matxi;HaND79;allalyzlova;ruejdh;MARYSI1307;kepov74;CALAVA;Balanar33;xamsis;nekrpk;Kti;vovanxi;master564;ipkharitonov;natalijas;bbb2222245864;zevs090994;pradd45;art3s;kaktus7;vvv11145edfvxbf;romazan1111;znm;Lourence;AlexZahor;tasha1912;nailnnnn;sotic281082;torpedo_333;Frankonia;anutozka;Andrew20000627;deadspank;andrblack;1200ekaterina;vitalport;teptyuc55;sirius1;PYCIK;sanya19745;MrNemo00;veseluy;Demonic28;mocus;alekseyl77;sviatoslavn;jandimirva;mayor007z;SINIY123;vovan4ik111;golim;galkr;nik789123;Abaddon423;Andrej1984;mogil6ik;ClausMasnon;Streyj;qewre;BRUNG;21047;sajgak;stalker2030;StefanDok;ERRORER;teasapiens;Smoke_De944;vladimir79;beljaekirill;OldMaverick;Toha_killer;DGromov;pilot0325;razmo77;konstantin1233;ree4;goga164;delfins;beliketi;Padlo_FakovF;Minerva1658;arseniy_2000;superpotap
abkbys;serg4100;sevilla135;XXxLLlll;Dorca_Forbarra;wadicaz;able75;ploher1;veeroshek;imperationne;vldimirpetrenk;Zelenaya8;chuma2008;nicknh;Ferling;DeadEjig;urhon;TinkyWinky;wikzai;yurhome;Alhulav;Scvoch_Master;xXxRAWENxXx;pnpnick;roman723;nataha_22;Zomba_Inc;krestnik98;Ziker;vern2;APOHAP;Prolom;Kulikov10341;AndVarVar;lapik810;yura111;_knopka_;Quattro2505;hatredworld;Vadyuxa;tis1;kren_vamm;konan_volk;kuxot;mif_ugra;lheu4;is1n;baka_umka;SmallGoblin;nuBac;Erratum;Aversss;Starcros;biperch;Kerk_;141087;185014;13lena;morkovko2010;susaninsv;kisskisa;Colt943;mrak3108;__sid__;darik;VIKra;werty19;AlfaStrah;Vimarster;combik;swartalf;kenata
ET_Skip;Zlat_;MIRAY;BlackseaClown;KerrLaeda;NicoMastak;MrNOname1;1Desantnik;wasp15;Ezzzik;lordpuma;JCB;lehaostankino1;Espert;BYBENN;cte02;Hapik;IchibanBasi;kosmos1993;jimtim2007;ZloiSTELS;nick_80;wentzel;hazer888;TIGER53501;potapvano;kapitanpetr;Lida12;rijaya03;Uzass;Kanbera;DaRTMuR;Alex15777;cool_vovkins;gerakyl666;gooddraiv;vred1na;69rand;kataros;Satanadm;Rasyl;Valter9mm;Alexeyxxx2;lafon;Fakel_2010;etermal;sem_alex;DarkGuest;Winsant;kivabl;xSTARBUCKx;ZlayaZaya;abyfk;thirion1850;gur1alex;cyberiya;Arshak202;Indestructable;ralphic;balashak;j3l15;DOK082;spiridon1973;eka_s;KopcapbI4;mimme;paradis66;PrivedenicE;TivaObolonskij;AGA000
sgmaloy;fatalistd;PRoGulshiK;plah711;loparik;Sofrik;Cybervampire;varchaksergejj;Nofare;lex0013;Frosya85;Caleb45;mvecktor;gektor10;yaha4;rusbadger;Mishova;kybikx;samanok_;ICraftI;MirrahEgo;NeChelovek;Lesogrjz;MrNemo99;Avaddon423;wasd19898;Alex697;vovamursa;lesha101;skriabnev;fedir1234;TALYAN1971_1971;komagyrova;Firera;rumyno_av;serega186186;Shoodae;Yurik987;miwenko;kokopasa;TofB;stalcmit;chronorizer2;ural3213;bizinanton;lukowe;besGZN;Gaetano;ramzesprof;SAper126;barlaev;zhopahills;Andronenkov;12ser21;brodjaga68;sermskin;cubecDeaD;hfhfgggg;GREBNIK;kot2088;4y8aK;actionpay_234;gipogutor;eynhvYj;Brat_Den;ppmakca
fritzzzzz;SMT15;Pretorian_CC;narkotikmax;Area85;komandos;ZloYGoGi;Hitman_666;ABBenden;andrikizslonima;andreysusie;Missel;Rachid_1979;dorimeri;sergey42;abgreid340;artemidii;ilya44;arnitolog123;badbald;samosa18;endor;Pivmen;Arhimagistrat;Alisa121;flint77;marinheira;roman_av;GLoBaLANaRcHiA;Raszagal;gela75;kaktusino08;1_skoryj;goblin2078;Kolunix;gio72;DK8;smitt1803;Peridromophil;Effion;didkovskij;AndR10;lofa_p;Werpo2;Nothrog;Le_Gran;Kevin01;k0mp0zit0r;geroldin1964
ocimico;holden80;dfynec11;SAP_4;alse;Jokester008;AlexDark777;Darkelina;supervizer77;KiLlArMy_Juni;mexaniks;ip5809;Dark_Avatar;Cistern;Darkantes;Sousegi;babuin2000;Rigogo;madatovrobert;Frosya83;Romir_Shepart;Alyra;kos73;Tabachok_DS;Lmag1
medved_max1234;kanash;markuson;Fight777;DrLightman;Stylemaster;Elloco;nahika2011;igor1504;lzdjk1;mixa81;mirror1983;Asmodey996633;GoGi30
