gollardo;woox73;Aleksey_Tula;Look95;burewestnik_woly;NiPiUs;lek1;_JloJlKa;Nexus2010;kuzv3et;bak1000;Covuhka_les;JottGRay;w1whip;asep120;Azim2000;grfg649;Deniks13;9998;litoy6;Cabincrue;cfifbkmby;Voxra;parliament12;ihifjbfsd;zhbr3d;Rahmet2011;giacynt;3a60P0CH0CNMbIU;slayerink;debacl;StrategRU;baronovb;andrey139;svg41;hovhannisyan9;ilboy;Stalker1974;Domawoi;Saint_snake;8877;laikmen;bubuki;restovrator71rus;75926228734573;vasenka134;birmaflot;kursv;sergvolokovykh;nikitamih;nekromattessa;Profitrol4ik;dellsm;anastasie_02;Make1;sergei8606;lalaish;RomanS85;grom71;asirop1;qazxc7171;Steek15;oleg1975reks;Lakei;4yba4ok1984;svyatoslav95;maxigix;virus1986000;kogmaw;vorga17;maxk89es1;VoYar007;Yucca;oleg911701;La_gatte;atoxa29;ragim5678;umka157;WQWU;azog87;454554;beesetru;Salvat1on;VOLK109;russian_human;mama165;0301;frustik;al_xa;toshara;dima8922;mashenka87;maks80;wolk86;Kodaa;usandrey;Aleksandr1g;kindeman;NIKITOS_05;Asadar;rokerroki;ArTHosik;Sofka;Ustasus;vikzakar;arogo;owert;svetikqwerty;vitass2008;Deidara951;Pristnss;masser_noobs;fullmetal1996;Dj_Mika;xadzidxi;DemonRZN;kokolo;BlackMutagen;Predon75;ocelotrevolver;Kolbanov;hellawes;spiker731;Malgor;1061;dargan;partas;PrVV;sdtstarik_127;KLERI;Minor851;Generaciya;trekver;vintpoker;ololoTroll;zxazxa;mylciber;LEXX1313;denbuz;ruMag;1978aleksandr23;ARSEN7777;egormalyshev;ilyalord;Sotfex;gorbushinaanastasija;anask98;kola696;nnn888;dvv;Vikindor;vergildevil;asaytti;beetlyou;xxxwqxxxx;BEFEJER;zxccvbnm;hrgamer;jurgen72;zhitkikh;WWWLEXAWWW;demroos;tjsrtymartjatja;zuravljonok;danilafonin;vadimmmmm;xxLegendaxx;alixx1;tety;khromcovoleg;kidoska;sanakomedial;slash1232145121;ssdd16111983;ssaper;murtazgiora;veryn;grib29len;nailminimulin;Aleks0n;abesrza;Maxxx_1;Nazacheres;XuxukJ1uk;aleksej243;gronos2;FANATER;Valkyri;Zullabar;resin2010;ZORROf;ynyn;nikolasha225;lidiy6;NightTroll;xioka;TIPtopikus;Irgvan;auzzie;TeleMundel;34rus34;NeorgT;Uln;kotandr0d;vas9I2233;lehazxc;Nicsonik;zomber666;zaur012009;Kirov_999;FarOutMan;ludavitu;VVG14;korneev19481;igorbiglov;Radiant555;scientist201021;enya999999;Fizco;pgm100698;Demagio;si3;mksnik26;jhhjhdjc;savk;FLOPPIK;valentinbel1310;sashokas;Batezda;AliceVoldemort;Harbinochka;WishM;napay;vit431;oleg456777;riko123321killer;WCR;daba16;deadspiritus;garik0931;Ardamant;mixis1234;DARCVEIDER;Killerfrag;daffix;vlcharkin;sleepy1985;Dewourer;ARIO798;OJLEHb;maksimbrindik;EvaMih11;bnvhf;svjasitn;gaytoboy86;savele00;kondor71;sqshq;AsKein;yaryar;DYNA_DANmg;fhj;NeoEning;arti9999999;ffirefoxer;kat_rina;agudzera69;GloryLord;vepr95;paromshik191;ALEKS626;Trushx;oleetam;Brawlerlol;tombler;K0RDEN;Old_Tramp;Lapo4ka1102;Maxxnt;loma4ka;celio;sanek43;hamannSP;SUA;inhateb;alfkeram1411;darga;nikolaxer;stim1974;Kiss2012;leo3973;sereioga;Sahkh;nitrehollik;azovzap;Gogi0506;Acel;Allastar;vitas1234;Livenskiy57;kanan23;ilyazevs;larisska;DeMoNuS777;TWIDI;alexandriaclubs;8qw8;fasderer123;ibzharova;Ketilar;dimamisa1999;surok77;allegoriya;selegas4;SM96;kunevivan;Vitali88;vyvik;stepanuha;BioMass;besson8;akvafor3;mihailv2008;Stalintank;praporrrr1;77FoRcE77;misumi247;LehaR;vizibonk;dodson17;ilscorp;Scrayt;vlasdim;JamaicanBADMAN;HellGuard;aramira;oplot1230;zone89;pltrykhin;Shipilkin;Torbator;DarthVanger1;lancetnik2007;diejackinson;Garmet;Addmoney;asprim;aspirin9189;CreedKo;Coetus;foton1132;Ser_Leo;Os06eHNbIu;makc1000;al_iv;Makrusys;10111102;Nutser;krest13;satanislovas;CRAZZeeR;wuer666;hfylhtq;trewqd1;vvvoo7;LIGRIS;orlovrulet;xramovnik12;grisha737;eldiablo7;Spacesqueezer;deen23;_Tanatos_;petrosss;alexgreyt;makstaylor;uglerodplast2;kerigan1;Lex200177;neki;jaris2;ryss747;GalyautdinovII;Heruur;langoliers;qfr;titobi;beti08;SaRmAtV;garmetroa;Probe_1980;Razzrushitel;ko7stya669777;SergeyRS1986;GarriusRippe;stah7;tritisi;sss12332;demman25;cergej;II8P;serjiko01;LLIYMA;55555d55555;itrubaev;mostovaya2007;drhnefyhnefyhndfgh;nikola65bak;Lotofajazz;MattJensen;yanw;Radamat;Lokn;eddigrand;NezdeshniyR;Dragon_Atreydis;ditalset;zavhoz777;Begemot20;vjalii;MuromPasha;konekmaks;shatl124;spurq74;Kybershot;Psiker;floppy144;SvetaSpirit;kyznec555;Pendulum2009;lehaostankino;shstackujjj;3vvv55;lispustini;igorzenkov1971;Psichoz;nazgul1076;_xsander_;dimetrakis;Bazilo;Yliv;Monstryk1993;alexeygontharov2;DarkRegent;Natanata;kasyama;Mishavu;Golod213;Kreyt;alexart28;Crash42;_Asss_;Libirall;neraid;Anty1988;nongratta;Ens013;Morder7;G0Gibr;kroma003;Zlobotron;mdanis2000;Bronski;Oniks1;PoRteG;wogar;bmv63;KOLYANIS;_SELECKTRA_;deda1;kirill525;lloidd;OVAK77;pogaalex89;dr_Symon;shura95;aleksnaym;RepVlad5;xion4444;lomi22;yuravagyan;qwerty761;matejj;dreninanatalia;fericus;rouch81;alloiz;nowhere;tan2502;Namrok;AWarel;astraLaft;22katrin;djxonec;alexchelkunov;TOLMACH1;keynbrige;gre4ka;M_a_x_82;sahai;kas1117;Alex_sanyok;Albertch2009;blume;Nepsha;rif5510;Clever_man;skek22;va_04;VERMINATOR;55942;lalama;DagarSerg;chernyshvakse;kas32312;Mondrogor;x6ATbKAx;VaDiK05;freedum;parasinkl;Izigard;TanayL;minjali;mikurichic;vitalik940;Hirssaf;jevo999;davinhce;strahapud_219;badroman;andik85;Fenixens;ilidan18;cyclons;skoda66675;Velcro;alexao;rodionovga;delta1998;johnjad;Azgots;sandin83;Twiking;arsem2011;Plotnik1;VANEK1708;JanePiere;Next969;wq21;kleh555;kvinsikiller;Lakearo;lat555;xcvhnj;viking20;lorddasiy3;Evsei2;Poiet;GIDROFAN;Hohonos;gzigunok;NersesMAH;gamepwoandrey;urod8965;selezneva1212;rplenv;galjhglhgvihglh;DaVinchiKiller;kkootterf;EnVoker;emptyplot54;obraztsov8;lyc35;alexzel007;Sphirate;observant;kent323520;sherol;timefor;DESONE;arturmak;vladimir000000;kostic58;Scheikan;Meglablandat;Yaroslav85;1111oleg;jila241;pinkbeatle;rodjersuck;f31762;erffffffe;iggi0000;cer33kol;waq;poleanta;ma453278028;andrejs159;lelick1978;h2310;bezrukii;Soban777;stoler84;power_bizon;borislav_rudenko;karpova13;primer001;pasha19631;Nev33;IvavI;Kondor70;nekronomekon;Nemez787;villiyms;alekskup;snigor1;vanovl;igormarchen;slavlat;LordEskal;hrommm;justerhofman;nova555n00;Inv1se;Caesar_1203;avanakeks;KulkovMax;TaptyZka;ssss44;Dasha_;Elbrus_;Tudish_pyp;Lasna;Koevgan;Tondi;Engelc;Steel06;Izverg666;Formless_l;SPB_RAD;zrifin;kvr65;kazan80;Igougowego;SOBOL30;Tillman;Artix_;LyubereckiyKeNT;FlinksBratsk;oAntico;Lapetite;GeKar74628;Mustam;Konderbery;555denis;Buldya;Warrior79;VestnikSmerti111;VITOLIC;agasfer81;MegaP1xel;Morein13;kuzma89;ilovskijj;arpeja;jonn9;Fallstern;chencho;cawa2000x;cryptovik
BartucBloody;MorickGP;FINAM;DirectMaster;nectow;iris_07;koretkie;AlexDark777;alse;Darkelina;Aneril;klonsurge;gallerovasaratov;ZeroHour;DEMON174;Filcasee;Sousegi;Rigogo;bizinanton;lukowe;hfhfgggg;GREBNIK;actionpay_234;gipogutor;eynhvYj;NeChelovek;samanok_;vovamursa;skriabnev;ICraftI;wasd19898;Alex697;Avaddon423;lesha101;ural3213;besGZN;Gaetano;SAper126;barlaev;zhopahills;Andronenkov;12ser21;sermskin;cubecDeaD;kot2088;4y8aK;ppmakca;kokopasa;TofB;Yurik987;ramzesprof;stalcmit;chronorizer2;miwenko;Brat_Den;komagyrova;fedir1234;TALYAN1971_1971;serega186186;brodjaga68;Firera;Shoodae;MirrahEgo;gektor10;rusbadger;MrNemo99;Mishova;Lesogrjz;Frosya85;yaha4;Caleb45;Nofare;rumyno_av;lex0013;kybikx;Sofrik;mvecktor;Kti;vovanxi;master564;kepov74;CALAVA;ree4;pilot0325;razmo77;konstantin1233;goga164;delfins;beliketi;Padlo_FakovF;Minerva1658;arseniy_2000;superpotap;bbb2222245864;natalijas;art3s;ipkharitonov;1200ekaterina;teptyuc55;jandimirva;kaktus7;golim;sajgak;OldMaverick;nailnnnn;sirius1;vvv11145edfvxbf;anutozka;vitalport;romazan1111;Demonic28;stalker2030;ERRORER;znm;SINIY123;vovan4ik111;nik789123;Abaddon423;Andrej1984;mogil6ik;ClausMasnon;Streyj;qewre;21047;teasapiens;Smoke_De944;vladimir79;Toha_killer;Lourence;PYCIK;sanya19745;veseluy;AlexZahor;sviatoslavn;galkr;mocus;alekseyl77;BRUNG;Andrew20000627;andrblack;beljaekirill;StefanDok;torpedo_333;deadspank;MrNemo00;mayor007z;allalyzlova;Matxi;Hellene;Frankonia;HaND79;xamsis;MARYSI1307;tasha1912;ruejdh;11239;nekrpk;sotic281082;DGromov;zevs090994;pradd45;Nazz;g4x9;Balanar33;Volimot;Dantezet;sgmaloy;fatalistd;PRoGulshiK;varchaksergejj;loparik;plah711;Cybervampire;WWYR;cicron;Khisamed;Amanrool;xzwhitewolf;lnatab;gidroooooooo;Lexx_Grr;nonix9;jonnymnemonik;kikeli;Nckl;pomadka1999;vlad65;igfx;danilakl;dexxnsk;imax007;kidenish;Dmeatriy;landrew79;Tilion;alexdas41;sultz;kakudzu1;Svarog1704;farzad;tnnt;hishnik73;Ridael;tema8585;DEAMOND09;Lafaed;Zeus_02;Ryslan3;agrisvv;greg6;DiPlanet;Namikadze;C_Daimond_C;Vasilij212;realsteel;armonas;ASDFG9;draconicara;knopka19740;DarkyJulli;Crazy_Max_Ru;Bobrof;Trender;Dotdjin;kitt83;Irbis2000;Stain13;SnSmNtNs;VNMS;San_87;ares17;EL23;armit88;Ustim_nemoy;flatout9;skoroxod;Deman28;TosterTesla;Kliup;savapavlov;sashayelizarov2001;MPAKyC;doctorlondon;kilim;flyfuntis;Life_fo_dunk;robin7410;LugaFox248;sta1999;arhontdark;geier1976;Hurricane77;Tavrog;viggi;dryg210;stepancuken;marchelo0302;prangel;korovkin192;arturkhan2009;ivanac007;president4;menlfik;dant555e;Lora125;alonecorsar;mag136;Punk16567;Stiven_SDM;romzes85;lGerasiml;Elver_lm;Egster;Malym;maloi31;LordAzeri;Keymhvati;lex19830214;Wolf_Pack;KroLov;camiz;BIV1000;andrei110673;feliksem_737;Aberonich;vovus98;plyer;dangerskins;Tobbie;Ashik2010;Avita;Drakomir;dahya139;ripli88;oi44;Proff_Sniper;XpancX;olympius;DesFire;MayBacH_DiXi;bofu_370;IMPERATOR90;BigDima;XGDeaTH;w00jin;agasferion;ZALETNYJ;DeathTheKID;Levaxxx;Davidka2606;quguarx;valera1999;AshearaDeath;deniszilair;TERES13;Manunas;garbagerat;Delinor;Stepank2;Ikikile;Flutt;garrignum;lolmode;smit256;Chudoshokolad;barsukoveli;tusja84;zapora;andrey13121986;sisisis;Mazalyok;zverrek;Pirat22;Sealed;aleksandrIII;timur241099;lereck;bestpicachu;Annihilus;HAKS777;Gabel08;Selvato13;bleid555;Dimko80;Kecod;12049512;suluzs;ALKOrider;Kiska88;stev198;romanica;kasiak174;ddorich;dostali10raz;ThySerpenT;anri100178;kuc_kuc;Dovator;Anna_Levis;Pytrok;vano19948;MegaKKOT;anaksemandr;piop4ik;Diyablo;jokerod;mozok2008;kopitlev;Ben2011;torpedada;kusok33;lTaHKuCTl;sansey2011;Luc9;MMimzi18;Isaren;lSpacel;007Andrey;Tinki88;zvx_gubarev;VladimirB;stalker_thg;111222333444f;panica322;JarV;PhRatio;DRAKON5;magnitski;Pegas2012;taren1990;ielm;said66666;ragnarych;HacT9;DH16;Xopek22;Frosya83;Tabachok_DS;Lmag1;babuin2000;Romir_Shepart;kos73;Alyra;SAP_4;madatovrobert;azz_esm;hlushko;566n200;baggorr;mashevskiiwow;Evaz_Mort;aleksandarger;CRISTALIUS;Karaken;kiapuh;ujk;marinalagouna;EVIL71RUS;deligorexa;slavik7908;lionidos76;3929847287;qqwweerrttyyuuii;fvef31;tashkent1;Toporik77;oslannik;zaxswert;ctalinoi;rogono;saprykinmks;MakcimucB;Miropolk;devart;ahim03;ROBINMEN;wolk31;fractalar;Voldemar130183;manomavr;Kislovislo;romucho;Earon193;Vlad131997;Zhurawell;Norfolk1991;ssnakes;tt24;Butenko_Diman;andreff24;Siel444;virus25;Ailaina;amkar1999;_Cherry_I_I_;sheverovilja;XPYCTAJIIK;inm1981;mal4iwka;FETFRUMOSS;twomeat;obernaut;Elaygi;ololopaip;jlia1975;Obtis;220wase220;Nekit321;Hanna33;prundatripka;dmitrov17;Mutantino;konanIvan;234444;tulyakovvalentin;diozz;geroi5;beliy783;BAKLASH;Aivar777;ramedlov7;d193xs;bom74ba;howard568;danjamakoveck;sahnovasil;dellex;DIRED;slacer;fox951;Nertug;Anton16;wwwkalmykov;rulik78;wolk7717;love2kill;dive666;zhukic;GutoraViktor;hukamaruxxx;viktor50;2011yura;tulabaevidel;wylv;xous;dead0;Delapuente;GENBIRD;Avlur;Silmeldis;Nordon1;kapeton;N200;Dyadya111;WolfLAA;Crazy_Shark;Arviz;pizdec_vcem;KeNTbmw525;nusik005;topkov;zeta678;140778;mihailmihailm;olga19821911;terra661;wataq;miksasin1;M102030;ANDREYAAAAA;shushuninrom;maksim112;selskiy;wolfra;julianna87;Stas7816;fghvbcx1;71aj;fear50;kurteevairina;grizli_bear;Boblim;mursal;voronok26;Evolution1g;Garrysonic;NochnoyZmey;korneev2009;MARFELIOS;kiril150;stl_i95;olegix;HhhouhUoGUougyg;arina19972;_Dark_Diamond_;J0hnS;left4dead123;koks174;danya25052000;makc300;1100121;gdghsdkjh;lvispanec;trucker64;divanov142215;akimov20082;fssfs;shajtan30;SANIA926;hgjhgjhgfjgh;ktjybl;owan19;kazakvartem;Doberman_;Werlock;dada_75;jmaxok;Gvay;dimako09;BorisychI;Cerleg;BOS333;GretR;garis83;MuLeR111ss;flamen3;simulation;ooomap;SWADGEN;1112307;bersonaa;RoziR;Vostavshiy;edgor59;mishalin;CUNA1;pim2000;davidov79;sv2010;wishana;sopitkoljan25;maks775577;VFRC3;somebody1989;zahar051;DIDADO;dukcu;Pol37;ZPAxelZP;aLLaZaR;invander;klepikoflex;Odrays;89617500505;tolyan111;Rirun;Keyrana;IVAN117C;Baton4eg;ehos;KsenYaSayks;vip888;BlacKeeper;Dark_Avatar;KiLlArMy_Juni;dfynec11;ocimico;holden80;mexaniks;Jokester008;ip5809;Darkantes;supervizer77;Cistern
zuzzz;Ratimir;sear105;velkilmer;AcuHa;bigbrick;Rastaman1989;vvvs;FilkoSS;Bakairo;Avtoric;kapa60;pheo;splash22;Schantz;Sellay;apollo1312;terehusha;blacksea72;yguar2012;vask1991;yugyag;papzoblo;Svetmiru;Artix9;GazMjas;MongleR;Makusimu;eksten;zerro13;nobiusor;clipartts;435237320;killarunansk;RomaG;asmynd;skill5;Den_21;indigol;Malekith;MacJ;Xarald;_deymos_;HASTAROT;xmana;amanskin;Antorel;gelenamd;Logun;Gvardi;AlanSaver;__T__;Gess999;ko081271;DjNiko;_Perunika_;Menethil;longer777;inok_76;XXXwalterXXX;Maggius;kotlyk;Kinomeh;Budgold;dieselman;_lolik_;sanya_8891;antonni;DevilStar;lmamont;archangel2010;xyforce;LuckySt;amel2;KILLJOY_Sarapul;Varnak;9udjat9;Karnaul;sovage;booterbrat;_calipso_;shoolc;sinuv;DAVK;seredovich;crover;yahozyain;polikur;zenonIk;svarog__1;artyr169;newblood_chist;2152;Filya21;seregarus2010;Gudzonc;jac109;frankds;DAlexendr;HETimy;Malibor;BadLos;Garfild21;Garfild10;Dizmaster;Strahaster;medvedgri;Startmaster;Tigerman10;KrokDT;lebeden;Albert2009;VOol;zegelmannn;c0ty;voliny;acka1;xlxl;Aldrin;guligo;simvin10;icog;Toprun;opanashhenko;breysov;TiyForever;chimgan;Ilya_sts;alexander_r81;reshetovvova;Totoha_Judas;Mrak_v_Mrake;boil;artem1966;kombo_killer;VeNoM_M;sorgen;blacklance;GenioBuono;vladychenko;phx_lizardman;skvaer40521;08cap;MotoBrother;Tromsee;StrangerIV;cezzar;lena_13;Tolstik10;mumbaumba;SiMPLeRiDDLe;lien2su;voranerpalermo;KissK;Red_brick;KRUIZ;KRASSAVKA;AlexKultaevski;Volkana;MetDi;nik123st;WOLF_39;BOT555;sveta8;alex_azus;Squall777;ThisBadGuy;Secor27;ZALET666;Andr2008;smoukis;zaraza_xl;Simly_Mike;WarDragon;vico;artik426;Mazaster;tongaden;Turkababa;SUBIK7;oc3;raberey;Executor80;Straszidlo;USA7;rezvaya;sawkov;Sknich;ERZXOR;Agrika;stewardtz;Riddiikk;Nord001;Sendex;KidsKiller;charm211;VolkZaya;dimonihe;sevastopol54321;KaimanKK;Kaneval;Jimmy_neutron;kchrssh;Rise3;DrNo_;neon777;TKE;feiner;krutov11;LANGET;plotik;qazwsx3356;notanson;Progressiveage;vadimstepano;rarapuH;quest007;Babadgan;aleks_13;BABUSY;Kromkii;Doktor_Stomatolog;CHESAK;malakal;dimakudrashov;POJARNIK;Citrin;Ramzes_lV;CRPARTS;Kozlova_A_V;Staryu;rundist;tirapevt;1845sergey160;woran4ik;Raskaryuar;bobacko;miha2004;UmnicaIvseTut;gaetneow;xorek1230707;KonstantinV;graf1korde;JustADark;Uxman;PlanetaTyler;zhenyagaak;minipots;ramildan;hdhd12;Muninn;StarDock;full_zero;Makentosh_Ai_1;Andriadel;Nimwe;zdb;Amorphius;Njs777;LITEISHIK;trup_ik;kolakao1;IZuaL;ploxish00;shrekunia_;larshink;nata_7d
Hidden_njs;djnail1979;DDTAria;vlad1vostok;Ilya4927;SelenaSilver;xGoLuMx;xxAxseLxx;beslt;NITROGENIUM;Popper;ApolloDantist;nozer04;AAnabioZZ;lanceslik;073_1;PrivedenicE;TivaObolonskij;steelrollhog;alex_13;ksk1000;EBGEHUKA;Ochenstrannaia;Tassot;j3l15;KopcapbI4;nick_80;vred1na;Satanadm;gur1alex;kosmos1993;TIGER53501;jimtim2007;Hapik;potapvano;Winsant;etermal;Rasyl;BYBENN;Valter9mm;Demon66666;Uzass;ZlayaZaya;RAKTUZ;Alex15777;Espert;Genshiro;VICTOR_int;kain_7;shiko;DiLaMia;diis;Anttihrist;wolf3dx;flurian;arhiepiscop;First_Mohican;bliznecy;iztok753;DrElec;Bumerangus;Wesen;TERADON;ant159;dedsky;ftorodent;Y030781;newas;2112HLOPEC;town133;Rakot_zero;leonidaz17;leonard_max;le_chevalier;sschanson;sasha11967;MrBurger;artillerist209;CBT;Saratsin;oooDeNooo;apriot;Oleero;Fionella;boda900;kukuruzino;Doctorishkaa;chip_;banana_911;cang;JuIce_J;Bo_EST_;Galushka1;fatik1;avb96;po4emu;Ersai;meron7;v4386;Lord_Claus;JekaVGG;Fudzin;lteresh;Darwan;kislolove;SoulDestroyer;Immortis;Kryant;braconyer;piroJOKE;lime_joe;_Valmon_;anton_desyatko;Aquaman13;molak;Marvel23;Djamakc;PatrickPsiH;dvwolf;dfczgtnhjd;nighame;13Thirteen;Orlikxxx;leex2;Anatolij2901;genai2;Tayner;_BoT_;g5y5y;TiGeRlEnD;alex222228;rewa197812;vik603;gorge13;rick0012;frokl;elmacs;AntonFedchin;E8il;iyr;galadriel2009;yWALLen;kam567;mlrplay;ser11150;Velt5555;po4emu2008;darvin200;aleksiy365;rudenkoal1;xxxJoker_UAxxx;Dominator34;Dante13;StasTr;master88;Gines;Professional163;Pirat264;smokeevil1;paroda;Ribbentrop;EvilDragon;INCOMM;poludneva2008;nik09;Urara;marsha25;aed1998;fronj1;hophop;DARKDPUNK;1032501;sgl742002;ZaSSSRanetS;varoninaleksndr;ttiiimaa;paladinXX;Flop66;YuriyCh;Kigara;ANTYK111;lookson;savke;juranikolaenko;Koloda;hatredmoon;SerSL;mims9595;DRAGNIER;Andiel;Enzo;demformng;frostmir;komato3;babylonn;Telesto
vergeod;Spase_Jam;recording;plyamo4ka;varvar_13;salwlen;aleorlm;leroy10;KinbVoin;AlexNord;Lilcrips;Afanasiev_D_N;ludmilia;sergo43;artem1919_949;Volandret1;freefast;Vic5;zarhralan;PuCHAN;AniFeelaen;Ksat;Mordor_Kill;feq;archercrutch;Viconte;Chebun;IGEY;BurnFN;SuperCommunist;Lihwar;kvakun;dkonovalov;ZICYOU;7999826;spdjspdj;voltikk;Ollatair;kamato3la;X_Dimedrol_X;Kostner01;Alekswitcher;trololo;mongo21;Kertan;Udm;MegaDolphin;kaifarachnid;gusein91;19952014;KROKOZYABL;Fors2009;mashina2;sasha100985;Naokato;shadskijd;Skaay;Vartlok;homutogib;AlexSemRus;CoCO3d;Casy13;Yar__;Mesar;Frana;Voperon;LERONA;Deafer;Akzi;GNV;GosStandart;TempuShot;avoldoiseau;Ariman32;Zergcool;Appolon113;Bukiki;megamag1986;Naylusx;Fatnev;adviser111;cupermen;deckerss;liarchik;artyr23;MaxMxMz;DankoVS;vaflea;ryasko1;ShALNoY;impersonal;kondor56;romashulc;Igrius;vtgramec;z_brabus;ca3ko;SWINY;German_Ford;WizarD444;sfeda;magelo;shapilov5;Vovan86;korsar750;vlad183;miron68ma;bucharest25;Wolf0790;arhibmw;dzidajus_309;Savantis;Hanataru;gbpleq;felixor;upz15;gaganon;bmw33zampoteh;ssirass;BlackDantist;bos11119;mr_Fu;lenulyam;mnbugnu;stepanap;wertybsd;Nerevin;Ry4er;dokmoi;Raikos;Deserted;Vitjaj2;FURi9l;ZWS21;max197560;benzobag;Negativee;Iowe;555Belchik555;Drastic;chench;valentinka1;Flain;agentxxxx;dimanila;criticall_mass;alex1509d;lyblytaganky;de_dust;SmartVentro;malefikus;nadia3777;goga67;Arkobaleno_Reborn;MAD_MAX_2004;pop4enko;asdfghj;serega2s;lisxsis_537;EdenMGN;hitman4;ScorpiaBikeGirl;UrfinJuzz83;amgona;6anzay;Dagomet;Warlock1978;peepee;GMailPlayer;kirber;Red_Wizard;MonsterHunterG;KirilliriK;polinicased;lesshiy;Olivia25;Axellus;rtrrtr;domok;ugolek74;roman_av1111;Kiooko;angel07;SphereKiller
dada;Gamazila;ohotnik36;KosTVaLeT;DigiHome;chronos12;6yx;murad71;Pepiturbo;sokolik666;Biginform;Annita;ss_cop;Kitaminchik;Demmon83;skorpionn;npuBeT2010;papaidima;vorlov;prafamod;nicklen;nevkusnaja;1009972009;eson4ik;Darvan;nazar89;Likagan;Saviliy;sahsakr1;Jerar;83tim;iomen81;tadjor_541;vitaminas;westsac;inkvizitorsha;Stegar;Sersch;DarkSoul89;dart52;Coyote2008;vovij88;OgneMET;TaDGiK;Necroland;sana13;chekan;Negativi_s;LPU;RelaxGold;fallhall;klieks;struck466;Dulse;storogil;dimon3;xelbr2;sanlers;tamagotchi2009;Lykanixin;natashabekreneva;sawke;tezkaxx;nastyash;dopolob1;morozz797;Druid123;sapsab010;baloban6;maximixam;7tbg67hfn;SSer123;GestadeArkness;ildarx0x;Rippik;Vladimir10;ASSO1997;virus__uz;Lazy_wolf;Niki2001;valeron66;Brrravery;skorpi0311;hachuigrat;Infium;er20702;kiy5730808;SblR;SusaninMisha;6aton;Hombert;bmixw;InsiDeus;gas700;Kristaker;MITPOXA;valek2;astrata;DarkMessiah89;Stas233;Agress000;vuk1232;vorg1d;alfir;dark768;FluffyHive;mib_UA;cobrazmv;foxes94;lcr;vadimdinsk;sniperAlex;Alexandrrus;Classik2008;saygo;alex1lom;tinkoff86;HEXEL;Kipoc;HOPqpOJIK;deployer;scaut29;saga1000;syhor;RazgildyaI;kill87;Pard2005;Ge0r9y;LeprekonR60;Eranty;Tiretore;absolut1979;darkniki;oTeftelo;Riplona;Rainboww;igarec;lelikvn;fedotik0;_VAB_;daimaer;Technik666;mdbn;Qweed
scorp555;NUBAS133;Steve87;creepchik;Rus132;MAXMOZILLA;GregorVagrum;_Mapuo_;ImDVD;Iksai;Geolopoid;zloilord80;Hammer_LAV;Dazan;Turbinator;Forgotten_knight;Angry;19art59;gubkodv;ROMA1972;Dombai;Deathbrothers;666evil666;Coo1;New_Guy;la117;AlMaXDjs;kosmosmtr;qwertl666;Black_Neon;Zeleboba1232;weteroc;IndeedX;Rjcnzysxx;ALEX85103;Mrakoborez;vansergen17;Palak;maks19992;Grendin;MimickryStronghold19;MimickryStronghold17;MimickryStronghold21;MimickryStronghold18;MimickryStronghold20;daniilkudrjavcev8;MrRichy;desepticon;Jim_Reinor;arinagf;zordek;EMINESH;bydz;Nefelim;agapvn1;Axel256;ErofeaN;undenied;bos2012;Mizzeri;deman705;masterritm;GiviFI;NeroDevil;Bypuk;uroch;black4567;ahoj23;romanenkomisha;olgagerlitz;ribeiro;13SerB13;Aginor13;Starvim;lastspirit;nanospore;Feta;jujuna;igrig777;Fhtagn;ViktoryKey;adoubrovine;max191279;Grafnik;mazahakaDi;Bauk;kuzuk;ANAZARY2010;0000se;pudhead1;psark;vmmm;19nik70;ykpa;vova_1000;MVV67;gbrfkbyxbr;Stadoejikov;droii;Satanast;grib4ik;virtual001;Lertion;DragonSphere;morlock1978;vovik211179;Gosufootman;megajob;ProgmatiK;JET_LEE;Learon;arusjka1;lilia5;Raven912;Lemalada;DarkPsion;Lemalad;sdfgsdfg;pdiima;litvin01;atlanticmonster;druid_2382;real_game;omran;linkod;npoctoKAPJIO;gtime;RaVeNakaLEON;MimickryStronghold16;MimickryStronghold5;MimickryStronghold12;MimickryStronghold9;MimickryStronghold7;MimickryStronghold3;MimickryStronghold14;MimickryStronghold13;MimickryStronghold15;MimickryFoothold2;MimickryStronghold1;MimickryStronghold22
auto223;Raksifon;Martin001;AsD3158;MaGiKaN1N;nick_is2;Made_in_Dnepr;fv1607;gelixfuk;Nanoman7777;Gibson_ExP;registration;PitLord;flakonof;Yuk;BadALL;m0zg;BJIACTEJIUH;chercas11;Maksimus2012;Mins;medyza12;boss88887;ANDALUS1;morodemon;HellraiserCW;Mickle777;kid1000;Cook93;ViktorTamm;Ordung;alexu195;italian1;Rafaellka;zzzeerroo;gjghhjh;ironfire;Darlito;basf17;Neyasy;Troute;LegionerAleX;shooler99;Nikersen;Aikon333;Varg86;salabim;robingyd2;yashing;Lotos;Undertuker;Forgos;centurion99;K_U_G_U_A_R;Mistario;CMPunk;GAGAJ;QSeLaR;Levin91;SerGant;Bugorok;Impuls100;lokkidevil;Shnapsss;sotnik1;ambrase2;St4rrySky;Oleg_72;disti;bobri_k;saint_snake_13;hlopik;Miragerr;3ef;malenka;muzak;koresare;SpiderClaw;plazzma;STCORP;garbage1975;nudotik;Sh_sergo_2004;Hy_npuBeT;hash666;buryat751;ghkm;immelstorm_wolf;mmauser;lizardlp;Jerry_Rezet;Skyle;skyhunt1984;valya13;lookish;AmiTar;maugli82;rowenzori;Platonchik;SaorDual;_321_;star_ovivan;KaJ7bRH;Mist21;wolfSvetlana;Syrt;Sigyrd;dalama;AlexSot;Proteriys;Tulio;veranika1234;Agrail5
Lightness;Lukast;aSmitt;uzukage;Vedaz;amegas2;YMN;ivan_shmarov;DrakerInDoom;danila07991;Pruh;Ariec666;ekon;dokin;lojor;vojv;pjsterr;goradol;yolog;On1y;zavodilo_zavodilo;geb_45;zeb_loj;Besha;YaAlk;goldach;anjil;Stronzium;swindler2010;searacer;seregan;holod_g;ito2;pobi;rozon;gojet;airon_r;voran_30;alexyr;RoxFiX;Mahharius;kapitan_dav;Danjos;taxiss;Yalya;Crush_life;Ironmn;kabutoDS;V1tam1n_88;imYuriy;Evgenij_R;dalv194;Francho;Dreney;StudioKIS;Seigi;HybridSandrOne;Wayne_Electro;bobkk;vnv761;HyperCreep;Archonious;Partizane;PycJIaH;torreodor95;Dreadmist;aleexaleex;Clenten;Piromanter;kim1;Asta_La_Vist
Refak_ru;Falker02;tarhgitaj;lubanja;TERMODINAMIKA;efialtis10;Den1ss;Aramm;Kalxoz;VF25;MoiseiSa;potorl;EvgeniyMoscow;jhgfjg0;SidorovII;GUDARIAN;otebali;kot69;061182;TPAMADOL;deema65;Rad0n;Feator;Goblin3001;_wor_;Apokk;dimon77726;BigoBoss;ajdlahd;Sizzling;kupidon09;HybridSandr;toolbar;Katred;korrolewa;WindRustle;Intelegent7771;MaxFax;MOROWINDD;AntonGudchi;Marisha_ru;Bloomen;essehtyki12;epitron77;Romashka_13
Peridromophil;gela75;smitt1803;gio72;k0mp0zit0r;abgreid340;sergey42;GLoBaLANaRcHiA;fritzzzzz;Area85;DK8;didkovskij;Rachid_1979;andreysusie;samosa18;Hitman_666;roman_av;kaktusino08;dorimeri;artemidii;endor;ZloYGoGi;marinheira;AndR10;arnitolog123;Pivmen;1_skoryj;Kolunix;Kevin01;badbald;lofa_p;Raszagal;andrikizslonima;ABBenden;Missel;SMT15;komandos;Pretorian_CC;Werpo2
Kletka55;aansip;12volk12;walerka01;Maliti;Idiot25;Myrik_ZP;dostoevski;KORAKER;Arlandino;bemladen;PsIxUs;DenMal;mttsks;idolord;Paradiz78;Vampir2007;duh2;worker71;bandbus;mixbmw;grinhor;Begemot_nn;SPDC;Systemshik;nexoday;murta;kokajumbo1;Nika_Prem;kyc0k;DiegolDeLalVega;toresito;bmvka
KerrLaeda;cyberiya;Lida12;DOK082;MrNOname1;Indestructable;gerakyl666;sem_alex;thirion1850;balashak;kapitanpetr;ralphic;gooddraiv;69rand;1Desantnik;cte02;NicoMastak;JCB;lafon;paradis66;lehaostankino1;xSTARBUCKx;wentzel;Ezzzik;ET_Skip;Zlat_
c_b_rsashko;vladik2712;pin1089;zzz777;koshka_D;Ackarida;Bitrix;Zavrrrrrrrrr;Reystlin_;hooliganst_p;kost280283;_Snow_Bars_;WhiteRabbid;GPON;Lenyysia;Nigg;ONIX13;Mikolate;igrochan;TAPH;odminkoS;G_Pavel;mixaek;MihAny;12BU
dddiiimmm13;guruns;soldier777;1900000000;tosnja;brew20;BoneDog;faustrol;yetim;frfl;Folian;ALEXEYXXX3;777Evgen777;onza;knight013;T_E_S_L_A;mandarinus33;olegmos07;jabloko283;SeregaSU;VIVTHEBEST;alekseynike;litlepoket;Daancer
madfisher;jojering;1error1;Meltiron;TPAXTEPPOPSHA;Troshabb;leamevealone;netspook;hfft2007;vurdalak0404;zackaz;serementiy;Zikkon;qwetrew2;PhoenixWright;lex_x84;hauseanton;GHTKFN;Whi11S
ksevl2;luzzer;maximum_11;spamik;LorD_OF_ThE_LasT_DaY;fnelzya;loveyou1;xAntoxAx;viktoreg;RAEDEN;vovikz;kananada;Torrents;StudentUA;gramm100;carlosita;alexey1964;novikya
bojarkin;_WEN_;marskorp;lukich77;Biseza;Serega960;Illbesen;hjvfxbuhby;lavr999;Baymer23;LazyBigCat;dvv2;_NeoSpirit_;DmAn;1lora1;liziya;Sorocin
sly_fly;korvala;apollo89;Gera_Alyona;Mertvii;sapffir;apollo131289;aizek6;sitakka;magnitka;nikson76;velik1982;sherbak;Nyashami_kun;Mim2;Gerlen;grafpk
webpirat;enerpac;igr071;Foreis90;Marauderrr;damdil;poccu;Udjinrr;zlak666;SmartT;MrKill;getman556;zaqwerw;WolffTanya;odomsa;phage
ZloiSTELS;MIRAY;kivabl;lordpuma;DarkGuest;Arshak202;mimme;DaRTMuR;spiridon1973;kataros;eka_s;wasp15;abyfk;Fakel_2010;IchibanBasi;hazer888
Andronis;KAHT75;Levingad;Igor252;FERZ5;seroga1977;kotopesss;linoquasarhqs;PHLURO;igorkow;ajvbxwifi;pohmelniy;mixa2;ppavk3;181818
markuson;nahika2011;Totek;DadHunter_Sergei;kanash;Khitrets;Elloco;mirror1983;Nulesmurt;addakss;YuraHaliman;jenia99_23;PauelMitchel
straxov;deftones;Tpo9lH;aminra;Gardenman;Igorovic;rusruslan;anizot;bb111200;mihail2010;jzerica;lekomcev1975;jakatau
Mc_DEN;Daine;Ksenz_88;nettoo;aureolus;freemen77;mr_kostja;shali;TENb_;alex777d;Feelmycry
itsm;Sumka2;Sumka1;Ephor;sUnShInE2009;Toha26rus;freja_96;T0n1S;callobok
Spiceworks;kostyasem07;P_AlexB;volodjalukjanov;opozzed;seleech;xatyn;Vagrant
Ildarik;terani;Yerk747;vahe_grigoryan;T0Pdog;margulis;ARTURASSERGEY;sa08
Semenich01;an26;Sokratas;totaldeath7;florit;Defffolt;styurij22;BOOMych
Tue_MihaN;mistik2702;moxitoborw;Dungus;Traditor;marblsya;Rom22
Termo_Voin;sollex;kavas23;Wuglusker;Nick_II;boloyang2008;makerpeace
kordin;Gnomicus;arhar2ius;kovalenko967;Xinde;amanit;nemesis_
bujhm2;1Chipolino1;galroy;Ololololo;caramel_;Get_It;lisodav
z0389;HellLioN;ElvenKnight;dartl;xBAGAx;lobadur;gosha5_55
Aversss;mrak3108;Arkaviel;gebert1980ira;333000333;Prolom;Erratum
Shezar;CoHbKo;SVMinotavr;osmin;ingema;Solarees;mexikoz
ITZ_dav;KPOMEWHiK;bestbroker;kavas232;InNalchik;BOBAH63RUS
chars05;desantura77;NINJA82;1245;trialist3;erik82
DemonSDN;ZakopateL;rozhik;DivV;bekser;TPAXTEPPOP
jeisonn35;Botar666;KilgurBT;syhoi;buzmaks
Alisa121;flint77;goblin2078;ilya44;Effion
Asmodey996633;medved_max1234;DrLightman;lzdjk1;GoGi30
Ssang;Grekoff;ominakos;serk66;setanaka
krokusar;sonOFsam;Phoenics2;Ravzik_Rine;diartp
Austa;Gekon2001;rustuk;Llevella;dima_14_2010
185014;darik;swartalf;VIKra;werty19
chuma2008;m_grigore;AlfaStrah;kren_vamm;is1n
Vidocq;TJbla2e;_3mey_;KorvinCW;fora_d
97serega2009;KortesTitan;Yurge;catmad;barbasins
mixa81;Fight777;Stylemaster;igor1504
Alexeyxxx2;Kanbera;rijaya03;cool_vovkins
vanya_21;Dadhunter_sergey;nugopacuk;SmokedGun
fag07;Layba;sergiorossi;Kibenematika
Barsik_ua;Lenusichka;zvukach;kostet_008
Wintermen;starmaxi;kolera;vinni007
susaninsv;vern2;TinkyWinky;Alhulav
_knopka_;Ferling;able75;Zelenaya8
setjke;Besitzerin;Dym228
DARSHAN;Maximus89;Eddi4ka
ReOrando;mmisher;kain8
Nothrog;Le_Gran;geroldin1964
141087;biperch;Colt943
mif_ugra;roman723;hatredworld
rww67;nash_48277;RAKSHAZ
Erti;danil95_09;koss1988
Tasman05;ComData
lapik810;konan_volk
chegur;SosoRivkind
Draiv_t;Morrr
kapa74;oldvolk1
hoNchi;ZhekaSH
DJABA_2;stop_mult
Glyants;Macedonyus
Starcros;__sid__
kuxot;baka_umka
Quattro2505;behappy2008
WhiteCuguar;maxpvm1
iskdir;fodi
erehbi;Hore
wikzai;pnpnick
DeadEjig;tis1
GoldenFish;Vasilisk_
urhon;AndVarVar
0K0;TSAr_BOBr
Akhinaton;OLEG_KRUTOY1
1GA;Fuori
Nerrzool;vladimirmvmu
abkbys
serg4100
sevilla135
XXxLLlll
Dorca_Forbarra
wadicaz
ploher1
narkommax
veeroshek
imperationne
xxDRONxx
vldimirpetrenk
nicknh
Michelok
sanya88
yurhome
OlinVolk
Scvoch_Master
xXxRAWENxXx
oleg731389
nataha_22
Zomba_Inc
krestnik98
Ziker
Kolokolnik
APOHAP
Mic
shmaks007
Kulikov10341
yura111
LoneWolf2004
tsef666
Vadyuxa
Encephalon
jeesus
red_panda
Samuraij
vaz21047
lheu4
moer
HTML2k
SmallGoblin
mdkChaos
nuBac
Kerk_
BierMeister
13lena
morkovko2010
kisskisa
Pogrebspivom
LEXA6P9HCK
oleoleola
indau
Warrioriss
st12dk
Prince_Zart_Arn
KOPOHA_P
Inna2010
Vimarster
combik
kenata
Fantom1990
narkotikmax
BlackseaClown
TANKER
shaeh
Gefard
Great_World
Arhimagistrat
Vestring
slaziz
ice_76
Romancool
A_nti_P
AGA000
Shayle
