azovzap;hrgamer;SPB_RAD;Zlobotron;lelick1978;Azgots;lloidd;Tondi;Gogi0506;Morein13;dargan;PrVV;bmv63;Caesar_1203;Scheikan;DYNA_DANmg;Clever_man;kas1117;_Tanatos_;Valkyri;celio;1978aleksandr23;wq21;_xsander_;bezrukii;mylciber;PoRteG;slash1232145121;nailminimulin;grom71;villiyms;w1whip;maksimbrindik;sergei8606;ZORROf;34rus34;fhj;1061;zavhoz777;napay;resin2010;NersesMAH;MuromPasha;ssdd16111983;Sofka;Radiant555;agasfer81;mikurichic;Pristnss;ynyn;DARCVEIDER;arti9999999;gamepwoandrey;GloryLord;Elbrus_;ALEKS626;burewestnik_woly;GIDROFAN;Heruur;alekskup;svjasitn;svg41;pogaalex89;Brawlerlol;arogo;hellawes;nova555n00;lat555;Irgvan;skoda66675;itrubaev;kidoska;obraztsov8;MattJensen;vizibonk;zuravljonok;virus1986000;Mondrogor;wogar;VaDiK05;WishM;asaytti;Radamat;yaryar;primer001;sereioga;ololoTroll;KulkovMax;777Evgen777;Next969;maks80;daba16;8qw8;Bazilo;poleanta;BioMass;slayerink;La_gatte;viking20;eddigrand;Cabincrue;davinhce;kvinsikiller;galjhglhgvihglh;Maxxnt;Lapo4ka1102;mihailv2008;soldier777;Mishavu;bubuki;freedum;Kodaa;rokerroki;Steel06;Tudish_pyp;RomanS85;DaVinchiKiller;skek22;NightTroll;azog87;eldiablo7;Old_Tramp;inhateb;kat_rina;lehazxc;Izigard;rodionovga;Acel;darga;VITOLIC;xxxwqxxxx;iggi0000;oleg456777;Morder7;vitass2008;LLIYMA;deadspiritus;Nazacheres;danilafonin;Nexus2010;grfg649;partas;slavlat;Psichoz;Yucca;ryss747;alexandriaclubs;maxk89es1;M_a_x_82;besson8;sanek43;10111102;77FoRcE77;BoneDog;sss12332;tritisi;jila241;vlasdim;dddiiimmm13;CRAZZeeR;OVAK77;nekromattessa;olegmos07;woox73;TWIDI;Mustam;spiker731;si3;dreninanatalia;arsem2011;dimetrakis;BEFEJER;kindeman;astraLaft;Domawoi;75926228734573;ko7stya669777;anastasie_02;Zullabar;krest13;badroman;restovrator71rus;valentinbel1310;sdtstarik_127;yuravagyan;drhnefyhnefyhndfgh;Minor851;neraid;diejackinson;deen23;555denis;zone89;agudzera69;djxonec;Ketilar;GalyautdinovII;vyvik;langoliers;aspirin9189;Rahmet2011;8877;al_iv;Golod213;AliceVoldemort;dellsm;Maxxx_1;asprim;55555d55555;Trushx;Azim2000;Scrayt;alekseynike;alexgreyt;kent323520;alexchelkunov;VERMINATOR;Dragon_Atreydis;hfylhtq;MegaP1xel;demman25;shura95;alexao;XuxukJ1uk;praporrrr1;kazan80;cryptovik;surok77;Soban777;kola696;scientist201021;sahai;avanakeks;WCR;DeMoNuS777;hovhannisyan9;vjalii;chernyshvakse;vadimmmmm;Inv1se;vergildevil;abesrza;Aleksey_Tula;selegas4;cyclons;Begemot20;1900000000;borislav_rudenko;Igougowego;Lakei;vitalik940;neki;delta1998;Deniks13;Kondor70;Addmoney;fericus;igormarchen;h2310;Shipilkin;Ser_Leo;Profitrol4ik;misumi247;xramovnik12;nikitamih;SOBOL30;aramira;daffix;JanePiere;xadzidxi;TanayL;Ustasus;Sotfex;sashokas;owert;rplenv;enya999999;ditalset;jurgen72;RepVlad5;3vvv55;Kiss2012;Steek15;sandin83;Yaroslav85;HellGuard;makc1000;vikzakar;snigor1;TOLMACH1;karpova13;zomber666;lancetnik2007;brew20;igorzenkov1971;Malgor;guruns;ilyazevs;pasha19631;makstaylor;kanan23;andrey139;Fallstern;vintpoker;maxigix;beesetru;Alex_sanyok;alloiz;Lasna;ssaper;Harbinochka;erffffffe;Oniks1;nitrehollik;ibzharova;KOLYANIS;sleepy1985;litlepoket;rodjersuck;Fenixens;Hirssaf;Vitali88;onza;frfl;kroma003;VVG14;al_xa;NIKITOS_05;yetim;mdanis2000;nnn888;beti08;bnvhf;jhhjhdjc;Stalker1974;wolk86;yanw;serjiko01;zxazxa;Uln;_Asss_;auzzie;Buldya;IvavI;matejj;LordEskal;stim1974;tety;grib29len;gaytoboy86;fasderer123;kleh555;Nicsonik;Livenskiy57;murtazgiora;trewqd1;Generaciya;fullmetal1996;justerhofman;SM96;umka157;lidiy6;denbuz;_JloJlKa;ragim5678;Salvat1on;stoler84;cfifbkmby;Dj_Mika;larisska;LyubereckiyKeNT;ALEXEYXXX3;vitas1234;rif5510;Twiking;alixx1;lyc35;Demagio;xion4444;GeKar74628;giacynt;kunevivan;kogmaw;lek1;savele00;kondor71;kokolo;AWarel;urod8965;Lotofajazz;tosnja;wuer666;timefor;kerigan1;asep120;_SELECKTRA_;SergeyRS1986;Izverg666;Dewourer;TIPtopikus;Poiet;Make1;Koevgan;DemonRZN;nikola65bak;Nepsha;vorga17;lalaish;Crash42;ilboy;TeleMundel;Kolbanov;Vikindor;II8P;tombler;ihifjbfsd;Sphirate;Batezda;trekver;Allastar;grisha737;jabloko283;dima8922;bak1000;FANATER;qfr;zxccvbnm;ARIO798;minjali;emptyplot54;VIVTHEBEST;kotandr0d;3a60P0CH0CNMbIU;orlovrulet;1111oleg;alexzel007;22katrin;svetikqwerty;kyznec555;EnVoker;andrejs159;zaur012009;Hohonos;selezneva1212;Bronski;xcvhnj;dimamisa1999;oAntico;OJLEHb;BlackMutagen;kvr65;Dasha_;mixis1234;sherol;CreedKo;petrosss;ARSEN7777;asirop1;454554;loma4ka;tjsrtymartjatja;johnjad;WQWU;lalama;veryn;WWWLEXAWWW;Aleks0n;ludavitu;litoy6;demroos;blume;va_04;stah7;ssss44;pltrykhin;sqshq;gorbushinaanastasija;SaRmAtV;xioka;baronovb;kirill525;JamaicanBADMAN;JottGRay;Meglablandat;nikolasha225;cawa2000x;Konderbery;cer33kol;chencho;vas9I2233;egormalyshev;Makrusys;x6ATbKAx;foton1132;Razzrushitel;alexart28;anask98;vladimir000000;gre4ka;LehaR;birmaflot;qazxc7171;VestnikSmerti111;Albertch2009;ArTHosik;ma453278028;G0Gibr;Spacesqueezer;laikmen;strahapud_219;SeregaSU;russian_human;floppy144;pgm100698;dr_Symon;Os06eHNbIu;vasenka134;K0RDEN;Saint_snake;Yliv;knight013;oleg911701;Namrok;mostovaya2007;Lokn;ffirefoxer;andik85;aleksnaym;qwerty761;mksnik26;Predon75;Monstryk1993;Coetus;f31762;kasyama;oleetam;Pendulum2009;deda1;paromshik191;rouch81;oleg1975reks;observant;Kybershot;sergvolokovykh;Tillman;hamannSP;savk;oplot1230;kuzv3et;0301;atoxa29;SvetaSpirit;korneev19481;GarriusRippe;gzigunok;VOLK109;Nev33;kursv;masser_noobs;Ens013;Formless_l;uglerodplast2;kostic58;Fizco;ilovskijj;nekronomekon;garmetroa;StrategRU;vepr95;Evsei2;shatl124;vanovl;vvvoo7;frustik;parasinkl;Libirall;toshara;khromcovoleg;satanislovas;9998;VoYar007;T_E_S_L_A;LEXX1313;Look95;stepanuha;jevo999;FarOutMan;DarthVanger1;lehaostankino;parliament12;Nutser;kkootterf;ruMag;kas32312;Voxra;allegoriya;Sahkh;lispustini;Asadar;ilidan18;4yba4ok1984;nowhere;FLOPPIK;titobi;nongratta;kuzma89;Natanata;Plotnik1;spurq74;ilyalord;lorddasiy3;arturmak;Aleksandr1g;Psiker;Probe_1980;vit431;Ardamant;Deidara951;SUA;konekmaks;gronos2;ilscorp;mama165;debacl;Nemez787;Covuhka_les;NeorgT;keynbrige;LIGRIS;jaris2;arpeja;hrommm;igorbiglov;svyatoslav95;vlcharkin;Stalintank;Lex200177;riko123321killer;leo3973;waq;Warrior79;faustrol;NeoEning;Lapetite;AsKein;zhitkikh;aleksej243;EvaMih11;mashenka87;55942;jonn9;xxLegendaxx;Artix_;usandrey;cergej;Kreyt;DagarSerg;alexeygontharov2;pinkbeatle;gollardo;Anty1988;TaptyZka;Kirov_999;Killerfrag;DESONE;DarkRegent;zrifin;nazgul1076;nikolaxer;Folian;Velcro;ocelotrevolver;alfkeram1411;sanakomedial;power_bizon;Garmet;dodson17;NezdeshniyR;mandarinus33;tan2502;shstackujjj;VANEK1708;akvafor3;FlinksBratsk;Torbator;zhbr3d;Engelc;beetlyou;lomi22;NiPiUs;KLERI;Daancer;dvv;Lakearo;garik0931
flamen3;Brat_Den;Chudoshokolad;dive666;bleid555;Obtis;Xopek22;lTaHKuCTl;nailnnnn;Aneril;ares17;mixa81;Silmeldis;CALAVA;Avita;Lesogrjz;Proff_Sniper;GutoraViktor;Delapuente;jokerod;_Dark_Diamond_;Dovator;PRoGulshiK;tulyakovvalentin;Dantezet;markuson;mashevskiiwow;TosterTesla;Levaxxx;dangerskins;rulik78;J0hnS;Dmeatriy;ehos;gdghsdkjh;mexaniks;suluzs;teasapiens;Norfolk1991;Mutantino;Davidka2606;Sofrik;Dotdjin;mihailmihailm;ERRORER;lGerasiml;anaksemandr;jonnymnemonik;StefanDok;Frosya83;Frosya85;TALYAN1971_1971;left4dead123;Darkantes;romanica;twomeat;Isaren;mozok2008;igor1504;MrNemo99;vovamursa;kepov74;piop4ik;kanash;WWYR;rumyno_av;Butenko_Diman;BOS333;sisisis;Gvay;zhopahills;DirectMaster;Aberonich;ramzesprof;VNMS;Cybervampire;LugaFox248;Toha_killer;landrew79;supervizer77;Boblim;YuraHaliman;dmitrov17;danjamakoveck;Kecod;Tabachok_DS;Filcasee;kilim;trucker64;ddorich;slavik7908;bofu_370;lnatab;besGZN;Tobbie;allalyzlova;CRISTALIUS;Anna_Levis;romzes85;makc300;sta1999;12ser21;ip5809;president4;iris_07;tashkent1;Kti;amkar1999;TofB;Evaz_Mort;ragnarych;marchelo0302;Odrays;Elaygi;klepikoflex;wwwkalmykov;d193xs;Cistern;Asmodey996633;Nulesmurt;dexxnsk;shushuninrom;olga19821911;sanya19745;aleksandrIII;Sealed;xous;bizinanton;Yurik987;3929847287;Wolf_Pack;feliksem_737;tusja84;love2kill;w00jin;Pegas2012;ramedlov7;farzad;pizdec_vcem;KiLlArMy_Juni;plyer;devart;Baton4eg;arseniy_2000;Padlo_FakovF;fear50;DrLightman;slacer;Hanna33;hishnik73;zahar051;MARFELIOS;oi44;tema8585;loparik;andrei110673;wylv;zvx_gubarev;PYCIK;znm;Smoke_De944;ThySerpenT;71aj;xamsis;dostali10raz;andrey13121986;nectow;edgor59;terra661;Jokester008;virus25;tnnt;GretR;dryg210;Namikadze;Zhurawell;barlaev;lSpacel;ASDFG9;DIDADO;anri100178;dead0;Ustim_nemoy;kitt83;Tinki88;111222333444f;maksim112;fox951;hlushko;madatovrobert;Frankonia;ZALETNYJ;EL23;San_87;BigDima;vlad65;Crazy_Max_Ru;HAKS777;kasiak174;XpancX;Werlock;koretkie;viggi;MayBacH_DiXi;garis83;pim2000;said66666;taren1990;valera1999;Rigogo;2011yura;howard568;SAP_4;art3s;fvef31;FINAM;MuLeR111ss;fedir1234;panica322;Lmag1;sgmaloy;NeChelovek;babuin2000;yaha4;BAKLASH;beliketi;jlia1975;lzdjk1;Streyj;savapavlov;Earon193;kuc_kuc;Andrew20000627;natalijas;Evolution1g;robin7410;XPYCTAJIIK;Matxi;fghvbcx1;lionidos76;ahim03;barsukoveli;220wase220;Nekit321;Karaken;shajtan30;Khitrets;kikeli;IMPERATOR90;Nofare;imax007;dimako09;rusbadger;torpedada;Dyadya111;DEMON174;mogil6ik;ssnakes;knopka19740;varchaksergejj;Selvato13;wolk31;KroLov;M102030;Annihilus;lukowe;Cerleg;flyfuntis;ipkharitonov;GREBNIK;11239;Romir_Shepart;klonsurge;TERES13;wasd19898;DadHunter_Sergei;armonas;kopitlev;Tilion;ivanac007;Bobrof;DEAMOND09;stepancuken;wishana;bersonaa;deniszilair;aLLaZaR;pradd45;dellex;Luc9;Diyablo;akimov20082;Lourence;DRAKON5;Darkelina;Ridael;HaND79;Irbis2000;baggorr;Hellene;medved_max1234;KeNTbmw525;jandimirva;Lora125;alse;alexdas41;FETFRUMOSS;wolk7717;miksasin1;kusok33;vitalport;mishalin;007Andrey;alekseyl77;garbagerat;razmo77;konstantin1233;samanok_;Aivar777;azz_esm;ololopaip;olympius;Rirun;torpedo_333;timur241099;stev198;cicron;divanov142215;lex19830214;romucho;CUNA1;Fight777;garrignum;AlexDark777;maloi31;DesFire;Gaetano;Balanar33;prundatripka;bom74ba;ICraftI;lesha101;Tavrog;danilakl;realsteel;tasha1912;nekrpk;plah711;DH16;Nertug;Ben2011;lvispanec;566n200;sopitkoljan25;Alex697;lolmode;ZeroHour;Vostavshiy;oslannik;Voldemar130183;sv2010;beliy783;kybikx;SWADGEN;MARYSI1307;Crazy_Shark;Volimot;holden80;qewre;teptyuc55;zverrek;ocimico;actionpay_234;sermskin;jenia99_23;MrNemo00;mursal;Caleb45;Vasilij212;kos73;gipogutor;nahika2011;pilot0325;lex0013;Amanrool;OldMaverick;RoziR;Stylemaster;voronok26;inm1981;stalker2030;ANDREYAAAAA;kidenish;Pirat22;andreff24;fssfs;Andrej1984;mvecktor;geier1976;XGDeaTH;SANIA926;BlacKeeper;Keymhvati;Totek;sajgak;vano19948;Shoodae;aleksandarger;Egster;tolyan111;Abaddon423;miwenko;tulabaevidel;21047;vladimir79;SAper126;vvv11145edfvxbf;Miropolk;AshearaDeath;quguarx;skoroxod;olegix;camiz;master564;4y8aK;234444;HhhouhUoGUougyg;Keyrana;VFRC3;Punk16567;arturkhan2009;Mazalyok;kapeton;korovkin192;Deman28;12049512;MirrahEgo;Andronenkov;owan19;Sousegi;Vlad131997;Pytrok;Kliup;fractalar;topkov;tt24;xzwhitewolf;chronorizer2;Dimko80;superpotap;Khisamed;julianna87;armit88;ruejdh;golim;andrblack;marinalagouna;stalcmit;ALKOrider;SnSmNtNs;rogono;ktjybl;BRUNG;89617500505;Toporik77;koks174;Stain13;vovus98;smit256;Stas7816;mal4iwka;DarkyJulli;Lexx_Grr;komagyrova;serega186186;Delinor;Avaddon423;stl_i95;Drakomir;Hurricane77;Demonic28;HacT9;sultz;kiapuh;sansey2011;brodjaga68;BartucBloody;DeathTheKID;nonix9;deligorexa;Nazz;mirror1983;ujk;agasferion;wolfra;hukamaruxxx;kokopasa;manomavr;kazakvartem;mayor007z;Dark_Avatar;greg6;viktor50;140778;zapora;ctalinoi;kakudzu1;dahya139;pomadka1999;vip888;Life_fo_dunk;GoGi30;vovanxi;ooomap;arhontdark;MakcimucB;agrisvv;ielm;hfhfgggg;Pol37;Trender;dukcu;ROBINMEN;bbb2222245864;kurteevairina;MPAKyC;AlexZahor;beljaekirill;Ikikile;sashayelizarov2001;dada_75;SINIY123;MegaKKOT;romazan1111;MMimzi18;ural3213;draconicara;gallerovasaratov;Kiska88;nik789123;doctorlondon;DGromov;davidov79;alonecorsar;delfins;LordAzeri;Elloco;VladimirB;1100121;zeta678;Zeus_02;sheverovilja;PauelMitchel;DiPlanet;ppmakca;Ashik2010;GENBIRD;anutozka;kiril150;Stepank2;KsenYaSayks;zevs090994;Garrysonic;selskiy;simulation;diozz;kaktus7;Elver_lm;ree4;Stiven_SDM;skriabnev;g4x9;lereck;jmaxok;goga164;fatalistd;magnitski;BIV1000;bestpicachu;grizli_bear;dfynec11;invander;1112307;IVAN117C;Nordon1;Avlur;DIRED;zhukic;Ryslan3;Manunas;zaxswert;_Cherry_I_I_;veseluy;ripli88;Malym;korneev2009;Kislovislo;stalker_thg;nusik005;PhRatio;saprykinmks;arina19972;MorickGP;1200ekaterina;eynhvYj;deadspank;Firera;gidroooooooo;qqwweerrttyyuuii;Svarog1704;dant555e;gektor10;flatout9;Ailaina;mocus;C_Daimond_C;N200;BorisychI;ClausMasnon;addakss;menlfik;Flutt;mag136;Mishova;sotic281082;JarV;vovan4ik111;NochnoyZmey;sviatoslavn;konanIvan;geroi5;sirius1;EVIL71RUS;Siel444;somebody1989;sahnovasil;Anton16;Doberman_;hgjhgjhgfjgh;obernaut;Gabel08;WolfLAA;maks775577;prangel;cubecDeaD;Lafaed;galkr;igfx;Minerva1658;Arviz;Alyra;wataq;ZPAxelZP;danya25052000;Nckl;kot2088
Ramzes_lV;eksten;Maggius;_Perunika_;Mrak_v_Mrake;Illbesen;skill5;medvedgri;alexander_r81;totaldeath7;kombo_killer;miha2004;Quattro2505;Tolstik10;yahozyain;Avtoric;chegur;ZakopateL;zdb;Den_21;LazyBigCat;Baymer23;krutov11;jac109;KonstantinV;ARTURASSERGEY;artem1966;sanya_8891;larshink;Mazaster;LITEISHIK;blacklance;lukich77;amel2;amanit;AcuHa;ERZXOR;maximum_11;bojarkin;full_zero;Malekith;vask1991;xorek1230707;ploxish00;crover;HASTAROT;Albert2009;KRASSAVKA;sawkov;Doktor_Stomatolog;AlfaStrah;Sorocin;Tpo9lH;serk66;KAHT75;yguar2012;DevilStar;BOOMych;T0Pdog;Ilya_sts;minipots;_lolik_;Erratum;_deymos_;quest007;Jimmy_neutron;LorD_OF_ThE_LasT_DaY;bigbrick;Gerlen;DjNiko;WOLF_39;apollo89;nata_7d;frankds;BABUSY;sherbak;Akhinaton;longer777;Kromkii;woran4ik;amanskin;sly_fly;acka1;voliny;Kinomeh;seroga1977;Xinde;Andriadel;Schantz;ominakos;Svetmiru;sa08;Red_brick;jzerica;mihail2010;Wintermen;plotik;luzzer;gramm100;Macedonyus;Yerk747;kenata;kchrssh;DemonSDN;StrangerIV;Staryu;RomaG;USA7;Gera_Alyona;pohmelniy;SUBIK7;Straszidlo;Bakairo;apollo131289;kovalenko967;papzoblo;KaimanKK;vahe_grigoryan;Layba;Sknich;trup_ik;lena_13;grafpk;Sendex;deftones;Strahaster;VolkZaya;Grekoff;Sokratas;Varnak;werty19;vinni007;yugyag;an26;gaetneow;kren_vamm;mrak3108;rusruslan;TiyForever;TKE;WarDragon;igorkow;FERZ5;Riddiikk;kolakao1;Kozlova_A_V;xyforce;JustADark;kotlyk;viktoreg;Hore;LANGET;Torrents;margulis;Aldrin;Gudzonc;velik1982;BadLos;Tigerman10;kordin;stewardtz;DivV;Kaneval;GenioBuono;breysov;ppavk3;newblood_chist;LuckySt;MotoBrother;OLEG_KRUTOY1;neon777;opanashhenko;boil;LEXA6P9HCK;Andr2008;Startmaster;Rastaman1989;Makentosh_Ai_1;arhar2ius;shrekunia_;sveta8;m_grigore;Arkaviel;AlexKultaevski;alex_azus;straxov;TPAXTEPPOP;novikya;behappy2008;Gnomicus;fnelzya;UmnicaIvseTut;Garfild21;Budgold;Agrika;shaeh;florit;bobacko;kolera;aleks_13;Sellay;Biseza;Antorel;KILLJOY_Sarapul;KissK;blacksea72;XXXwalterXXX;rundist;erehbi;1lora1;seredovich;polikur;zenonIk;VIKra;c0ty;rozhik;styurij22;skvaer40521;nikson76;lebeden;StarDock;archangel2010;Xarald;Filya21;xlxl;Vadyuxa;seregarus2010;clipartts;voranerpalermo;fag07;linoquasarhqs;is1n;Executor80;Amorphius;sinuv;PHLURO;Mim2;oc3;Toprun;guligo;terehusha;KidsKiller;FilkoSS;phx_lizardman;vadimstepano;booterbrat;181818;Mertvii;rarapuH;spamik;marskorp;reshetovvova;Njs777;ko081271;DmAn;435237320;StudentUA;Igorovic;9udjat9;mumbaumba;185014;Babadgan;sovage;Serega960;simvin10;lmamont;sergiorossi;ThisBadGuy;KRUIZ;DAVK;MacJ;terani;Kerk_;inok_76;Citrin;KrokDT;Uxman;kapa60;nemesis_;Andronis;2152;sitakka;ZALET666;aizek6;kotopesss;charm211;hdhd12;sevastopol54321;lien2su;IZuaL;darik;Secor27;Fuori;Igor252;Gardenman;zerro13;Gess999;CRPARTS;Nyashami_kun;loveyou1;setanaka;cezzar;liziya;nik123st;shoolc;vovikz;SiMPLeRiDDLe;Dizmaster;dvv2;KOPOHA_P;tirapevt;Garfild10;anizot;RAEDEN;starmaxi;AlanSaver;Levingad;Menethil;dieselman;alexey1964;Logun;artik426;APOHAP;VOol;qazwsx3356;Progressiveage;splash22;Totoha_Judas;BOT555;xmana;_calipso_;smoukis;zhenyagaak;artyr169;__T__;vladychenko;Makusimu;bekser;1GA;sorgen;dimakudrashov;lavr999;chimgan;MetDi;Ssang;Raskaryuar;333000333;tongaden;feiner;magnitka;aminra;swartalf;DAlexendr;POJARNIK;graf1korde;rezvaya;Semenich01;CHESAK;pheo;zuzzz;antonni;Prolom;killarunansk;GazMjas;Gvardi;malakal;indigol;raberey;icog;gebert1980ira;carlosita;HETimy;gelenamd;sear105;kananada;korvala;sapffir;zegelmannn;Simly_Mike;lekomcev1975;Artix9;Volkana;chuma2008;VeNoM_M;_WEN_;Muninn;nobiusor;1845sergey160;zaraza_xl;Glyants;Tromsee;apollo1312;dimonihe;Nord001;_NeoSpirit_;notanson;svarog__1;DrNo_;Defffolt;SosoRivkind;Kibenematika;mixa2;Ildarik;Turkababa;Ratimir;ksevl2;ramildan;hjvfxbuhby;PlanetaTyler;bb111200;08cap;MongleR;vvvs;velkilmer;ajvbxwifi;asmynd;Malibor;xAntoxAx;Karnaul;Aversss;Squall777;vico;jakatau;Nimwe;Rise3
GoldenFish;061182;St4rrySky;bobri_k;Zavrrrrrrrrr;Inna2010;WindRustle;QSeLaR;centurion99;Gibson_ExP;Sh_sergo_2004;WhiteRabbid;zzzeerroo;Romashka_13;duh2;potorl;Oleg_72;mixbmw;zvukach;DARSHAN;kot69;Feelmycry;lisodav;Paradiz78;bujhm2;WolffTanya;AlexSot;Vampir2007;MrKill;MaGiKaN1N;Apokk;syhoi;TERMODINAMIKA;fodi;SPDC;GAGAJ;mdkChaos;epitron77;kavas23;Mikolate;ViktorTamm;lokkidevil;Lotos;ANDALUS1;CMPunk;toolbar;odminkoS;caramel_;GUDARIAN;alexu195;Cook93;_Snow_Bars_;Nanoman7777;nudotik;kyc0k;morodemon;InNalchik;Refak_ru;diartp;yashing;NINJA82;lookish;Nigg;disti;Eddi4ka;BigoBoss;boss88887;Sigyrd;Ksenz_88;EvgeniyMoscow;jeisonn35;ONIX13;AmiTar;Foreis90;Systemshik;nash_48277;otebali;Maximus89;medyza12;efialtis10;PsIxUs;BOBAH63RUS;HybridSandr;GPON;Falker02;pin1089;Mickle777;garbage1975;_321_;bandbus;Martin001;phage;star_ovivan;_wor_;ElvenKnight;shooler99;AsD3158;ghkm;gosha5_55;dalama;Feator;Ackarida;Skyle;igr071;chars05;c_b_rsashko;chercas11;STCORP;robingyd2;kavas232;Austa;Nick_II;KilgurBT;Agrail5;Ravzik_Rine;zzz777;gelixfuk;Lenyysia;fora_d;Den1ss;z0389;Vidocq;Bloomen;Myrik_ZP;Arlandino;buryat751;MoiseiSa;VF25;Nikersen;nick_is2;MihAny;alex777d;koshka_D;WhiteCuguar;TAPH;TPAMADOL;Barsik_ua;Shnapsss;PitLord;rowenzori;lubanja;Gekon2001;Aikon333;zlak666;deema65;odomsa;Phoenics2;Rad0n;bmvka;Ordung;Forgos;Mins;sotnik1;xBAGAx;1245;Udjinrr;Made_in_Dnepr;hooliganst_p;mmauser;rustuk;damdil;Maksimus2012;muzak;_3mey_;Tasman05;nexoday;vladik2712;mr_kostja;kokajumbo1;mixaek;buzmaks;Bitrix;auto223;1Chipolino1;erik82;basf17;registration;galroy;webpirat;12volk12;toresito;dima_14_2010;grinhor;Yuk;Get_It;jhgfjg0;tarhgitaj;aansip;Marauderrr;sollex;zaqwerw;HellLioN;walerka01;Mistario;getman556;ComData;Rafaellka;maxpvm1;KPOMEWHiK;worker71;G_Pavel;KaJ7bRH;Levin91;Maliti;K_U_G_U_A_R;Lenusichka;hash666;Proteriys;TSAr_BOBr;Sizzling;3ef;Platonchik;SidorovII;Kletka55;veranika1234;aureolus;Mc_DEN;korrolewa;SpiderClaw;malenka;0K0;Hy_npuBeT;BJIACTEJIUH;HellraiserCW;immelstorm_wolf;Vasilisk_;Kalxoz;Jerry_Rezet;AntonGudchi;Begemot_nn;Varg86;kost280283;Goblin3001;Wuglusker;hlopik;kupidon09;lobadur;m0zg;Botar666;dostoevski;koresare;Ololololo;kid1000;bestbroker;Llevella;Idiot25;DenMal;mttsks;wolfSvetlana;Neyasy;desantura77;boloyang2008;Miragerr;MOROWINDD;skyhunt1984;Troute;Intelegent7771;idolord;Nika_Prem;krokusar;ironfire;Darlito;makerpeace;murta;12BU;Katred;plazzma;dimon77726;LegionerAleX;Bugorok;TJbla2e;bemladen;enerpac;essehtyki12;valya13;KORAKER;nettoo;SmartT;poccu;shali;Raksifon;Termo_Voin;dartl;Daine;saint_snake_13;KorvinCW;Tulio;SerGant;ITZ_dav;igrochan;Reystlin_;RAKSHAZ;ajdlahd;DiegolDeLalVega;Mist21;sonOFsam;Marisha_ru;Undertuker;gjghhjh;Impuls100;MaxFax;Syrt;italian1;lizardlp;trialist3;TENb_;rww67;salabim;iskdir;maugli82;fv1607;BadALL;flakonof;ambrase2;kostet_008;SaorDual;Aramm;freemen77
69rand;banana_911;Hapik;Immortis;steelrollhog;073_1;paladinXX;wolf3dx;Ezzzik;artillerist209;First_Mohican;Indestructable;TiGeRlEnD;xxxJoker_UAxxx;Orlikxxx;braconyer;Bo_EST_;Ersai;Lida12;kam567;leonard_max;lookson;ANTYK111;dedsky;lanceslik;JekaVGG;darvin200;vred1na;Gines;Djamakc;mlrplay;MrNOname1;smokeevil1;BYBENN;newas;dfczgtnhjd;Enzo;kislolove;ser11150;Darwan;po4emu2008;avb96;DrElec;ralphic;kukuruzino;chip_;RAKTUZ;meron7;fatik1;Fudzin;beslt;molak;DOK082;xGoLuMx;INCOMM;dvwolf;j3l15;wentzel;Andiel;gur1alex;mims9595;13Thirteen;frokl;Aquaman13;nick_80;AAnabioZZ;kapitanpetr;gorge13;Espert;Winsant;demformng;1032501;PrivedenicE;v4386;savke;Popper;SelenaSilver;lafon;KerrLaeda;Wesen;kosmos1993;Fionella;diis;thirion1850;yWALLen;EBGEHUKA;Pirat264;iyr;arhiepiscop;sschanson;marsha25;aleksiy365;apriot;town133;NicoMastak;Ochenstrannaia;Dante13;DDTAria;ApolloDantist;Tassot;g5y5y;StasTr;Professional163;Velt5555;hatredmoon;galadriel2009;gooddraiv;Doctorishkaa;ksk1000;CBT;ZaSSSRanetS;rick0012;vik603;ftorodent;MrBurger;cang;cyberiya;Demon66666;Oleero;alex_13;boda900;Kigara;Valter9mm;Anttihrist;cte02;rudenkoal1;jimtim2007;Lord_Claus;TERADON;gerakyl666;Hidden_njs;ant159;piroJOKE;Telesto;EvilDragon;NITROGENIUM;leex2;Dominator34;ET_Skip;AntonFedchin;oooDeNooo;lteresh;DARKDPUNK;KopcapbI4;etermal;JuIce_J;sgl742002;DRAGNIER;master88;nik09;lime_joe;_Valmon_;DiLaMia;potapvano;TIGER53501;balashak;ttiiimaa;hophop;xSTARBUCKx;PatrickPsiH;_BoT_;elmacs;2112HLOPEC;flurian;nozer04;Genshiro;Rakot_zero;Urara;juranikolaenko;sem_alex;sasha11967;Marvel23;komato3;leonidaz17;Satanadm;le_chevalier;Alex15777;babylonn;YuriyCh;iztok753;Uzass;varoninaleksndr;ZlayaZaya;Y030781;xxAxseLxx;Saratsin;nighame;poludneva2008;Tayner;Ilya4927;1Desantnik;Zlat_;genai2;anton_desyatko;fronj1;Anatolij2901;frostmir;Galushka1;Flop66;alex222228;E8il;VICTOR_int;Rasyl;aed1998;Kryant;JCB;rewa197812;vlad1vostok;Koloda;shiko;lehaostankino1;paroda;Bumerangus;SoulDestroyer;kain_7;bliznecy;TivaObolonskij;po4emu;Ribbentrop;paradis66;SerSL;djnail1979
Vitjaj2;Kertan;upz15;Hanataru;avoldoiseau;kaifarachnid;liarchik;Vartlok;Red_Wizard;vergeod;UrfinJuzz83;pop4enko;BlackDantist;vtgramec;Casy13;MaxMxMz;Axellus;homutogib;X_Dimedrol_X;Kostner01;vaflea;Flain;freefast;dimanila;Mordor_Kill;megamag1986;LERONA;ScorpiaBikeGirl;Skaay;ShALNoY;miron68ma;CoCO3d;mnbugnu;ZWS21;lenulyam;Yar__;Wolf0790;Zergcool;Alekswitcher;SuperCommunist;Ksat;arhibmw;ryasko1;felixor;19952014;KROKOZYABL;Vovan86;gbpleq;dokmoi;max197560;deckerss;SWINY;archercrutch;Vic5;FURi9l;gusein91;valentinka1;lisxsis_537;Raikos;ca3ko;German_Ford;gaganon;sergo43;angel07;Naokato;amgona;Iowe;Negativee;bos11119;kvakun;BurnFN;serega2s;Arkobaleno_Reborn;555Belchik555;trololo;Fors2009;hitman4;Igrius;ugolek74;artyr23;benzobag;dzidajus_309;Volandret1;magelo;Olivia25;AlexSemRus;asdfghj;Afanasiev_D_N;mr_Fu;kamato3la;7999826;IGEY;z_brabus;Kiooko;nadia3777;mongo21;Ry4er;MegaDolphin;sasha100985;leroy10;Naylusx;AniFeelaen;goga67;lesshiy;Appolon113;Ariman32;Savantis;Chebun;Nerevin;Lihwar;vlad183;Lilcrips;feq;polinicased;roman_av1111;Udm;lyblytaganky;Voperon;chench;shapilov5;kirber;Mesar;dkonovalov;Deserted;aleorlm;Spase_Jam;MonsterHunterG;zarhralan;voltikk;AlexNord;peepee;criticall_mass;domok;korsar750;impersonal;agentxxxx;plyamo4ka;recording;Ollatair;GNV;PuCHAN;Warlock1978;malefikus;rtrrtr;cupermen;ludmilia;TempuShot;Dagomet;shadskijd;Deafer;Akzi;SmartVentro;adviser111;Drastic;KinbVoin;EdenMGN;bmw33zampoteh;sfeda;bucharest25;wertybsd;ssirass;de_dust;varvar_13;mashina2;Frana;ZICYOU;SphereKiller;6anzay;MAD_MAX_2004;KirilliriK;Viconte;stepanap;GMailPlayer;Fatnev;Bukiki;kondor56;alex1509d;romashulc;spdjspdj;DankoVS;GosStandart;WizarD444;salwlen;artem1919_949
megajob;masterritm;weteroc;Zeleboba1232;psark;666evil666;gtime;litvin01;Steve87;19art59;Forgotten_knight;Mizzeri;Dazan;osmin;nanospore;la117;Rom22;13SerB13;Stadoejikov;pdiima;nugopacuk;MimickryFoothold2;EMINESH;grib4ik;Fhtagn;Lertion;black4567;MimickryStronghold20;MimickryStronghold22;Aginor13;CoHbKo;vmmm;Lemalada;Dombai;vansergen17;atlanticmonster;mexikoz;ykpa;Deathbrothers;MimickryStronghold3;MimickryStronghold1;qwertl666;MimickryStronghold7;Raven912;MimickryStronghold5;mistik2702;MimickryStronghold9;Geolopoid;droii;bydz;Jim_Reinor;deman705;daniilkudrjavcev8;MAXMOZILLA;Starvim;ImDVD;Bauk;Solarees;real_game;kuzuk;Rus132;Gosufootman;adoubrovine;mazahakaDi;Hammer_LAV;zloilord80;DragonSphere;Tue_MihaN;Lemalad;ANAZARY2010;creepchik;ALEX85103;scorp555;Coo1;AlMaXDjs;pudhead1;JET_LEE;Satanast;NeroDevil;linkod;npoctoKAPJIO;ProgmatiK;Angry;moxitoborw;arinagf;Dadhunter_sergey;Grendin;Dungus;marblsya;Feta;NUBAS133;arusjka1;MimickryStronghold19;Iksai;Rjcnzysxx;ribeiro;Black_Neon;vanya_21;RaVeNakaLEON;bos2012;max191279;desepticon;ViktoryKey;MrRichy;lilia5;IndeedX;vova_1000;GregorVagrum;Mrakoborez;ROMA1972;SmokedGun;uroch;zordek;GiviFI;morlock1978;Nefelim;agapvn1;kosmosmtr;Grafnik;New_Guy;druid_2382;virtual001;Traditor;MimickryStronghold14;MimickryStronghold15;MimickryStronghold16;MimickryStronghold17;omran;MimickryStronghold12;MimickryStronghold13;sdfgsdfg;ingema;Learon;MimickryStronghold18;Palak;DarkPsion;igrig777;vovik211179;lastspirit;19nik70;Shezar;0000se;gbrfkbyxbr;gubkodv;undenied;_Mapuo_;ErofeaN;jujuna;Bypuk;MVV67;MimickryStronghold21;ahoj23;olgagerlitz;maks19992;Axel256;SVMinotavr;Turbinator;romanenkomisha
Druid123;sawke;Riplona;mdbn;morozz797;vadimdinsk;eson4ik;kill87;nastyash;Infium;Pepiturbo;RazgildyaI;dark768;LeprekonR60;OgneMET;lcr;MITPOXA;sahsakr1;LPU;sana13;tadjor_541;nicklen;natashabekreneva;InsiDeus;Dulse;Stas233;83tim;Qweed;Vladimir10;Coyote2008;Jerar;bmixw;darkniki;Demmon83;Annita;Likagan;6yx;scaut29;Stegar;alex1lom;SusaninMisha;7tbg67hfn;Saviliy;vovij88;murad71;DarkMessiah89;prafamod;dopolob1;saygo;skorpi0311;Lazy_wolf;tamagotchi2009;Pard2005;Kristaker;ss_cop;Tiretore;DigiHome;Ge0r9y;papaidima;storogil;fallhall;sokolik666;igarec;klieks;Rippik;Hombert;Brrravery;syhor;Necroland;KosTVaLeT;SblR;Gamazila;FluffyHive;dimon3;vitaminas;saga1000;baloban6;foxes94;_VAB_;iomen81;maximixam;xelbr2;kiy5730808;deployer;vorg1d;sniperAlex;valeron66;sapsab010;fedotik0;vuk1232;er20702;lelikvn;virus__uz;6aton;ildarx0x;Darvan;1009972009;valek2;Rainboww;Eranty;tinkoff86;GestadeArkness;Kitaminchik;absolut1979;dart52;dada;Alexandrrus;ASSO1997;Classik2008;cobrazmv;Lykanixin;hachuigrat;struck466;nazar89;nevkusnaja;npuBeT2010;TaDGiK;astrata;Agress000;Technik666;Negativi_s;tezkaxx;DarkSoul89;vorlov;gas700;Sersch;inkvizitorsha;westsac;chekan;SSer123;Niki2001;daimaer;Biginform;Kipoc;mib_UA;ohotnik36;alfir;HEXEL;HOPqpOJIK;RelaxGold;skorpionn;chronos12;sanlers;oTeftelo
StudioKIS;zeb_loj;ekon;aleexaleex;uzukage;Besitzerin;danila07991;kim1;PycJIaH;yolog;setjke;rozon;airon_r;bobkk;voran_30;Asta_La_Vist;searacer;mmisher;Seigi;Mahharius;amegas2;kain8;torreodor95;Dym228;Dreadmist;Lukast;seregan;gojet;goldach;Wayne_Electro;YaAlk;ito2;Partizane;Clenten;zavodilo_zavodilo;pjsterr;aSmitt;YMN;Lightness;alexyr;RoxFiX;anjil;dokin;taxiss;Yalya;Dreney;Ariec666;DrakerInDoom;goradol;On1y;Besha;Ironmn;dalv194;geb_45;HyperCreep;Danjos;V1tam1n_88;Francho;holod_g;Evgenij_R;imYuriy;vnv761;swindler2010;Crush_life;Stronzium;kabutoDS;pobi;kapitan_dav;Vedaz;ivan_shmarov;HybridSandrOne;Pruh;Archonious;Piromanter;lojor;ReOrando;vojv
GLoBaLANaRcHiA;ilya44;smitt1803;Kolunix;goblin2078;Missel;Alisa121;Werpo2;Effion;arnitolog123;narkotikmax;artemidii;samosa18;Arhimagistrat;Hitman_666;dorimeri;1_skoryj;Nothrog;Le_Gran;abgreid340;andrikizslonima;ABBenden;didkovskij;fritzzzzz;Peridromophil;Area85;SMT15;andreysusie;gela75;badbald;flint77;marinheira;kaktusino08;lofa_p;geroldin1964;gio72;Pretorian_CC;ZloYGoGi;Pivmen;DK8;komandos;roman_av;Kevin01;AndR10;sergey42;endor;Raszagal;Rachid_1979;k0mp0zit0r
qwetrew2;GHTKFN;netspook;serementiy;Whi11S;Meltiron;koss1988;Troshabb;danil95_09;jojering;Great_World;hauseanton;PhoenixWright;TPAXTEPPOPSHA;leamevealone;lex_x84;zackaz;Zikkon;Erti;1error1;madfisher;hfft2007;vurdalak0404
DarkGuest;MIRAY;lordpuma;hazer888;Alexeyxxx2;kivabl;AGA000;wasp15;abyfk;Kanbera;rijaya03;Arshak202;ZloiSTELS;IchibanBasi;DaRTMuR;spiridon1973;mimme;Fakel_2010;kataros;BlackseaClown;cool_vovkins;eka_s
hatredworld;Alhulav;vern2;DeadEjig;TinkyWinky;mif_ugra;tis1;nuBac;xXxRAWENxXx;roman723;susaninsv
Sumka1;Sumka2;freja_96;Ephor;sUnShInE2009;itsm;callobok;Toha26rus;T0n1S
biperch;lapik810;SmallGoblin;konan_volk;Colt943;141087;kuxot;baka_umka
opozzed;seleech;P_AlexB;Spiceworks;Vagrant;xatyn;kostyasem07;volodjalukjanov
Yurge;catmad;97serega2009;KortesTitan;barbasins
Ferling;_knopka_;Zelenaya8;able75
DJABA_2;xxDRONxx;stop_mult
AndVarVar;urhon
vladimirmvmu;Nerrzool
oldvolk1;kapa74
ZhekaSH;hoNchi
Starcros;__sid__
Morrr;Draiv_t
wikzai;pnpnick
Romancool
Fantom1990
lheu4
TANKER
Pogrebspivom
ice_76
morkovko2010
jeesus
yurhome
Samuraij
Kulikov10341
narkommax
ploher1
vldimirpetrenk
nataha_22
Scvoch_Master
Prince_Zart_Arn
nicknh
Mic
combik
Vimarster
imperationne
XXxLLlll
Warrioriss
Kolokolnik
wadicaz
indau
LoneWolf2004
13lena
veeroshek
shmaks007
sevilla135
abkbys
Ziker
A_nti_P
sanya88
kisskisa
krestnik98
slaziz
st12dk
tsef666
Shayle
Gefard
Dorca_Forbarra
oleoleola
red_panda
serg4100
BierMeister
Vestring
Michelok
oleg731389
moer
vaz21047
OlinVolk
Encephalon
yura111
HTML2k
Zomba_Inc
