CdAlex;Taryel;woodooas;a3at;Restruktor;Astrad_Sevinus;bova199;Boritodog;amenist;Carateli;Mironicus;Q21;cferka;R_Killer;Erics520;Bizon1979;Mamay;BARMAN123;popolzen06;peetbull;gidr0s;nemezida82;The_Punisher;timikan;cl0n;Dragon_Fire;costano;SDRQ;Galsakh;kristi_mg;makerpeace;strilok335;GRAV1Capa;asd201073;MoonScorpio;_MOLODOY_;MiKhA_AZ;Razzielll;Slava_vf;octa;iamsuhov;Monster;Gavn0bacK;DeadGoblin;Foreis;paulruss;anastas1256;BEHEPA;Baksru;XPOMOCOMA;BIPOLAR;MAGAS_06;Kenny_McCormick;Shurikwar;insaid3;tiks07;tigriusus;lasi;trotz;shelmu;DragonSfera;Grudik;derektor1133;Spiritrabbit;criticalmistake;dest_lid;Brodaga;IJOP;i_65;Furchtelich;demon_ajax;D_i_e_s_e_L;avalsuper;zoolosur;Marshak25;bakka24;Vilor;V1t_Krivbass;nanajoin;Shiiva;PRZR;LG3000;WERpo;iphritus;_ASTERICS_;kedzo;Varlix;Dirt_fear;Atomobot;Dremlin;Puzirkin;BrotherOfDeath;lordvsehzemel;AZY;Nik2007;M_600;BOEVIK_KUB;maskashmaska;lavrsss;dsoracul;lidialion;oks61;musso01;zana4;TOLJAN2004;San_ya;tsl;akimen;T0Pdog;vaselyok;VDanil;mousewar;AntiMinus;Romanwar;Landin;pafnut_1;tamerlanII;Zoldaten;Oleksadovbush;HWoTer;JustPlay;Crash_777;tinishka;akbars;villum;Doktor33;Changes_for_good;Dolomit;svinunit;taukelev_a;ISa_;Diavolo666;K_A_A;GeraltII;blizard_sis;mr_black;HH80;Ben_Gun;Hvitaliy;myxomopuwe;D_vitaly;ns_lsb;sanyapro96;Horner;atamas;9l3bl4HuK;capitansumy;supervolk;kadovik;ilarki;Le_Gran;andrewka_ch;Turoxid;Milibusia;Just_moment;Akinka;Korrelyator;Arven_1;kizzi;padovanlelik;sergei223;War2000;Arthur22;baddron;Glazyr;mr_STARper;sPINnINC;Saracinus;HideNeon;Gross_Master;Safm;pElot;UNeron;esqwerdo;FliesKiller;Cruiser57;Alienora;Lynkz;tom1210;lissard;kaktus_5;igor_777;aeca;usch83;zloy_mag;Shao_Khan;nata67;Burgyi;Azart2004;DelastatoR;zergs_sk;negson;Podavan;056098;iomega;pticalovkach_716;brain4you;HerMaior2;paspartu;misteranl;kolia230;Copernic;_BAHO_;acronix;GnomKozak;Lord_Readl;smalpilot;Medinat_Israel;Stychalovec;Violiator;KoMno3uTop;alexagfv;HarRam;SaintAngel;bubzi;fbfly;GukovR;Ari_Man;roman723;2111omar;vanster;falkon777;alesya85;dispen;Barkys;demension;xolodets1;Nevr13;gvozdoder123;sheleg3s;tamaga;LaTerre;evg0220;Dark_Bes;VisMedicatrix;dmianatolevich;c_b_rsashko;sherbak;SilverEagle;chupa4u;OldRedvirus;kvis;shvec1977;_batuttt_;LeeDwin;Evgench;tolyan_senk;yulik555;BLuDnIK;fed1994;Rom_zess;Cheshire_Cat;Dantalas;Divanovich;Pavel_kpi;ZaykaSET;gifft;McBot;nuu;dirhammer;icewind666;AndrBriz;chamsu;SergeyF;Quorthon;Narval2;Pest007;Djim77;Unit3;Inna2010;Chronon;Lampikard;pankent;Bop_Ha_Bope;NE_yeskela;cdochita;Juicer;Slonopotamius;Mifistia;neoIXP;razrus;Pross;Aboltuss;Ve4eslavi4;mig1079;Bukharev;Encephalon;Maim72;YASEMIN;trifonce;_Cruiser_;Karibo;soloveii;RevengeAngel;kyk37;opaque;DrakonXIII;Kris_tall;JEKA212;megazz13;dronkir;RWorld1;Andy_ok;per4ilo;kolirts;pristig;Buffy96;Bazzilic;HANSA;YukaChai;nikolsem;Zuheben;narkommax;watson3;AntoLLIka;maxsolod;Helgi_Tornson;artist2;Barsellius;kmsTroll;pakemon07;xolodets2;DrSEM;Jarodus;FDM;Goryshko;HRomiK;Evgen2141;Augusto_Pinochet;HellDog;wield;D_i_d_a;xnopa;faimai;victor98;direangel;Rudini;cdi;Avir;ViNZ;Trance_goa;DARK_SHINOBY;Pauls1000;tpso;Xima14;F_A_N;_Docent_;pav052;latyna5;AndrewsAnswer;RPM;kon_ivan6796;hlopak;mdkChaos;pcb;Cherniy_;Navudonohosor;Tormgor;FANTOM_1;Dimka2424;goldperi;hoNchi;kodish;Silvez;voleri_moon;aleks222134;wariorre;OlegT78;_baldur_;Kos74;TOM4S;VadimTreshhenok;Fantom82;voloch78;PAMbl4;Wildd;KEVin_Virs;ramasanta;Teyssi;Tabletko;Zelenaya8;BenTehc;mi_24;TARAN777;Geizer_;HangLoose;MuaDipus;SLBE;valenkovoz;Zeus_S_Olimpa;GoriK2112;Klikushutka;santerishe;FateKiller;CapBlack;fosfor1999;koka1978;BSP;SLIDER_TM;0ffice7;mikrostov
whatze_phaq;Killer_IDF;bmv005;kontorshik2009;RoomWoodpecker;Mmv1;stasshi;hin_jr;Svepol;Uhul;Sidorova;Cepera_001;ghjk2011;Din0;gidromodul;BierBrauer;nh777;Blastterror;NiceMaster;K_U_G_U_A_R;nokia89;motya77;olyyaa6;artserg;SammLight;yuiop5655;cucushka;koluxan;mdeagle;WorIg;Serafim35;serik11;VitalyX;caVVen;dilissa;3axap78;78ikar;Sedoy_;ImafiozoI;kosmopolit;Konig;Mafiy7;abrekos666;ig62;crazy_horse2008;mabold;tamaralove;kvb80;asket3103;domovoika;Solbi;lemynara;VVIIKK;Psyhodrug;neoleg;NAZA10;skobatr;sidvk;BOP_BOP;kodex333;New73;CrimeaWolf;Sicilianec;tatsestr1;Zax112;KOLYFF;SUPERSHTORMER;n0name116;mad_berserker;engenertv;yasen;Mictian;Xorpulus;bataleon;baubrr;redrum7;questionbig;Chubakka;Pirelli;Sam_FD;zuravl;mework;Graf_intima;Vercus;kamikadze108;serlili;SorglosEngel;satos;Crazybadboy;konstfntin;krk72;RUMACTEP;dfujy;nata135;Galar;vasecheggg;semsestr;Hell_Hound;Primery;vvm4;Wscor;ball1;provincija;t_grigore;alex_del;varvar007;asd645;DarknessOrk;zoloto5;Despite;MexWars;Antigrenok;vio777;Elektroslesar;Rek13;frost10;psychogamer;TSTST;PyaNaYa_KlyuKva;Avova;DARE_Forever;erier;autosoft1;minay;DEBCHENNKA;vestem;Dendnepr;zenith1111;HETOT;TucKan_new;million09;demchenko2611;mfarik;denistaenchuck;Zelle;gan_jah;AN_TON;K0T999;gavchik;Luks;Lussia;Olga105;Lud_Mila;Aikon_jo;JLndd;LIFTERs;terra_l;Iegion;kobx;wlad48ru;De_Jeavue;PANDASPHERE;Destructed;mihaelzub;poiuypo;LeoFH;Alexey710;varankom;gjuyt;zmr16;pavel117;gawiw;Tigra5547;Yuli23;Virsaitis;Amazonka87;haos76;dimasterl;Fatemaster;artemimarat;Warr74kan;QTF;Mourner;SensaUno;Chii;Andrey_SnAkE;Imanta;AlexandrHV;rjcnhjvby;Aleiiika;Gop__Stop;mir4u;Blak_Jak;Neofit2006;Loich;Ellund;kristel;Ognakan;PRIVatizator;TembrVC;JohnnyMnemonic;ZloyFenix;papikserg;LANCELOT1;272086612;Feanor_1;avz71;nillcontent;xxx_77;Progressiveage;1as;COKPYIIIUTEJIb;nuker2000;krot_enot;molot3000;AlexJSpecnaz;Zloy_Kaban;mari1988;reierk;westfal;xzeroqoolx;Veselchak;gramm100;ReaLine;Sam_Gold;Warrior703;Elada;Mad_Wolverine;Vedmed_2007;npu3bIBHuk;dorik;wowa7;20121965;Rapper777;Svin2000;As171;kotabus;Hehelf;NG33x;f01001;microCosmos;bilirubin;LvVS;codesh;Zerotool;vogak2010;Dzentei;Sivuch;DebianLinux;viktoreg;SUPERGUS;homchikv;arhi_v;divine7782;lekomcev1975;gevgeniy;BESSY;IIIun;Regisio;RASHOL;MrZet;Freeway1;Stibium;Askanio;LexxKillerDS;MiMiDom;SanchoPanso;augur;rita1966;smoukis;snoopy_s;kettybree;drakon4777;MSLION;nenep;alx_12;Zloy_Pahan;BesSoloV;Erato;malakal;Fire_Dragon_111;arhiepiscop;syfiy;Master_of_souls;mr_V;femida511;elhar_kesser;_GM_;Jeen2005;XLYANDER;ignors;ath1ete;__T__;Segal;barterb;TYAHY4KA;Russian_Amazonka;konopatyi;Leevoth;pilot454;CeMb;rypon;expresso;wink_9;InfernoKiller;AivengoBill;Layard;uhtr;aivamar;Vaago;RD2D;Milansir;Hakkon;IStrok;MulderX;x_Key_Dach_x;Prezident_EAO;Maloy1992;oxi13;Satanika;green_lacerta;Juurka;Suderator;tension;Rompeprop;Ivanauskas;djamknacker;Yakov2008;EOZERG_BFG;townN;Daine;Trevor_Kidd;ybilinegroff;_renDom__;togwar;chebulduk;COOLUR;Kronuss;NewPatriot;angel_KPOXA;pasha_BFG;Warrkan;suph;Lokotof;podorvikolbasku;RustamB;Anniona;L_and_M_forever;JIeBaK;DigRuz;YaceK;YuriyCh;blblblbl;9InoH4uk;Andy_Panda;XmmX;Trils;RadioVideo;stetsulya;shlyap;lizardlp;Dilya_SD;l_ZERRO_l;A_nti_P;zaqwerw;intcorp;Fill1908;sfera_me4t;Voltdveller;hosaen;Booltasaur;neAngel_Ok;Villion;PinakoladA;crimp23;Phantom77;DonAlonzo;LumpiPumpi;Liks41;iluzij;_Terracot_;OYMA;skywitch;bugor;l_ZERR0_l;Leggg;Shadowman86;vtar1;Hiro_Nakamura;ApostolVS;AncientWorrior;neon777;Greebnick;pokemonX
V_E_D_U_N;Blood_Silencer;Neved;AtomMan;Drunk_Amigo;ss1988;ClownBobo;FlintStone;Chopin;Vladisl;AlexyBond;Dantist13;Mandelai;IIIYHIH;keeper76;Segen_v_Miluime;gongarus;NewWorld;Lineus;LordDanmer;hapa555;GorAndre;pipikus;TERADON;Nick_II;avgustin80;Wolf_of_Odin;Praid;Zaplutavshiy;akland;Methatron;stacker;igshahin;242ORB;arander;SANCHOUSS;opex2;Colbasin;hardegor;GoldenWorm;Jakobo;dekabrys;irma77;Galinochka;oleoleola;RODINdeARNO;Dagger_1;Ordos1;nort4;SURFLINE;Alexovershoes;LION2007;kivkmw;nut2008;Spr;swqa;afa_ll;Edelvais;axbap;dokuchai;user812;MegaGosha;ILIA2000;pcv77;dronder;SpaceBizon;jorgen;ZuuM_2214;Ecomo;arma33;Eug01;vladkomarov;Gerald_iz_rivii3;kwakun;Ingvard77;Irakly;lukic;bah2005;2beda;_PioNeeR_;vitu;snayperillo;Sergio808;Traf;Ig0r;wlana;natuljasta1;Otorgunov;molotoboec20099;Nik75;MrWhisper;ProTotTip;NeBydi;herz123;Gekkata;in_out;Osprey3;chikden;Vrednuchka;mikalai_v;Shtaketishe;iwsh;Sensible;Armagia;Alex_2005;Cingston;MikroBarsik;zic05;KSUSHACHESS;bestbroker;iskdir;Batiskaf;bigbull03;strigvald;robiw2;justa;Serg548;Demerest;Dimasik30;Blednoliciy;pumo;arvivil;chumakv;favorit08;vitaliy75;komarik123;ivan74;Delikates;vladqwerty1;DariiXIV;KIT;Alexander81;Anton42;parm;tengriumai;tisson;Grosmen;gor1517;Max8080;Luckiflash;allizunov;clubexe;Kysenka;SanyL;Turkababa;vvvvvvvvvv1;radsh;HLO;eKoll;boris1989;canada;ufnm1;IBA;Domaiz;ZAKI;Rekrut333;status_x;Geri3;HellLioN;frachtzahler;skam;SHD;Gadskiy_papa;gr385;Cuesta;Legailz;Amigo0x0;Managing;nevigen;danhan;Lord_of_Detruction;CBr_brat;Razdobreev;pavluxa2;Londo_Malari;AAS_2005;vitalyk78;Lelik_095;len7;Assist;VIK20;AYMIB;VadiKK;Lenusichka;ZOTOV;ilden;vasilek2;Linkrus;Sergei28;homado;Novokhudanossor;StarLancer;MegaRock;2d_monah;zews2005;zleo66;assapetuhov;denis_dok;meska;Filosof82;DartSidius;alex_II;tiki_tak;Za_Maskaeva;spaider22;VaduNik;kzmk;APOHAP;Alexei_kor;Prade;Tarian;oleg_k;shurlerus;dimahost;AndyZorg;red_mavr;boox;falzschwert;Sarkarda;Prikolochka;Gemelli84;Lidyxa;n0rdik;VioletDog;abkbys;Solaris13;AlenaGamer;Siriusbug;Gutcul;abs19771;Rhianon;ZeRATuL1901;TKE;julia2583;gugu75;vladLev;Glebber;Ferling;Tuxedo_Mask;Augur13;Triptophan;pariskar;pasan_1;Nnordy;unenezh;sahek;SerGant;_hAOS_;kronjev;andron32;user_snow;Daenlo;finder1;NikolasX;Radostin76;K3K;nuy;BHY4EK;ElvenKnight;_makc_;Stenley;kt987410;Vitaliyc;TotoKutugno;Akril;Agasferr;ponchik1980;Gloss;psaa;Frizerdom;Bond_07;Alch2005;mif_ugra;ToniKukoc;_Bagira_;qwe_ksv;ASkamerman;Pulet;_BARMALEI_;Drishenok;TactiX;RUSSNICK;Super_Boss;_Volk_;Raven12;Eugene313;Nak0
Conquer;Awful_Cold;Kisik1;Cheebus;Tropar;Inkv;konstantin666;Dargaard;Karamazoff;pahan25;Koenigs_Tiger;koba007;Intelegent7771;Karpender;mixaa;M_A_V_E_R_I_C_K;spurt;Tsaryok;_Fordik_;_PartizankA_;Korushka;returnee;wrs;VovanKaban;SVZ;DaerTawar;Zemliak;barbus_2004;sma75;Johnny_Sid;Stiko;808333;gf5h6;Arcivi;MrManson;polimk;korleon;Alecslich;Gilmorring;Ded5555;cittenn;Sibarok;serg197474;Karmoponizhatel;yabu3;Alexandrius1;Prometey_True;ASVShade;sav497;sasha010788;Mual;IIacmyx;Mindar;Solimr_Vali_Barad;MrPapa;pnpnick;Nataniya;gjtpl;dr_earl;DAZO;romanoks;gobblinn;Argazmatron;Thrown;Npretorius;MerlKori;kren_vamm;lio58;draco666;BaseBel;WB999;HYGE;SirbuV;AVADONX;mechowoi;Palik;BUGATTI_MART;warangel;Deconstructor;wildpussycat;g_oleg;Ex_Melon;3yJIuH;unisat;Xortitsa;TurboAndroid;alexxy;d_kozub;tm1;husen;kamr;urhon;yojek;Nevergreen;ksplus;nettoo;qastro;boaxei;BFalcon;Vadyuxa;petrichenco;Ding;Azimys;gutalin49;vitaliy_5;ssaann;Pigmey1;visorre;Dj_VMB;az43fert;Leonya;DmAn;Ursuladog;Shrek2015;Vin4ester;30_Om_30;GrafChe;Barakuda455;krasnoturinsk;BISCO;Mozka;milaska;rattxxx;DAN_VA;AntiFanT;slonikms;ZloyGeolog;Rusachek;Alexture;Push_Ok;khnp;klon_77;swartalf;titanstrong444;kuzichlin;raptorsss;wwww37;Eutanaser;john2;behappy2008;urano;vicccviccc;knekt;wirton;Garrka;shd13_;belmon;Olezhka11;Farting;Borodatiy177;Anatoli_Petrovich;vladimirlevchenk;Pan_Predator;General_1;Elina30;PeterKriz;drakon100776;Kvon;givashke;Onoqur;OOOps_OOOps;al_bandy;lheu4;KARA6AS;Botankin;welomanin;mirotvorec23;belkob;Dman1987;Woland_D;freemOK;Buccaneer13;AlexGLN;Faruk;romancziv;tetyaasya;jordaniko;Zelenkoff;susaninsv;Abaddondelex;terraformator;tdv204;bokapor;Korssar;RUBIROID;Kamikaze_FPA;atomka;Ivanissimo;kukers;Zoric;Onyx1;pbg80;titansla
yida;pensioner1917;Vcentr;SAV81;taratusik;Librium;Sea4er;Dizo88;Tr0r;Razorpain;filnord;kostyantin;Timorfeus;Enzo;kanash;Makic;onsmith;Negodjay;SlastenaN;Grubastuk;Darth_Reservoir;Dase333;KirillP;maykopanet;Slava_fv;mexanik197213;germanick;Dank0;MegaQ;DraGneR;MaestroGaD;BrFoxx;AntonFedchin;Gvorin;SLY78;Andrey312A;bambula88;DSMonitoring;Annabellru;Mihaildov;Virgos;dizz04;MAKOVA;Vit_Illi4;dimaffr;oniko6221;arbyz47;malakhov26;dinara_z;OTEC_VAWU_MATb;SSpieleRR;Necris88;marklevant;overwhlmerr;Swapper;moskownyy;igrik241;perchikov00;zazszxc;Nanocrystalcorp;228grob;wolkodaw32;bibded;mjfgto;ac220;lLightSoul;farmerama;XvalodiaX;Podzemelye;Ksandrik;DoKToR01;legionre;KycTaPHuK;shavel5;Queter;Termitall;mishanyyyyy;nik020286;McWeS;waterdemon;papaje;STALKER82;Hamlo666;PAPAND_THE_MIGHTY;kenshinsama;gopak37;24157;Virtual3000;I_KEA;frankinstejn666;gogotan;NewDew;tatouzov;the_unfogiven;ASSASIN_DG;MrSmit96;BAS007;Maru_007;fakn;hdhdi;Z08;NA2;frigate_super;vandal76rus;lesha04;sp_stalker;Volcharo;jplus;ashtar7;bankai;dardemons;david76ra;Rakushka32;ZloiKakaha;dtasca;Slavik311;mjoy73;zqd;avaldus;oleg345678910;jimkaz;amalika;itergalinskaya;garik1221;konsollll;1234re;sanjok27;pro100makc;boudi;v031099;HAMIS;FausT13;king1996;Markach;_KingeR_;MrSeregal;Overheat;kojkjv;drdrdr;artyomik99;Elmon104;lihach1986;vhyp9u;Rifone;AnnitaMult;skvo9;ArtemG;Rollty;Fray77;chebor2;Banifacyu;petrovich1972;Nyrok111;DevilDark;Maugis;MABEFAS;JIECTAT;wwwmoly;VKZi;rendom_;vovan200;asasineras;ilol112;kyaroslav2002;vanya232;Pavlo2;Bloody_Oracle;vetall3333333333;dimman;Vladik;hudenkei;___Papand___;Tkach1977;ZNASA;artimassar;domcrat;T3471;sania321321321;logarto;drakonramil;Sezostris;marehuano;misha277;Jin6;ezgard_152;zik444;Lider17;fdhgdjsfg;ldzutte;PrislugaXXXX;MDMDMD
anna61;shumaii;77andreym;nook21;pettka;BRUT79;lyda;Green_Zorog;viki77;fetor;Skrab;InerT;Vasilich222;d_oreh3;Schik;K_o_n_d_u_k_t_o_r;Dunkers;figo_ai;jura_sc;kenkra;AnDimentij;SSPARTANECC;Komunist_Lenin;lencik2000;magobi;Kempes;brodjga;ATOH;OldCat;vladislavich5555;antisrg;BakersDozen;sheisright;bio610000;Bayov;Mol4anie;stiks1;Malyi;Gremla;pretty__;Sepuka;Alexeyas;Star2D;Mubo;tamis;i999;Don542;VaniliNkiN;Azarov;pitonkrym;maknim;nikmar;Jin83;guligo;vl_sith;Arar001;igoresha20;Malenjkui;LIVEFREE_DIERESPECT;Zyi;oktober;rikl;tram2;Mapis;StepanRazin;natanel55;HeshBala;mhayk09;abdrapapupa;adba;Mraker;progun71;A_Bil;nioman;mmpmip;Bandr;Mahmed;pushok_lapushok;nifigasibenick;mi1473;mrazzz;belts;SmallNightmare;Dowmntime;Martynes;alexbroker;solomon41;Hrundelek;bloker_14;Divon;viromax;ASEW;StDrongo;Noiret;tiktaki;METALL2008;Den1ss;palis;StalkersShade;dedushkapro;LordSatan;Vansu;Yokel;Myth911;Iris6529;krugger1;Decrepit;t007;lemesh_vika;KtO_TaM;VAMPIRS;Gretthen;radik_dm;Svolik;dimakyl;Blantman;koss1;_The_Undertaker_;trigger777;sergVIP;OPUSTOSHITEL;Armorer
supersota;AlexHaz;cherrylady;nn_pnv;Rhal;Reptiloid;Hades_;skymuker;7536;grecki;chinganchuk;Valvikt;oger;irine;lord0;Arebeka;7S5S7;Jerald;gurgen21;tv73;Druggur;Qazedc;Quistis;yurahm;sunwanderer;Teika;Hasasnor;Wittt;DDD75;IvanKA_BY;BlackHorseman;mazdau;Paltcev;TANKER;nogarD;nuBac;vierdaagse;hunterzzz;MGN;Indica;A_Celentano;Solomus;Kakach;Arktos;R_U_S_I_K;strannik2000;otselnik;Robinson;Zilog;EneJlenC;aserr;vvborodin;doc_by;airstamp;MTU;ZoyAKa;serega971;pavbor;admin13;Mickm;greygendalf;artunik;Starwoker;Quper;keks111;MooNDevilS;ivalnick;JJTT_Master;KOHTPAKTHbIk;grbr;xagis;Chrom1;diw_perm;Raddy;neruski;Jagupop;karma_05;elipss;Lumumber;AndrewPchelintsev;vitovt;Troller;kolinz;Aleks_Freeman;Max2k;Zytz;igrasfera;yurymeshkovsky;musorosbornik;Persid;guriton;Dokk5;VozDyx;fantic;LordOfBalance;Casho;vicvalpol;overloadmax;Ccucumber;_Romzes_;aleksys;El_Murena;vomihal;fsj;Sawoda;Queer;alekgrass;Mizantropka;lelj05;fifetka;is1n
Garielum;mightowl;dada;otmena2;perserg;magnuss;100ronnik;raind;SvetZil;Gunga;Nordling666;CNS_XeRoBoEc;kot21;MaDRoL;Pan4es;warrior777;PIRAMIDAAA;banans_333;strike696;samson88;TequilaMAN;Pashunya14;Osel_i_Skyns;polika;4EPT_uk;rav__war;Kpd19940000;WEnDi;markant;Gloomey;kpuBeDKo;MIEM;Kayman_;Kelani;_IV_;AsBloodRunsBlack;Barret68;Botar666;SyberiaKIN;allinone;Cancerdok;siroliver;Kabby;shnyak;Method123;SIIaPT;pandahrenolog1;myasnikoff;romzes_27;zorkiyglaz;22voron22;revash1;FuckU9;kostya_k;rokier;SacredPhoenix;Colonel329;Belka0822;Bulgari07;G_R_O_U_N_D;l_ZERO_l;autopart;Gryzovik;RZV09;Elminester;Nov2006;rka1999;Mishael_D;besarion1966;medik952;Interponyo;Dark_Claw;Xroftsh;hedgamahog;Antist;Shtoltz;Friagn;Lesha1597;5126;Sovenok1;Starcros;PinkiePie;Mr_Y;bpffng;freedpool;KJIuH;winamp039;NG33x_team;MIKARON;MozgWares;koleg02;vladlorte;Annita;Mushikana;klepikovalex;Lala_Zor;maximelan;Slavik313;tamagotchi2009;vecis42;Maskarat;mirsanbelbek;nicotinlex;Hatreth;warlord25;Alex1236;psix2033;zero_1992;suplik;zveroboy71;dumai
Valid;Sparkless;Beelzeboss69;DOLEGV;Jane_Alba;Ariakas;shaxist;Khaya;6irins;Shay;GIHS;Dimoka;NeR;benalmadena;Elenfird;dog200;voydan;martash;wistos777;CakpaMEHTo;U_N_D_E_R;Shevy;voronice;dimka_3;rasnikv;mr_molotok;Alehanua;Gmen9696;FOE100;Pochtovik;pikcher;malval1971_730;nn1234;__SITH__;drpit;1Kadyr;samadur;liensoed;mazolina;rustymattok;mr_utyg;DogPsolao;Stooper;Botmaster;argon161;cash22;prismo_med;FigFam;Dina74;0lo_lo;Dj_NAIL;Vongmaers;Darlene;Probotektor;zver_s_yuga;xXxRAWENxXx;Bambi;minato;Acid_Rain79;qkolegua;Alykar;gafster_904;rockbear;CIHLID;Alexander1976;abvipan1;drummer_vzik;Lev_Sha;ioryi;cepera010;Vedaz;Gines;Lukast;4atloman;YN12;Warrioriss;TEROMAX;Nimfa1988;bo2;ivanharlanov;evgenij22;shyverovasv
Black_Raven;SkifAkinakBabai;_KPOM_;Futbolist;E_ug_E;AZO;Denbear;Dikaya_Orhideya;Double___Vazilin;Rustik27;BiSas;EKCIIEPIMEHTATOP;Mor_God;StarHunter;vl_v;hvi;Aleks75;Wadimius;Wolf1313;anjak;nliox;Psyche;Sevafri;rlv_aBRA;Aspect;Boka;Sky_EnForcer;grifter;AmiiR;Spinnovich;pomik2005;KLyp;BarGlot;EvilBarabashka;TheWarLord;BADC0DEh;Sp3ctr;r1r2r3;BOMG666;Mic;Selfwill;Shveik;Snaib;ExLord;Oriloun;Voldemarius;D_warf;lejja;GloomlySeth;Alex432;UDARrrr;Dark_Anakin;nofilet;Wakf;JDI;valik_b;porvandr;burok;Dimetriys;Skyle;Whiperer;Santorio;Tesser;Hydroge2;4124;ziski;Trust_Me;marino4ka_don;Ukrainer;teepok
namibius;DIEGO54;lucifer_OFF;Shinasale;VaMaG;BATYRHAN;Barbidol;Miaal;Kykla_Yura;Armando_12;zaharovei;Dumlin;RAKSHAZ;Akhinaton;hornet;favorit15;Flying_sandals;XPEH_Poison;_The_Godfather_;Mad_Horhio;kain_7;kolchuga;SeVaR;dscezar;SERMIH;Barbie_Doll;meltdown;piraa;KMJV;Colt943;uHBaJIug;Ice_Rock;KrichBAC;Crazy_biteks;Faniskas;allksejj;vabadabadoo;WhiteRat;Requiem;US_r;vanekmursh;rossotel;kunya;Kuzmin;sauron101;UncleVP;vitalys11;AngelFantom;RAZUM2000;Heckfy1982;salabim;pashavor;zukmsk;fanDimaBilan;Volandret;edileo2009;LORDTATJ;ORggg;Merzus;sts121;_Shaman;AflameHeart
