Virtual3000;_KingeR_;jplus;misha277;zazszxc;legionre;wwwmoly;Bloody_Oracle;vetall3333333333;dimman;Vladik;hudenkei;___Papand___;T3471;sania321321321;logarto;drakonramil;Sezostris;fdhgdjsfg;ldzutte;PrislugaXXXX;MDMDMD;STALKER82;NewDew;Slavik311;bankai;ZloiKakaha;papaje;FausT13;ezgard_152;ArtemG;chebor2;Nyrok111;waterdemon;king1996;VKZi;rendom_;Tkach1977;fakn;hdhdi;asasineras;the_unfogiven;sp_stalker;Markach;1234re;24157;zqd;oleg345678910;Maru_007;jimkaz;amalika;Mihaildov;konsollll;Overheat;frigate_super;AnnitaMult;vovan200;Jin6;bambula88;Andrey312A;DSMonitoring;MegaQ;Gvorin;SLY78;Virgos;Vit_Illi4;Annabellru;dizz04;Necris88;dimaffr;oniko6221;dinara_z;OTEC_VAWU_MATb;ilol112;nik020286;PAPAND_THE_MIGHTY;kenshinsama;ZNASA;garik1221;farmerama;vandal76rus;pro100makc;v031099;MrSeregal;Rollty;Banifacyu;drdrdr;artyomik99;Elmon104;vhyp9u;McWeS;tatouzov;Z08;NA2;ASSASIN_DG;MrSmit96;lLightSoul;shavel5;bibded;Podzemelye;kyaroslav2002;wolkodaw32;Pavlo2;vanya232;domcrat;Lider17;DoKToR01;KycTaPHuK;Termitall;artimassar;zik444;moskownyy;malakhov26;Nanocrystalcorp;mjfgto;igrik241;Swapper;ac220;Enzo;Dank0;germanick;DraGneR;Slava_fv;AntonFedchin;Timorfeus;SlastenaN;Dase333;Dizo88;Razorpain;pensioner1917;taratusik;Tr0r;Darth_Reservoir;SAV81;Makic;kostyantin;Grubastuk
tension;vtar1;TSTST;AivengoBill;OYMA;kristel;Juurka;Mad_Wolverine;Kronuss;TucKan_new;NG33x;__T__;lizardlp;hosaen;Villion;_Terracot_;_GM_;Booltasaur;engenertv;million09;smoukis;zenith1111;_renDom__;PRIVatizator;autosoft1;Fatemaster;Satanika;InfernoKiller;kotabus;zuravl;frost10;Stibium;Aleiiika;SanchoPanso;lekomcev1975;Wscor;erier;Liks41;kobx;ignors;Zloy_Pahan;xzeroqoolx;Master_of_souls;LANCELOT1;Gop__Stop;DebianLinux;neon777;divine7782;PinakoladA;New73;Crazybadboy;denistaenchuck;Hakkon;viktoreg;LexxKillerDS;MiMiDom;avz71;IStrok;vogak2010;nata135;Andrey_SnAkE
DrSEM;Klikushutka;RWorld1;Trance_goa;tpso;voleri_moon;asd201073;musso01;watson3;tinishka;mr_black;opaque;aeca;Mifistia;R_Killer;Boritodog;amenist;HarRam;_Cruiser_;HerMaior2;Pauls1000;Cherniy_;bubzi;koka1978;roman723;D_i_d_a;Arthur22;KEVin_Virs;0ffice7;xnopa;Teyssi;BIPOLAR;Kos74;Medinat_Israel;myxomopuwe;icewind666;XPOMOCOMA;cferka;gidr0s;bova199;cl0n;zoolosur;valenkovoz;GoriK2112;demension;Zelenaya8;Evgench;NE_yeskela;Pross;wariorre;insaid3;usch83;alesya85
Probotektor;voydan;1Kadyr;0lo_lo;6irins;__SITH__;Shevy;Vongmaers;Dina74;qkolegua;martash;Gmen9696;benalmadena;DogPsolao;Botmaster;mr_molotok;Alehanua;Stooper;mr_utyg;cash22;evgenij22;shyverovasv;YN12;TEROMAX;ivanharlanov;Warrioriss;Nimfa1988;bo2;U_N_D_E_R;rustymattok;xXxRAWENxXx;Acid_Rain79;Bambi;minato;drummer_vzik;ioryi;Lev_Sha;cepera010;Vedaz;Lukast;4atloman;gafster_904;Alykar;rockbear;CIHLID;abvipan1
sanjok27;I_KEA;Queter;JIECTAT;itergalinskaya;Maugis;MABEFAS;Librium;mexanik197213;MaestroGaD;BrFoxx;228grob;frankinstejn666;perchikov00;arbyz47;marklevant;MAKOVA;SSpieleRR;overwhlmerr;XvalodiaX;boudi;HAMIS;lesha04;Rakushka32;mjoy73;avaldus;dardemons;david76ra;skvo9;Fray77;kojkjv;petrovich1972;Hamlo666;Ksandrik;DevilDark;lihach1986;Rifone;mishanyyyyy;Volcharo;dtasca;BAS007;ashtar7;yida;Negodjay;Vcentr;filnord
HRomiK;yulik555;tamerlanII;FDM;Slonopotamius;RPM;Nevr13;kmsTroll;Just_moment;TARAN777;Cheshire_Cat;Zeus_S_Olimpa;akbars;JustPlay;HellDog;pakemon07;pav052;Bop_Ha_Bope;Bukharev;Alienora;_Docent_;Wildd;dirhammer;Divanovich;Jarodus;Barkys;ns_lsb;AndrBriz;pankent;056098;HANSA;chamsu;D_i_e_s_e_L;Ari_Man;AntoLLIka;Galsakh;Saracinus;DARK_SHINOBY;dest_lid;Kris_tall;Dimka2424
acronix;Juicer;misteranl;Chronon;tom1210;SaintAngel;zloy_mag;VDanil;iomega;_BAHO_;Stychalovec;Diavolo666;Ben_Gun;Bazzilic;SergeyF;Augusto_Pinochet;IJOP;razrus;WERpo;tiks07;pristig;tolyan_senk;Dark_Bes;YukaChai;LaTerre;Cruiser57;Lord_Readl;Djim77;gvozdoder123;Unit3;MAGAS_06;neoIXP;Goryshko
Gremla;Noiret;pettka;trigger777;Hrundelek;Blantman;Sepuka;fetor;sheisright;_The_Undertaker_;Bayov;StepanRazin;jura_sc;StDrongo;Den1ss;SmallNightmare;stiks1;Mraker;Divon;METALL2008;lemesh_vika;vladislavich5555;Vansu;progun71;Myth911;tram2;abdrapapupa;tiktaki;krugger1;Mol4anie;Svolik;Arar001;belts
NG33x_team;markant;autopart;rka1999;winamp039;vecis42;nicotinlex;zveroboy71;Maskarat;psix2033;PinkiePie;Annita;Hatreth;Sovenok1;vladlorte;mirsanbelbek;freedpool;KJIuH;4EPT_uk;Kabby;_IV_;rav__war;Bulgari07;Barret68;SIIaPT;Shtoltz;Method123;5126;Starcros;Dark_Claw;MozgWares
PAMbl4;CapBlack;Puzirkin;kyk37;chupa4u;lidialion;Burgyi;xolodets1;Maim72;goldperi;nata67;brain4you;per4ilo;tamaga;xolodets2;pcb;voloch78;kodish;BenTehc;direangel;kon_ivan6796;mdkChaos;shvec1977;Barsellius;cdochita;aleks222134;santerishe;F_A_N;mi_24;Tormgor;_baldur_
cucushka;dimasterl;SensaUno;asket3103;Zloy_Kaban;baubrr;kodex333;questionbig;Regisio;9InoH4uk;Hiro_Nakamura;skywitch;konopatyi;Warrkan;haos76;sfera_me4t;Leggg;Yuli23;Andy_Panda;Amazonka87;femida511;K_U_G_U_A_R;RoomWoodpecker;Cepera_001;20121965;Feanor_1;Mictian;redrum7
Sam_Gold;stetsulya;DarknessOrk;Shadowman86;MexWars;artserg;yuiop5655;t_grigore;Rek13;dfujy;zmr16;DEBCHENNKA;intcorp;n0name116;mad_berserker;Dzentei;CeMb;AlexJSpecnaz;RadioVideo;RustamB;wlad48ru;SUPERGUS;aivamar;Phantom77;pilot454;CrimeaWolf;Despite
Avir;nikolsem;Rudini;Ve4eslavi4;Tabletko;Turoxid;Buffy96;AZY;Glazyr;falkon777;GnomKozak;AndrewsAnswer;lissard;evg0220;VadimTreshhenok;dmianatolevich;OldRedvirus;Akinka;Xima14;tsl;atamas;andrewka_ch;dispen;Quorthon;lordvsehzemel;GukovR;Andy_ok
COOLUR;RUMACTEP;xxx_77;Voltdveller;provincija;f01001;townN;nokia89;XmmX;BOP_BOP;Vaago;neAngel_Ok;LumpiPumpi;Primery;ApostolVS;bmv005;SammLight;vasecheggg;terra_l;VVIIKK;Prezident_EAO;mdeagle;caVVen;nh777;koluxan
Bizon1979;VisMedicatrix;blizard_sis;M_600;HWoTer;Changes_for_good;megazz13;artist2;negson;McBot;trifonce;MiKhA_AZ;Aboltuss;RevengeAngel;Zuheben;Mamay;sPINnINC;Safm;paspartu;gifft;mig1079;esqwerdo;Pavel_kpi;Shiiva;Narval2
kpuBeDKo;SyberiaKIN;Colonel329;l_ZERO_l;Cancerdok;rokier;siroliver;hedgamahog;Kelani;Gryzovik;G_R_O_U_N_D;allinone;Nov2006;suplik;tamagotchi2009;Mushikana;warlord25;Belka0822;MIKARON;koleg02;raind;Interponyo;Gunga;zorkiyglaz
rita1966;rypon;ZloyFenix;iluzij;reierk;homchikv;Rapper777;Segal;pasha_BFG;DigRuz;snoopy_s;togwar;elhar_kesser;nillcontent;westfal;MrZet;vvm4;272086612;ImafiozoI;tamaralove;Veselchak;Ellund;artemimarat;XLYANDER
i_65;San_ya;Azart2004;kizzi;padovanlelik;Foreis;capitansumy;GRAV1Capa;Lynkz;ZaykaSET;trotz;GeraltII;oks61;pElot;Zoldaten;ISa_;AntiMinus;smalpilot;LG3000;Le_Gran;Slava_vf;Vilor;D_vitaly
zero_1992;dumai;Lala_Zor;Alex1236;Mishael_D;medik952;Xroftsh;bpffng;klepikovalex;Antist;maximelan;besarion1966;Lesha1597;shnyak;SacredPhoenix;AsBloodRunsBlack;revash1;Friagn
timikan;nuu;FANTOM_1;Carateli;tigriusus;Pest007;lavrsss;kolirts;anastas1256;SLBE;sanyapro96;Crash_777;Violiator;pafnut_1;Romanwar;hlopak;woodooas;sheleg3s
bugor;Destructed;ig62;NAZA10;domovoika;varvar007;Ognakan;kettybree;gidromodul;nenep;syfiy;Lokotof;serlili;zoloto5;drakon4777;Mafiy7;ghjk2011;olyyaa6
romzes_27;WEnDi;Garielum;kostya_k;otmena2;kot21;magnuss;PIRAMIDAAA;Gloomey;Osel_i_Skyns;Botar666;Mr_Y;SvetZil;polika;myasnikoff;22voron22;RZV09
Ivanauskas;LvVS;Zerotool;papikserg;mr_V;Milansir;SUPERSHTORMER;Tigra5547;mihaelzub;asd645;Luks;vestem;1as;JohnnyMnemonic;mework;ball1;Dendnepr
l_ZERR0_l;TYAHY4KA;mari1988;ath1ete;bilirubin;Progressiveage;Daine;Antigrenok;Avova;uhtr;x_Key_Dach_x;Maloy1992;varankom;augur;Trils;Greebnick
_ASTERICS_;maxsolod;Navudonohosor;YASEMIN;V1t_Krivbass;Karibo;cdi;baddron;Shao_Khan;TOM4S;villum;pticalovkach_716;Dolomit;Helgi_Tornson;Inna2010;mikrostov
Malenjkui;Azarov;igoresha20;nifigasibenick;Yokel;guligo;lyda;Vasilich222;KtO_TaM;LIVEFREE_DIERESPECT;Kempes;natanel55;maknim;nioman;Jin83;Gretthen
Encephalon;Restruktor;Razzielll;_MOLODOY_;Q21;Dirt_fear;UNeron;dronkir;igor_777;nemezida82;OlegT78;derektor1133;Horner;strilok335;sherbak
allizunov;ufnm1;strigvald;Augur13;Turkababa;_PioNeeR_;Max8080;2d_monah;Geri3;sahek;favorit08;Alexander81;assapetuhov;nut2008;gor1517
mrazzz;Iris6529;nikmar;HeshBala;Martynes;StalkersShade;Mapis;solomon41;dimakyl;VaniliNkiN;LordSatan;mhayk09;bloker_14
kt987410;ilden;TKE;Armagia;ponchik1980;abs19771;Agasferr;Glebber;nuy;K3K;snayperillo;ZeRATuL1901;Pulet
maskashmaska;paulruss;dsoracul;supervolk;Marshak25;T0Pdog;BrotherOfDeath;hoNchi;vaselyok;Arven_1;BEHEPA;zana4;fed1994
dimka_3;Darlene;malval1971_730;liensoed;prismo_med;drpit;argon161;CakpaMEHTo;pikcher;nn1234;mazolina;NeR;samadur
yurymeshkovsky;bataleon;fantic;Psyhodrug;Chii;krot_enot;mir4u;Virsaitis;Imanta;Lud_Mila;Uhul;Elektroslesar;QTF
_Volk_;user_snow;vanster;Radostin76;fosfor1999;BSP;narkommax;Geizer_;Lampikard;lasi;Blednoliciy;Raven12
InerT;SSPARTANECC;shumaii;AnDimentij;Alexeyas;kenkra;adba;figo_ai;magobi;BRUT79;Komunist_Lenin
wildpussycat;raptorsss;General_1;romancziv;shd13_;welomanin;Zelenkoff;terraformator;tdv204;lheu4;RUBIROID
ASkamerman;Super_Boss;NikolasX;Gutcul;ElvenKnight;oleg_k;Vitaliyc;AlenaGamer;SerGant;vasilek2;TotoKutugno
kristi_mg;Hvitaliy;Baksru;HideNeon;Atomobot;HangLoose;taukelev_a;pashavor;makerpeace;popolzen06;kvis
Green_Zorog;77andreym;Schik;pretty__;ASEW;OldCat;Mahmed;Mubo;BakersDozen;mmpmip
Lidyxa;Frizerdom;zews2005;Alch2005;boris1989;Lord_of_Detruction;RUSSNICK;VIK20;ZAKI;CBr_brat
K_A_A;Erics520;KoMno3uTop;criticalmistake;Dragon_Fire;kaktus_5;Shurikwar;War2000;CdAlex;Mironicus
SanyL;Anton42;homado;oktober;d_oreh3;Dunkers;pavluxa2;A_Bil;viki77;lencik2000
Hades_;BierBrauer;semsestr;VitalyX;hin_jr;serik11;Blastterror;Graf_intima;satos
Milibusia;JEKA212;BLuDnIK;svinunit;ramasanta;Gross_Master;SLIDER_TM;bakka24;_batuttt_
mfarik;gevgeniy;Erato;crazy_horse2008;Alexey710;Hell_Hound;DARE_Forever;Serafim35;Sam_FD
dronder;Gekkata;bah2005;bigbull03;vladqwerty1;vvvvvvvvvv1;Serg548;Nick_II;zic05
poiuypo;Zax112;SorglosEngel;Mourner;JLndd;Warrior703;neoleg;PANDASPHERE;Hehelf
Dimasik30;Nik75;frachtzahler;gugu75;Eugene313;HLO;alex_II;vitu;vitaliy75
Xorpulus;minay;Svin2000;Galar;gavchik;npu3bIBHuk;Lussia;Jeen2005
pasan_1;Drishenok;Spiritrabbit;Tarian;bestbroker;Sarkarda;Managing;_makc_
octa;The_Punisher;TOLJAN2004;DeadGoblin;demon_ajax;c_b_rsashko;zergs_sk;wield
knekt;Onoqur;al_bandy;kamikadze108;rjcnhjvby;RASHOL;skobatr;demchenko2611
nook21;mi1473;radik_dm;rikl;palis;Decrepit;bio610000;Dowmntime
COKPYIIIUTEJIb;blblblbl;Fire_Dragon_111;Layard;3axap78;crimp23;Anniona;A_nti_P
100ronnik;FuckU9;CNS_XeRoBoEc;MIEM;Kpd19940000;TequilaMAN;Pashunya14
Starwoker;Zytz;grbr;Wittt;aserr;7536;keks111
iphritus;2111omar;iamsuhov;Korrelyator;shelmu;Taryel;Dremlin
ivalnick;expresso;karma_05;Quper;MooNDevilS;DDD75;vomihal
Drunk_Amigo;Zaplutavshiy;opex2;arma33;SANCHOUSS;dokuchai;chikden
_Romzes_;Elada;gramm100;De_Jeavue;microCosmos;Warr74kan;IIIun
_BARMALEI_;MuaDipus;MoonScorpio;latyna5;victor98;Monster;ilarki
akland;meska;Batiskaf;robiw2;Prikolochka;radsh;Cuesta
Hydroge2;JDI;ziski;burok;GloomlySeth;vl_v;teepok
wink_9;Fill1908;kontorshik2009;NewPatriot;BESSY;stasshi;gan_jah
igrasfera;musorosbornik;lord0;mazdau;MTU;diw_perm;elipss
kzmk;komarik123;vitalyk78;spaider22;Tuxedo_Mask;Grosmen;Londo_Malari
Trevor_Kidd;As171;Suderator;Yakov2008;ybilinegroff;chebulduk
tisson;StarLancer;Siriusbug;vladLev;natuljasta1;Vrednuchka
vio777;Iegion;tatsestr1;arhiepiscop;Konig;Sicilianec
Astrad_Sevinus;alexagfv;DrakonXIII;ViNZ;Rom_zess;Dantalas
UDARrrr;Psyche;Skyle;rlv_aBRA;TheWarLord;Oriloun
sidvk;YaceK;gawiw;TembrVC;yasen;DonAlonzo
DartSidius;VioletDog;Daenlo;finder1;pumo;ivan74
Doktor33;Podavan;soloveii;mr_STARper;BARMAN123;LeeDwin
vitovt;sunwanderer;Svepol;Sidorova;Mmv1;Solbi
Alexei_kor;afa_ll;Cingston;eKoll;parm;Ferling
doc_by;Raddy;vierdaagse;Druggur;Hasasnor;IvanKA_BY
R_U_S_I_K;admin13;Ding;ZloyGeolog;motya77;dilissa
voronice;FigFam;Ariakas;FOE100;Pochtovik
PRZR;Landin;Fantom82;Varlix;FateKiller
konstfntin;Sivuch;Chubakka;KOLYFF;alex_del
MegaRock;Razdobreev;VadiKK;ZOTOV;red_mavr
Garrka;Elina30;Azimys;titanstrong444;Kvon
pavel117;wowa7;green_lacerta;abrekos666;kvb80
xagis;Askanio;Arktos;Aleks_Freeman;overloadmax
tv73;ZoyAKa;Arebeka;Qazedc;Quistis
nevigen;SpaceBizon;canada;vladkomarov;justa
user812;2beda;Alexovershoes;kwakun;NeBydi
arander;RODINdeARNO;jorgen;Dantist13;Irakly
a3at;SDRQ;avalsuper;DragonSfera;Evgen2141
Gilmorring;boaxei;pnpnick;Sibarok;sasha010788
Whiperer;EvilBarabashka;BarGlot;Linkrus;Prade
kren_vamm;Mual;warangel;TurboAndroid;Borodatiy177
GoldenWorm;APOHAP;iwsh;Praid;Spr
Olga105;Din0;djamknacker;Persid;fsj
Deconstructor;yojek;Vadyuxa;g_oleg;Dj_VMB
mif_ugra;Rekrut333;denis_dok;Lelik_095;Filosof82
dog200;Dj_NAIL;Beelzeboss69;zver_s_yuga
DOLEGV;Jane_Alba;Shay;GIHS
Dilya_SD;suph;Aikon_jo;RD2D
Akhinaton;sauron101;kain_7;Merzus
nuker2000;molot3000;NiceMaster;Zelle
JJTT_Master;Troller;A_Celentano;Max2k
Nik2007;SilverEagle;Oleksadovbush;faimai
boox;tiki_tak;shurlerus;psaa
KOHTPAKTHbIk;Zilog;Indica;airstamp
malakal;samson88;warrior777;strike696
Rhianon;andron32;Assist;VaduNik
Brodaga;kedzo;nanajoin;mousewar
strannik2000;pavbor;skymuker;Paltcev
dedushkapro;sergVIP;Stenley;ToniKukoc
irma77;Ingvard77;Wolf_of_Odin;MegaGosha
Blak_Jak;Loich;krk72;oxi13
IIacmyx;klon_77;WB999;kuzichlin
Galinochka;abkbys;Osprey3;chumakv
cittenn;wwww37;ASVShade;DAZO
BiSas;Aspect;_KPOM_;D_warf
Trust_Me;Dark_Anakin;Voldemarius;Alex432
Star2D;i999;K_o_n_d_u_k_t_o_r;brodjga
IBA;_Bagira_;Bond_07;qwe_ksv
kamr;Farting;rattxxx;susaninsv
Arcivi;unisat;korleon;yabu3
YuriyCh;AncientWorrior;78ikar;LeoFH
lucifer_OFF;_Shaman;meltdown;US_r
psychogamer;Russian_Amazonka;podorvikolbasku;zaqwerw
skam;TactiX;Traf;Gloss
Ex_Melon;az43fert;Anatoli_Petrovich;jordaniko
mikalai_v;Shtaketishe;Mor_God;wlana
Rusachek;Woland_D;Argazmatron;DmAn
Wadimius;Selfwill;Rustik27;Sky_EnForcer
lukic;Solaris13;SHD;Novokhudanossor
SeVaR;UncleVP;uHBaJIug;sts121
9l3bl4HuK;DelastatoR;hornet;Faniskas
lejja;nofilet;pomik2005;marino4ka_don
Barbie_Doll;AngelFantom;Armando_12;_The_Godfather_
_hAOS_;RAZUM2000;RAKSHAZ;Heckfy1982
Boka;Snaib;AmiiR;ExLord
milaska;MerlKori;Ursuladog;Barakuda455
valik_b;BOEVIK_KUB;sergei223
viromax;t007;koss1
wistos777;Alexander1976;Gines
Killer_IDF;Robinson;Pirelli
MSLION;gjuyt;l_ZERRO_l
Nnordy;molotoboec20099;Lenusichka
onsmith;KirillP;marehuano
Mickm;AndrewPchelintsev;VozDyx
Amigo0x0;MikroBarsik;Legailz
Kenny_McCormick;peetbull;costano
vitaliy_5;qastro;Vin4ester
clubexe;Sergei28;falzschwert
belkob;drakon100776;Ivanissimo
Luckiflash;Gadskiy_papa;gr385
Korssar;atomka;Onyx1
Gerald_iz_rivii3;MrWhisper;pariskar
belmon;Pigmey1;kukers
ILIA2000;stacker;nort4
favorit15;vitalys11;fanDimaBilan
KLyp;Wakf;Tesser
Mic;BADC0DEh;r1r2r3
GorAndre;KSUSHACHESS;arvivil
titansla;K0T999;Faruk
greygendalf;artunik;kolinz
Otorgunov;Kysenka;AAS_2005
Furchtelich;StarHunter;Dimetriys
Segen_v_Miluime;pcv77;Sensible
cherrylady;grecki;7S5S7
ZuuM_2214;igshahin;len7
kivkmw;gongarus;BHY4EK
Zoric;romanoks;wirton
alekgrass;LordOfBalance;is1n
Mandelai;Jakobo;axbap
ksplus;Shrek2015;Olezhka11
d_kozub;urhon;petrichenco
julia2583;swqa;Domaiz
_PartizankA_;tm1;slonikms
dada;Pan4es;pandahrenolog1
AYMIB;Colbasin;hardegor
SURFLINE;in_out;iskdir
JIeBaK;kosmopolit;Vedmed_2007
Chrom1;Solomus;Casho
gjtpl;Stiko;Xortitsa
status_x;dimahost;Triptophan
DAN_VA;givashke;mirotvorec23
neruski;gurgen21;Ccucumber
Ecomo;NewWorld;herz123
alexxy;krasnoturinsk;OOOps_OOOps
Black_Raven;Denbear;Sevafri
gf5h6;draco666;Abaddondelex
vanekmursh;Gavn0bacK;HH80
Palik;vladimirlevchenk;Buccaneer13
gopak37;gogotan
banans_333;Elminester
HETOT;AlexandrHV
kanash;maykopanet
LIFTERs;shlyap
alx_12;barterb
Don542;Zyi
akimen;Copernic
Dikaya_Orhideya;Sp3ctr
MaDRoL;Slavik313
gutalin49;john2
codesh;pokemonX
Jerald;WorIg
vl_sith;alexbroker
BOMG666;Skrab
Karpender;mixaa
vicccviccc;freemOK
Edelvais;DariiXIV
Alexture;Push_Ok
Khaya;rasnikv
anna61;Santorio
danhan;unenezh
Crazy_biteks;salabim
aleksys;Mizantropka
Grudik;Ukrainer
Sparkless;Dimoka
dorik;Freeway1
zukmsk;AflameHeart
SVZ;polimk
sav497;BISCO
EneJlenC;Lumumber
Rhal;Valvikt
Leonya;Neofit2006
Thrown;BaseBel
Dumlin;rossotel
Sergio808;Gemelli84
chinganchuk;mabold
VaMaG;zaharovei
kolia230;fbfly
Kakach;vvborodin
WhiteRat;edileo2009
MrPapa;Nataniya
Methatron;oleoleola
PyaNaYa_KlyuKva;EOZERG_BFG
AlexGLN;pbg80
3yJIuH;30_Om_30
TERADON;KIT
AlexHaz;nn_pnv
Wolf1313;anjak
otselnik;serega971
BFalcon;GrafChe
BUGATTI_MART;Eutanaser
kunya;Kuzmin
Vladisl;pipikus
BATYRHAN;piraa
808333;urano
porvandr;4124
wrs;SirbuV
irine;BlackHorseman
Karmoponizhatel;ssaann
Teika;Queer
AN_TON;angel_KPOXA
AZO;nliox
pushok_lapushok;VAMPIRS
Ordos1;zleo66
242ORB;Ig0r
Johnny_Sid;MrManson
Colt943;ORggg
whatze_phaq;L_and_M_forever
BesSoloV;Leevoth
gobblinn;lio58
Sedoy_;KARA6AS
FlintStone;Lineus
IIIYHIH;Eug01
sma75;Mindar
Ice_Rock;Requiem
lelj05;fifetka
Miaal;SERMIH
AndyZorg;Akril
Futbolist;E_ug_E
El_Murena;arhi_v
nuBac;Dokk5
dr_earl;nettoo
Delikates;kronjev
EKCIIEPIMEHTATOP;Aleks75
Tsaryok;DaerTawar
returnee;Alecslich
Conquer
Awful_Cold
Kisik1
Cheebus
Tropar
Inkv
konstantin666
V_E_D_U_N
Dargaard
Karamazoff
pahan25
Koenigs_Tiger
koba007
Intelegent7771
M_A_V_E_R_I_C_K
spurt
Blood_Silencer
Neved
AtomMan
_Fordik_
Korushka
ss1988
VovanKaban
ClownBobo
supersota
Zemliak
Chopin
AlexyBond
barbus_2004
keeper76
namibius
LordDanmer
hapa555
DIEGO54
avgustin80
Reptiloid
SkifAkinakBabai
Ded5555
serg197474
Shinasale
Alexandrius1
Prometey_True
oger
Solimr_Vali_Barad
dekabrys
Dagger_1
Double___Vazilin
LION2007
Barbidol
Npretorius
Kykla_Yura
yurahm
HYGE
hvi
AVADONX
mechowoi
TANKER
nogarD
hunterzzz
MGN
husen
ProTotTip
Nevergreen
Alex_2005
visorre
Demerest
Flying_sandals
XPEH_Poison
Mad_Horhio
grifter
Spinnovich
kolchuga
Mozka
AntiFanT
tengriumai
Shveik
lemynara
dscezar
khnp
swartalf
Jagupop
HellLioN
behappy2008
KMJV
Vercus
guriton
KrichBAC
kadovik
Za_Maskaeva
Pan_Predator
vicvalpol
allksejj
vabadabadoo
PeterKriz
FliesKiller
ATOH
antisrg
mightowl
n0rdik
Malyi
Botankin
Dman1987
tamis
pitonkrym
ReaLine
tetyaasya
Valid
Bandr
bokapor
perserg
Kamikaze_FPA
Sawoda
Volandret
Silvez
Nordling666
MulderX
Rompeprop
LORDTATJ
shaxist
Kayman_
Elenfird
Sea4er
OPUSTOSHITEL
Armorer
Nak0
