lehaden;Croatoan;trumpetC;zverolov;rimcius;NuaFyn;Pozitron;Ta6bl4;ogliki;Volk_E;Spacer346;rodiohins;chaosit;Volnogorsk;lusiliu;sasha7004;wbf;zlodei83;DmitryKhomitchuk;stalker19772008;NAIT;Nalim82;Rezandr1;_Katran_;pqpaq;Arestey;Maks_Anik;leha33pro;Golovorez13;olegdok;parapa;MaestroTV;ivanivan00;dimoris;asqwera;5sajmon;wrewrew;blackwood141;valentin12;PLAF;hudeyjas;donetsking;vova181;mel3300;UIN;Putnik2836;Romankonckov;124757474852;svet2269;Khalissy;denis81;gatyz;shnurik;vesferm;Viper1;stepanko1;Nikolaparovoz;ForWARd_s;Aleksis11;georgeq;dirkus;gogos001;Kingun;spiller01;0286;GraGO;MoneySQ;agent93rus;zhbr29572;Aalia;ydgin1983;artisdent;zogo;tima23;orusbekova93;pahan109;JIVEC;JoJO_9;artem20052005;popovmatvei;Roman7043;kiril1325;MihaSamara;utjhu78;faust45;wFristeRw;lill;BOBko;sujhan;Zaratustra1;suslov;Zest01;XdimanX;lokei;tolan98;serginick;talismanoff;mio2;Allorna;karkasov;Smers34;danzel2001;Reapers;yurko76;oleg27812;jooz;vladdddosik;dimasukrushev;niskita008;suyhisd;hunterof23;divona;hellraiser;Specnaz2120;Stervets;vasyaya;buratino2011;fuckkkkkk;kev;tvoya_AniKA;obychnyichel;maxkot87;Dezember;Hugges;kozancevat;Price;dDenimb;ALLEGATR;swenn;_ShlepoK_;dimanmsu;rejina;serg22081977;ghj4;tulen;kwnwwod;egor1888;_Green_;leoxanin;m666;JaGuARrR4ikk;266666665;Max21091996;Karrra;denli97;PAWOK;chudilo;alex995;roma02021989;kosteglod;iliabin;MrG94;16091975;termoboris;Iris001;MONSTERKILER;WARgeN;dyachukigor;kaoor;REXONAMEN7;Rita67;Darm;YSAMABENLADEN;tronnnnnn;gushin06;Sylver;kalash918;cronfy;prototype24;Ambrosias;Erdan;crossfare;assassin1289;jkjfgfg;kentrol;kinder006;azulus;denissimo16;madkorish;tuthm2;lomm;gonzaa;hjvfy;sanya_sed;Busov;madmedik;ckream003;WonderIce;DenDeTot;Mezmerin;LEXA7654;zx001;shtefanovi;isr7;wedmak56;noobster;Max59rus;Bochok;SuperMax;321dsd;araks4422;warcraft98;zaurbek;ALEX7450;DANGER67;NAGIBATOR666;jepao1998;vikvikvik;1ken96;Maxusim;pasic;Cfg;1000chertei;vitalii176;NerzulForces;faga;kitty13;ura1990;FBI951;sssr126;Legolil;WightKnight;SabOtuR;Pb_u;artur009999;Klon_z;evgen01_84;winner_111;Artem198989;boland;84991982691;diesel609;Grifon1998;andre999;mufas;dandex;Anton32;chuper07;vlad1921;nehto19;arturs576;exviper;stasayn;Sub163;katebrunette;loooool;vano8080;yhyjytjtyj;aspectom;6547788;DarkWint;Askarot;sany_813;knaz1991;Avadog;DEviLlll;AlfaDog;seragl139;Genzel89;Mrbon;DEATHMEN;minecrafter;Aslanbeg;murali;sekasergeyseka;ivgapon;Britva2009;Sanchellos;CrazyBOJIK;vasya22;cozhin;Smertokriil;KRASHTER;Abai303;nikita31;Skaiper;Erap;klanz1997;eybutm;zarina201233;lst213;oks22;habor;dima456;bume28;nikitosik45;brokelmanov;den240281;Vasyanach;vladvish;kotyazin;AZER8692;M_Christya;GODZlLLA;bnd;Zombie646;topate;777Blad777;Weepingangel;DAGER05;DaoKakao;artorius14;NFD;kthf;soldatdolga;11052000;ujgghjrc;nikila;Darkaurum;danil12199;gerosssss;Jekatd;ivak;narminator;dfvdf;Mr_Germes;xarek;ushome1941;Ruslan25;maksimusment02;karolito;snyder;foks85;Lineholt;Simplejke;qwerty_1977;PATRICIY;BROK;dodzh;Ferkis;ZigVarxaid;kirill09;den141002;zigmund332;NodanRU;slavaslava1999;aaa5721;Kristalino;Zergoot;yura_immortal;Robotmac;Nic0;BlackVizier;Spock;liteyshik;vinnikovn;marat00714;nikitapolt;gummers;bardoo;dan008;danngerdan;Rochelle;SuperBERSERKER;79520298471;serega58;banga;InkenT;armagedon2007;lkjhgg;Romka527;Anaqan;gospoja06;anvarsa;Galats;Strateg88;Starfall17;Emfast;vlad520;Joshik;droyz;nevolyshechka;Bozhyk;CHEMBERS;DIMA90765;qpxFESTUxqp;UrfinDzhus;alexandr94;anton501;Torvald_Nord;incone;greben;1234sasha4321;dreadful;mexekanez;polivod;silverbee;Flakoson;rerreree;White_Mit9l;aleks73;NahaRaha962;Pehon;parsus;malinna_zm;Burt74;sapsan5;ytuhjd;Super8;jjuuju;dach_gamer;viktor066;berdnikovsa;1sergej;sportak1;kukk733;shuric;211;irinan07;alexwin1;Andry2003;LasTik007;Kiriilll;DeNTer;stivdavis;lehiy93;zagarcheg;schsindrom;nikitochec;Catgun;Storona;dezari;FpaHcy3;CosmoJo;Mih66;Destiny_Hero;Norton63;xxxHOUKxxxx;krigsmarine;lelj9995;SIDMORT;mihachipkov;MINOR_;sasha5556662;warl0ck2008;LaRcHiK;eFFecT;CRYSISS;human2000;Any69;shamuratov;lbyfvj;eduardverzlov;StariPerdyn;veti1998;leoxan;mastrenkov2008;MIXAmag;1962472;samplegko;HEKTAP;n141987;blondin1984;heltin;Vovabeca;chbgfhffdsg;GyGy;JimmiWest;arkan99;IVANGER;stas260302;exilcccp;st_lucka;naemik325;Ratio;KeParis;Danilauskas;Nekomimi;ASX;tsar45;AndreyLi;toxa1602;Artaniz;huhrik2011;koliya;KennY1DeatH;Toru;dorokhov;fasterdnb;Valter;lfneelpl;fiftifive;Kuzymaki;Simpson_H;hohage;baggio69;alladin1983;bvgjt;ZloyZak;kamila12;seta11121978;gordeev275012;Ruslan444223;AnOoBiSss;leftdead;LordKoc;RIFARD;dnb444;denik77;Witaly80;Spread88;Leizer;Selfish;nitup;CyPeH;ValerVp;BlackMind;DarYa;stalkeruga;hyneji;x6x6x6x;ushakofff;sss555;Slash888;dei40;virtuozas;varron;nikitanka;CeRdCeDKa;Linv;Vergeney;WildChild;utyf90utyf;gbodga;tusao;Fearik;Vadya159RUS;vikby;380964326493;marklevant;Ket87;demian46;giffon;Lomol;Skiyliyne;ferondo;moko;andrey88;perets;riferd137;Argossal;Immolatus;Loreta333;dvs007;sharkcool;Shraybikus;hfh;Dimano09;Artemboom;kemran26;balgaas;bepkyt2000;dim0nikus;kostja07;Killhfnter;CONEVAL;alexvh;lesha772;Lemonacs;CJRJK01;red45;maxcrow;Alekasan;NECRO71;fkxtvbcn;betta1;kvinto99;StasRV;dikabrazik;Bartezz;1a1s1d;ZAZU;rod283283;Nero333;kamanin;Morrokyn;Givi2012;reftik;ArchaicDefender;199198;fenixblack;slava001;makc1777;Fatonid;dante800;GOLCHIK;WebSnake;aferon;HappyRandom;byl61;Eia;bambu4i;lionhead;shmul;angel2012;666marko;Shinyaev;diletant;predo;Ramonezz;K_V_A_D_R_A;suhopliev72;sannyboy163;caha999;Alex_Croft;mizaa;faraon10000;mihason;zaxzax;FENIX29;vvulf2011;killeromaks;cergeu2011;Tagil;Vadimka1ka;asakyra90;Therrey;TIRATORE;Hakypu;Sarracenia;ssss1111;GTeR;xau;Mercenaries;Pianerik;Fantom2079;Zlobaa;CKA3KA;Legionys;Ziderld;Volc22;muxolov;zaxzaxs;ZzzerG;pirun;Mapoy;VOVIK80;Cubawa;HelixDragonoid;REXONAMEN;drozdofil143;rthz545;Aerona;RemNeo;Fylhtq555;vadders;sultan4ik;artyom310;levaa17;PNX;isayka;vazilin;Diego_ramirez;BOBK90;DINOZAVR3;pupsik10322;artem_v;KADRoid;kolysto;sunnykitten2;dgNastya;dvb87;bot_13;Arbitrator;FunGame;Manoroh;kaspwip;alecse;egordrago;BROKER7;RASTRAS;aidar19;Puritanin;20grigorenko20;CTAC29;ghifro;Shanxaec;feuerlotos;Arabella;Fagus;tvisterok;aisidora;Kirsans2;vanovoroneg;neo_n;leex;Krasavcheg;LordPioneR;UDAF;volohh;ArcGurrenLagann;kol011235;Kiri3;costya;Zaruba;vuvuy;a_angela1988;xSHNAPSx;Raul13;kyrbaka1990;RKMASTER;mun5;jinwar;appolonn;seshka;wirowulf;SergeyS75;Age;donirur;brik;Perikl;sergey1998_555;arghonich;InFlames;WladZ;alximikrt;Winamper;drovasi;Festival;dyherak;Njarlatotep;Logion;alnik2720;Rokeroman;Golam;cergnoxrin;sashakiller33;killive1990;Gromoboi15ss;Sano14;sergeyvahr;maxplo;starec23;valera8177;volkonss;As123;tornadinio;aleksandroya;Anubis21;Lamelia;disa13131313;Ramzes7474;mentyra;SASHA9821;wolkosonder;slashkaua;PushEV;VonDorn;ZeRgIUs;OLEG555;kcibark;aciruk;Valdagor;fkvlt;sinerus88;TsubasaMi;GREMBURG59rus;andreww;Egor2802;and123;Hebernot;kazancealeksandr;Skate;Dinek_KZ;kill23;Snaiper_001;hero220011;boroda71rub;FL0P;olegakimov54;rtwfkmrjfnkm1;Trayton;OXIMINION;Derevnya;TERORIO;xKAbuTOx;AzaZema;genius09;Vunder;Steel_Lion;Pavlin;madhunter13;Darkhuntshan;Falcorn;colohunter;daniel007007;Ckarabey;PUSTOTA;kramunys;20002011;Takeda;cwarnoi;Tur77;UoPilot;maklar;Up87;fugas777;totktonado1;renik;riddik123;alekzan;pavel30;1245698;Mirag70;noonan;EmiBow;mustafar;Ozy;SASHA50;kade;aricksin;sterling;denys1321;orin2012;KOt661;LaCross;Oddys;AlanTLT;smait97;rsvsergey;anchik89;renjiaero;SunFade;TheOleg;Kapernik;minitank;wolc;elisa97;dinotopli;Adzel;Bromc;volshebnik31;Trion666;22erty;kisska2307;gmb;Titbit;devilmaydie1;Mykhael;DarkValar;bespalovser;pepitos;dimaaaaaa;cingiz8;pauthii;rasengan;kullerr00;sonatochka1;gelos7119;PoolShark;Makcim1244;Frostworm;DarkGhost666;jetech;stjopa22;SOAD2106;svyazist;Resistance;SVOI;SPBOMB;sezyk;JohnKiss;ZIP111;Barma;tri4erz;mutabor278;djasper;guskonikita;samatron;delapro;davidbakaleynik1998;dgon666;keylogger;Sanc;aladdinast;209087;_nattanfrey_
trollkill;st689;Sergiy1968;WarWiner;soranet;neveruncle;MimickryStronghold51;MimickryStronghold46;MimickryStronghold47;MimickryStronghold52;MimickryStronghold49;MimickryStronghold43;MimickryStronghold45;MimickryStronghold44;MimickryStronghold50;MimickryStronghold48;MimicryStronghold6;MimicryStronghold1;MimicryStronghold2;MimickryStronghold57;MimickryStronghold56;MimickryStronghold53;MimickryStronghold62;MimickryStronghold55;MimickryStronghold54;MimickryStronghold61;MimickryStronghold60;MimickryStronghold58;MimickryStronghold59;nivian;Dragon_Keeper;Zanty;aragon1971;zezar12;den1313;kroha71;viplena605;Alitet;izum110;mr_perfect;Kronos079;kosmoss;warloc69;koksik666;ZeSide;west21;Master112;vampir117;solo1328;Aladux;yanken;rex_s;Amaltea;CHEBUREK;YosukiSan;ShEvA;Mugen;urgin2002;MAPKC;sagatero;vbhjc;nimezidaa;Nyak;Sneik;tryba5;Olehka2;Scion;9691;nitrog25;Asteroid25;LUBOMIR1974;Eternum;XePoH;BORODA7;kot71;agent0;budulasha;alekslit;glotovkonstantin;gari_malii;YadoloV;maks300030;spiritvos1;James_Bond007;offka;zombie007;Arkanov;nonmob3103;kot985;vintfen;IIMMOR;Colony;JimiHendrix;yyk;Zalupitel;Lexsus111;INSTRUCTAG1;Infiltrator;alecseq;1tur1;Leomon;wayder;sk1308;shumjuri;Shimaka;ORO999;DogLao;arirgo;witaltec;EVE_Extrimal;Redfeek;alanhorn;stalerserega;dhuus;Mangafox
A_Makedonka;Gamble;LordAlucard;wwl911;romanandru;666aptom999;nikollai;zorge;tango_7;chay;straga;hashvis;RUPLERz;alex220174;Aversis;geroldin1964;Punya;Are;Smith_lara;alxan;fv1144;vfinogeev;Lavrentij;zoloto2;Irdis;hroerk;sorokin119;uef2;ryzhsergejj;elidos;lexa22s;juon85;evgentino;Novellino;sansan;ReyMysterio;VladikBoik;belozerskaya;fomichenko;transnn;vitrag;crover;JPS;karatell1;demoncon;Bury;HYMM;zhenja_kgd;fsuomi1;pensioner72;kimstar;prostolion;KorvinP;kuraneclan;ACCA1;vitus78;Harper_Scout;PanteraKL;xxHUNTERxx;amorfia;konan_varvar;Triptophan
Slabon;ibrova;Erland;Rony;rexston;sergeypsb;freemen77;vova_chip;maxdima;vezunchik_I;Elkora;fosfor1999;harius666;ultimate1;sour;NLO_V;tehnolog;michadas;EugenAC;LOB111;Yometsukai;sega1980;AIIR;Y2009;corcy;JMC1;maximus89;romahka;skygirl;Ftvkun;Hunta;instaal;4kb;Vavilon222;Kribs;choff;Nigg;buginer;RJzzz;pedro1990;strannik100;moskva3;ryslanchik2008
rodikant;Nomar;ZELLO;Noisia;Hidra_rTj;gendelf67;loliPedoKun;VIK_20;PonTorez;SlaF;vaz21047;mrak9745;oma;machinist;John_Dragon;Podonok2222;olegkoz;draiver;liveandlearn;milaska;Sniff;airi;111veser;uNknownMark;fanton200911;xexeylhf;140475;vovanjatka;pashkin;bbuucchhaa;KZB;dargo
FU_SHU;Keyra;TheJone;grafarektor;555temik;bazzill10;FROST82;Anarchy;GadFly;alqumista;kurod;zanzibar2054;seregazyev;19972906;Nuligen;NEMO1234;acdc4098;korolewa;vbnzq12;alekspotapenko;manych1;kashtanov19651;pitmoto;mtnigor;fortockin1;htubcnhfwbz25;Nata0790;wakart;Accord_plus;Maymai;RAF79
vOICe;korael;Alexandersem;lrez;flast;Deadrustle;Uther;valtazar;anri100178;Lavrij;AlexDragon;Jonny_777;gsd_r;jekamaster;jekamaster76;lsashka;ojegin;strelesin;sheddar;Trionix;DirtyCat78;kirill1997;NewWayfarer;nikson76;DarkZeal;Maraderihka;SunMarin;AntohA85;rubra
NHKBN3NTOP;DIVERSANT4s;laeda1981;Biohazzard;RedOmar;_Lenusichka;Annita;Filonov;virtualboy;Sigrin;krenbelek;zhy_zhy_;Rerik;sirius_1;Likvidator;SEREGA_63;uborschica;malyanovalex;darkiona;ellorin;sokol775;igorechek;toha_killer;Turchik
LEONID20;LmishaA;Flout;OliverNight;dada;kiiss81;Zuulluus;MANGUS;KleineKrokodil;azarro627;Cummins;mauricio;mikyy;Darckgodx;toxa1241;vezelvul2
sargona;rulio;kon823;WERWOLF5011;Gektorrus;vjaerin;ultrahacker1;genochka7;dendi90;sanyabessmertnii;aleksandr666;asks;Fagot99;Gotta;Chaplin2011;Rightman
akakash;_Moron_;Angryman;test1111;stas1230;Alien3;distortion;dag83;Hunter;igusik66;EAS1977
dartl;4312;ivo79;free_man;Zga;Spirit_GL;parmalan;diesell;mikrostov_702;Brethrezen
Gerasim_fa;kozacok_2;stmaxst;tarantulMF;PSIMM;Varvar_;sav497;CTPELOK777
Vital82;novocat;geolog;MrSiquel;Dvirus;Morhf
KOGAN777;Beliar_MS;Gilgamesh;tyxwn
Nrjalathotep;Yesman;morze333;nikbrat
OnePiece;peha84
lost_k;Polerio
vitok;GRECHKA
KRIS100;fatinya
Igougowego
Enki
neat1ve
Rostyslav
orbital
kapengagen2
Azzazelo
geraklit
Softly
_Heo_
sergaaa
