Spacer346;rodiohins;Resistance;chaosit;ogliki;sonatochka1;trumpetC;zverolov;Ta6bl4;NuaFyn;Pozitron;Volk_E;rimcius;Croatoan;JohnKiss;ZIP111;djasper;stjopa22;delapro;guskonikita;lehaden;sezyk;SPBOMB;mutabor278;davidbakaleynik1998;volshebnik31;Barma;devilmaydie1;DarkGhost666;pepitos;dgon666;Frostworm;Mykhael;SOAD2106;svyazist;tri4erz;cingiz8;rtwfkmrjfnkm1;SVOI;samatron;Kapernik;smait97;jetech;orin2012;Trayton;Oddys;OXIMINION;PoolShark;FL0P;gmb;LaCross;Derevnya;AlanTLT;SunFade;Makcim1244;rsvsergey;Pavlin;KOt661;22erty;AzaZema;minitank;kisska2307;Dinek_KZ;madhunter13;EmiBow;genius09;xKAbuTOx;Snaiper_001;Darkhuntshan;totktonado1;Mirag70;olegakimov54;TheOleg;daniel007007;Falcorn;Titbit;rasengan;alekzan;1245698;colohunter;UoPilot;sterling;boroda71rub;Ckarabey;Up87;riddik123;renik;mustafar;dimaaaaaa;noonan;fugas777;kullerr00;cwarnoi;Steel_Lion;dinotopli;maklar;wolc;anchik89;pavel30;denys1321;gelos7119;aricksin;slashkaua;DarkValar;kramunys;PUSTOTA;kill23;Ramzes7474;aciruk;Valdagor;Skate;VonDorn;hero220011;and123;20002011;PushEV;ZeRgIUs;sashakiller33;Vunder;Adzel;Golam;kcibark;killive1990;Takeda;pauthii;Gromoboi15ss;Tur77;Aerona;TsubasaMi;GREMBURG59rus;Ozy;elisa97;sinerus88;Bromc;As123;Lamelia;Krasavcheg;bespalovser;Hebernot;cergnoxrin;andreww;Logion;REXONAMEN;tornadinio;Anubis21;valera8177;renjiaero;SASHA50;Festival;Egor2802;volkonss;alnik2720;Rokeroman;LordPioneR;Trion666;predo;Njarlatotep;vazilin;UDAF;maxplo;K_V_A_D_R_A;isayka;fkvlt;dyherak;suhopliev72;BOBK90;sergeyvahr;DINOZAVR3;pupsik10322;artem_v;artyom310;volohh;kolysto;kazancealeksandr;RemNeo;Fylhtq555;Winamper;sunnykitten2;drozdofil143;wolkosonder;Raul13;kyrbaka1990;mentyra;neo_n;levaa17;vuvuy;starec23;vadders;rthz545;Diego_ramirez;PNX;sultan4ik;disa13131313;TERORIO;a_angela1988;xSHNAPSx;drovasi;zaxzaxs;alximikrt;kade;SASHA9821;bot_13;aleksandroya;leex;Sano14;Age;ZzzerG;dgNastya;feuerlotos;Legionys;Arabella;Fagus;Ziderld;tvisterok;aisidora;VOVIK80;Cubawa;Volc22;pirun;HelixDragonoid;sannyboy163;Mapoy;caha999;muxolov;Ramonezz;Kirsans2;vanovoroneg;Manoroh;kaspwip;alecse;egordrago;BROKER7;RASTRAS;aidar19;Puritanin;20grigorenko20;CTAC29;ghifro;Shanxaec;Arbitrator;donirur;Zlobaa;Fearik;SergeyS75;FunGame;dvb87;mizaa;appolonn;seshka;jinwar;Pianerik;wirowulf;kol011235;Kiri3;virtuozas;Fantom2079;utyf90utyf;marklevant;costya;gbodga;CKA3KA;dei40;demian46;Shraybikus;brik;Perikl;hfh;sergey1998_555;giffon;InFlames;WladZ;ArcGurrenLagann;RKMASTER;mun5;mihason;zaxzax;FENIX29;vvulf2011;killeromaks;cergeu2011;Tagil;Vadimka1ka;asakyra90;Therrey;Alex_Croft;TIRATORE;Hakypu;Sarracenia;ssss1111;Mercenaries;varron;nikitanka;OLEG555;Ket87;Eia;bambu4i;Zaruba;arghonich;faraon10000;Linv;WildChild;KADRoid;vikby;380964326493;lionhead;shmul;angel2012;666marko;Shinyaev;diletant;GTeR;xau;Vergeney;Vadya159RUS;Artemboom;kemran26;balgaas;bepkyt2000;dim0nikus;kostja07;Killhfnter;CONEVAL;alexvh;lesha772;Lemonacs;CJRJK01;red45;maxcrow;Alekasan;NECRO71;fkxtvbcn;betta1;kvinto99;StasRV;dikabrazik;Bartezz;1a1s1d;ZAZU;rod283283;Nero333;kamanin;Morrokyn;Givi2012;reftik;ArchaicDefender;199198;fenixblack;slava001;makc1777;Fatonid;dante800;GOLCHIK;Argossal;WebSnake;Immolatus;Loreta333;dvs007;sharkcool;Dimano09;ferondo;moko;andrey88;perets;CeRdCeDKa;aferon;HappyRandom;byl61;tusao;riferd137;Lomol;Skiyliyne;leha33pro;Golovorez13;olegdok;parapa;MaestroTV;ivanivan00;dimoris;asqwera;5sajmon;wrewrew;blackwood141;valentin12;PLAF;hudeyjas;donetsking;vova181;mel3300;UIN;Putnik2836;Romankonckov;124757474852;svet2269;Khalissy;denis81;gatyz;shnurik;vesferm;Viper1;stepanko1;Nikolaparovoz;ForWARd_s;Aleksis11;georgeq;dirkus;gogos001;Kingun;spiller01;0286;GraGO;MoneySQ;agent93rus;zhbr29572;Aalia;ydgin1983;artisdent;zogo;tima23;orusbekova93;pahan109;JIVEC;JoJO_9;artem20052005;popovmatvei;Roman7043;kiril1325;MihaSamara;utjhu78;faust45;wFristeRw;lill;BOBko;sujhan;Zaratustra1;suslov;Zest01;XdimanX;lokei;tolan98;serginick;talismanoff;mio2;Allorna;karkasov;Smers34;danzel2001;Reapers;yurko76;oleg27812;jooz;vladdddosik;dimasukrushev;niskita008;suyhisd;hunterof23;divona;hellraiser;Specnaz2120;Stervets;vasyaya;buratino2011;fuckkkkkk;kev;tvoya_AniKA;obychnyichel;maxkot87;Dezember;Hugges;kozancevat;Price;dDenimb;ALLEGATR;swenn;_ShlepoK_;dimanmsu;rejina;serg22081977;ghj4;tulen;kwnwwod;egor1888;_Green_;leoxanin;m666;JaGuARrR4ikk;266666665;Max21091996;Karrra;denli97;PAWOK;chudilo;alex995;roma02021989;kosteglod;iliabin;MrG94;16091975;termoboris;Iris001;MONSTERKILER;WARgeN;dyachukigor;kaoor;REXONAMEN7;Rita67;Darm;YSAMABENLADEN;tronnnnnn;gushin06;Sylver;kalash918;cronfy;prototype24;Ambrosias;Erdan;crossfare;assassin1289;jkjfgfg;kentrol;kinder006;azulus;denissimo16;madkorish;tuthm2;lomm;gonzaa;hjvfy;sanya_sed;Busov;madmedik;ckream003;WonderIce;DenDeTot;Mezmerin;LEXA7654;zx001;shtefanovi;isr7;wedmak56;noobster;Max59rus;Bochok;SuperMax;321dsd;araks4422;warcraft98;zaurbek;ALEX7450;DANGER67;NAGIBATOR666;jepao1998;vikvikvik;1ken96;Maxusim;pasic;Cfg;1000chertei;vitalii176;NerzulForces;faga;kitty13;ura1990;FBI951;sssr126;Legolil;WightKnight;SabOtuR;Pb_u;artur009999;Klon_z;evgen01_84;winner_111;Artem198989;boland;84991982691;diesel609;Grifon1998;andre999;mufas;dandex;Anton32;chuper07;vlad1921;nehto19;arturs576;exviper;stasayn;Sub163;katebrunette;loooool;vano8080;yhyjytjtyj;aspectom;6547788;DarkWint;Askarot;sany_813;knaz1991;Avadog;DEviLlll;AlfaDog;seragl139;Genzel89;Mrbon;DEATHMEN;minecrafter;Aslanbeg;murali;sekasergeyseka;ivgapon;Britva2009;Sanchellos;CrazyBOJIK;vasya22;cozhin;Smertokriil;KRASHTER;Abai303;nikita31;Skaiper;Erap;klanz1997;eybutm;zarina201233;lst213;oks22;habor;dima456;bume28;nikitosik45;brokelmanov;den240281;Vasyanach;vladvish;kotyazin;AZER8692;M_Christya;GODZlLLA;bnd;Zombie646;topate;777Blad777;Weepingangel;DAGER05;DaoKakao;artorius14;NFD;kthf;soldatdolga;11052000;ujgghjrc;nikila;Darkaurum;danil12199;gerosssss;Jekatd;ivak;narminator;dfvdf;Mr_Germes;xarek;ushome1941;Ruslan25;maksimusment02;karolito;snyder;foks85;Lineholt;Simplejke;qwerty_1977;PATRICIY;BROK;dodzh;Ferkis;ZigVarxaid;kirill09;den141002;zigmund332;NodanRU;slavaslava1999;aaa5721;Kristalino;Zergoot;yura_immortal;Robotmac;Nic0;BlackVizier;Spock;liteyshik;vinnikovn;marat00714;nikitapolt;gummers;bardoo;dan008;danngerdan;Rochelle;SuperBERSERKER;79520298471;serega58;banga;InkenT;armagedon2007;lkjhgg;Romka527;Anaqan;gospoja06;anvarsa;Galats;Strateg88;Starfall17;Emfast;vlad520;Joshik;droyz;nevolyshechka;Bozhyk;CHEMBERS;DIMA90765;qpxFESTUxqp;UrfinDzhus;alexandr94;anton501;Torvald_Nord;incone;greben;1234sasha4321;dreadful;mexekanez;polivod;silverbee;Flakoson;rerreree;White_Mit9l;aleks73;NahaRaha962;Pehon;parsus;malinna_zm;Burt74;sapsan5;ytuhjd;Super8;jjuuju;dach_gamer;viktor066;berdnikovsa;1sergej;sportak1;kukk733;shuric;211;irinan07;alexwin1;Andry2003;LasTik007;Kiriilll;DeNTer;stivdavis;lehiy93;zagarcheg;schsindrom;nikitochec;Catgun;Storona;dezari;FpaHcy3;CosmoJo;Mih66;Destiny_Hero;Norton63;xxxHOUKxxxx;krigsmarine;lelj9995;SIDMORT;mihachipkov;MINOR_;sasha5556662;warl0ck2008;LaRcHiK;eFFecT;CRYSISS;human2000;Any69;shamuratov;lbyfvj;eduardverzlov;StariPerdyn;veti1998;leoxan;mastrenkov2008;MIXAmag;1962472;samplegko;HEKTAP;n141987;blondin1984;heltin;Vovabeca;chbgfhffdsg;GyGy;JimmiWest;arkan99;IVANGER;stas260302;exilcccp;st_lucka;naemik325;Ratio;KeParis;Danilauskas;Nekomimi;ASX;tsar45;AndreyLi;toxa1602;Artaniz;huhrik2011;koliya;KennY1DeatH;Toru;dorokhov;fasterdnb;Valter;lfneelpl;fiftifive;Kuzymaki;Simpson_H;hohage;baggio69;alladin1983;bvgjt;ZloyZak;kamila12;seta11121978;gordeev275012;Ruslan444223;AnOoBiSss;leftdead;LordKoc;RIFARD;dnb444;denik77;Witaly80;Spread88;Leizer;Selfish;nitup;CyPeH;ValerVp;BlackMind;DarYa;stalkeruga;hyneji;x6x6x6x;ushakofff;sss555;Slash888
Dragon_Keeper;trollkill;MimickryStronghold57;MimickryStronghold62;MimickryStronghold55;MimickryStronghold58;MimickryStronghold61;MimickryStronghold53;MimickryStronghold59;MimickryStronghold54;MimickryStronghold56;MimickryStronghold60;MimicryStronghold6;MimicryStronghold1;MimicryStronghold2;MimickryStronghold47;MimickryStronghold52;MimickryStronghold49;MimickryStronghold44;MimickryStronghold50;MimickryStronghold48;MimickryStronghold43;MimickryStronghold45;MimickryStronghold51;MimickryStronghold46;soranet;Sergiy1968;Zanty;nivian;st689;ORO999;Shimaka;WarWiner;dhuus;DogLao;Mangafox;stalerserega;alekslit;sk1308;shumjuri;neveruncle;arirgo;glotovkonstantin;witaltec;YadoloV;EVE_Extrimal;Arkanov;JimiHendrix;maks300030;IIMMOR;Redfeek;spiritvos1;offka;Colony;INSTRUCTAG1;yyk;gari_malii;vintfen;nonmob3103;Leomon;Infiltrator;Zalupitel;alanhorn;Lexsus111;wayder;nitrog25;1tur1;James_Bond007;alecseq;kot985;YosukiSan;Asteroid25;LUBOMIR1974;zombie007;Mugen;agent0;kot71;ShEvA;CHEBUREK;Eternum;budulasha;XePoH;Nyak;BORODA7;Olehka2;vbhjc;MAPKC;Sneik;sagatero;nimezidaa;Scion;urgin2002;tryba5;9691;solo1328;rex_s;Amaltea;Aladux;Kronos079;izum110;koksik666;mr_perfect;Master112;vampir117;ZeSide;kosmoss;warloc69;den1313;yanken;kroha71;west21;viplena605;aragon1971;Alitet;zezar12
pensioner72;konan_varvar;kuraneclan;kimstar;PanteraKL;fsuomi1;straga;hashvis;_Heo_;Triptophan;Lavrentij;ACCA1;sergaaa;RUPLERz;alex220174;Irdis;JPS;karatell1;vfinogeev;Smith_lara;amorfia;zoloto2;alxan;Punya;fomichenko;transnn;Novellino;Are;uef2;Harper_Scout;prostolion;ryzhsergejj;vitrag;HYMM;belozerskaya;lexa22s;tango_7;chay;xxHUNTERxx;ReyMysterio;juon85;crover;KorvinP;demoncon;fv1144;vitus78;elidos;sansan;hroerk;nikollai;sorokin119;evgentino;Aversis;VladikBoik;zhenja_kgd;geroldin1964;zorge;toxa1241;Bury;A_Makedonka;MANGUS;romanandru;wwl911;vezelvul2;mikyy;666aptom999;KleineKrokodil;Darckgodx;azarro627;Cummins;Gamble;mauricio;LordAlucard;LEONID20;kiiss81;Zuulluus;LmishaA;OliverNight;dada;Flout
Gerasim_fa;CTPELOK777;Varvar_;KZB;uNknownMark;SlaF;fanton200911;pashkin;akakash;liveandlearn;140475;vovanjatka;milaska;xexeylhf;olegkoz;John_Dragon;airi;draiver;111veser;oma;machinist;stas1230;Podonok2222;ZELLO;vaz21047;dargo;Noisia;Sniff;test1111;_Moron_;rodikant;distortion;dag83;mrak9745;lost_k;Nomar;Hidra_rTj;Alien3;gendelf67;loliPedoKun;VIK_20;bbuucchhaa;Polerio;PonTorez;igusik66;Angryman;EAS1977;Hunter
geraklit;Slabon;Rony;freemen77;ibrova;AIIR;morze333;rexston;sergeypsb;nikbrat;Yesman;moskva3;vova_chip;vezunchik_I;fosfor1999;Elkora;Y2009;JMC1;maximus89;harius666;corcy;skygirl;ryslanchik2008;buginer;Nigg;romahka;instaal;RJzzz;Ftvkun;Erland;Hunta;pedro1990;4kb;Vavilon222;maxdima;Kribs;ultimate1;LOB111;strannik100;sour;NLO_V;tehnolog;michadas;choff;Yometsukai;sega1980;EugenAC
anri100178;Maraderihka;SunMarin;flast;Jonny_777;lrez;AntohA85;vOICe;Lavrij;korael;Alexandersem;gsd_r;AlexDragon;Trionix;DirtyCat78;kirill1997;Uther;ojegin;Deadrustle;valtazar;NewWayfarer;strelesin;DarkZeal;nikson76;sheddar;jekamaster;sargona;jekamaster76;rulio;Chaplin2011;rubra;lsashka;Rightman;Fagot99;Gotta;kon823;sanyabessmertnii;asks;aleksandr666;WERWOLF5011;Gektorrus;vjaerin;genochka7;dendi90;ultrahacker1
Dvirus;novocat;geolog;Morhf;MrSiquel;Vital82;Keyra;TheJone;grafarektor;FU_SHU;555temik;bazzill10;alqumista;kurod;Anarchy;GadFly;fortockin1;FROST82;htubcnhfwbz25;Nata0790;Maymai;Accord_plus;wakart;RAF79;pitmoto;kashtanov19651;mtnigor;seregazyev;zanzibar2054;Nuligen;19972906;NEMO1234;acdc4098;alekspotapenko;korolewa;manych1;vbnzq12
NHKBN3NTOP;Sigrin;krenbelek;zhy_zhy_;sirius_1;Rerik;Likvidator;ellorin;SEREGA_63;malyanovalex;darkiona;toha_killer;sokol775;uborschica;Turchik;igorechek;DIVERSANT4s;Biohazzard;RedOmar;Filonov;laeda1981;virtualboy;_Lenusichka;Annita
209087;Sanc;aladdinast;OnePiece;peha84;keylogger;_nattanfrey_;Rezandr1;Arestey;pqpaq;Maks_Anik;_Katran_;sasha7004;NAIT;wbf;Volnogorsk;Nalim82;stalker19772008;zlodei83;DmitryKhomitchuk;lusiliu
Igougowego;Enki;vitok;GRECHKA;neat1ve;tarantulMF;orbital;PSIMM;sav497;KRIS100;Gilgamesh;fatinya;tyxwn;KOGAN777;kozacok_2;Beliar_MS;stmaxst
Rostyslav;kapengagen2;Zga;Spirit_GL;dartl;free_man;parmalan;diesell;Azzazelo;mikrostov_702;Softly;4312;Nrjalathotep;Brethrezen;ivo79
