Disa911;iskdir;eviza;LEV_LIS;Dj_VMB;expresso;husen;gr385;hapa555;Ulis;dudaeev;LPM2003;KVV621;Praid;Barbidol;genesinov;aleks43210;Futbolist;yomoyo;alex_ak;BATYRHAN;tengriumai;westfal;adam45;VovanKaban;frachtzahler;shelmu;Mic;lheu4;psaa;sau2005;EvilBarabashka;KassanStVendetta;ivalnick;uHBaJIug;IVA60;GammyXXII;Sergey_SS;kirden;Cuesta;panpan;Dokk5;KIT;nik269;RODINdeARNO;Secor27;Encephalon;rivai;red_mavr;mazs8;EKCIIEPIMEHTATOP;Shveik;frosinmug;def__mrc;vladimirovich2007;Palit;RVADAK;STALKER3000;ss1988;Zondaj;AndrewsAnswer;vladimirmvmu;ivanrood78;Cheebus;_IIIAMAH_;lemynara;SlaerART;952703;FateNoMore;Rustik27;FOXIKspb;Vasilisk_;Zmeeed;pipikus;galenet;LZXVII;Dimasik30;Amigo0x0;Nerrzool;iwsh;vitalix;sma75;BarGlot;pav052;Alex_2005;UnbalanceD;_Zavulon_;VozDyx;RAV007;nofilet;veny;OHWIR;IIAPAMOH;gramm100;cherepanv;narkommax;Volandret;Phssthpok;afa_ll;filchakva;GENA1109;DARSHAN;DJINNYA;ddiiver;Palik;Chertopodoh;MadVik;Velisariy;mazarussia;ESpawnja007;wowa7;jmodam;Mad_Horhio;opex2;Faberjo;Fobia_K;woddnui;sspss;Ist_Gop_Stop;prostoguest;tolsuper;LaV_is;kvaziboss;buryjtino;Noiret;Nick_II;AlexyBond;Yolka_new;barneo;gtrus;niko199;murtuz99;MuKPo6;florit;iskatel;drugininivan;Marlboro_ultra;Sendex;_RaceR_;korepan;c_b_rsashko;moskvin;Lyk;Rokkki;GorAndre;devakor;olegkings;kenkra;lesorub_s;belokrylin1;McDin;hg_hg;WoolfNight;vladimirlevchenk;Interferoner_;rozhik;belyidim;dimon6616;Ovip_lokos;Alexandrius1;okbr;Muskuls;Indians;avalsuper;Dantist13;BesSoloV;Denis666;birel;totaldeath;Xander78;SERMIH;rusbar;Otorgunov;Suderator;Heckfy1982;Mamay;SwwS_Sp;dedmopoz;MBug;UdafKAA;timtaller;Mick34;Vladimir_DS;Alekos;Tumann;Vladisl;iomega;wolfmaster82;sania106;mbu;latyna5;Dark_Anakin;Skyle;pariskar;o5e2stou;anizot;beistand;TerraAldina;obeziana_000;borisvd;pokrmon;lencik2000;Oleksadovbush;zergs_sk;Gosik;AlexSot;denis_dok;Kytyza;Korsar1112;lejja;Qadzila;bah_2005;pakemon07;TERADON;Blondinka_ya;APOHAP;Zhivunchik;lzot;skywitch;RAKSHAZ;Cirena;prada999;solomon41;stacker;Kolokolnik;vitalyk78;zReDz;MAKs73;Viper1;A1Tis;erik82;SkyLite;stribog13;Allur;Katalex;anna61;Koka_lv;Drunk_Amigo;Tatland;lehyi;sonya270972;milaska;Woolf007;Rusana;HangLoose;stesha27;Black_Temple;UDARrrr;Xokki;Mindar;DonAlonzo;AlphaSp;Uchti;ufnm1;ComData;vivax4;birryuk;sergeyka16;Warrioriss;redmaverick;Lordin;Black_Glad;smeshar77;Hiro_Nakamura;SergeSLK;DailiCaesar;swqa;shmaks007;ElvenKnight;romancziv;Akril;Dark_Inquisitor;strilok335;ura7ura7;STEAG;Alexander_K;S0g0S;kain_7;Sergo123;ArchFromDrom;domok;hecfxrf;ROVERss;provincija;pedotty;Nicole1982;gladiftor;lookish;rjcnhjvby;ferrgo;MuaDipus;gan_jah;kollesnik;val789;dobr167;jonglop;X_Dimedrol_X;Tasman05;Slonopotamius;wlad48ru;Gines;Lukast;riptarik;nemo226;Fess48;AmiTar;icewind666;SoulJet;star_ovivan;shu11er;Nevr;Arlandino;MaxFax;dima_14_2010;Ceather;the_dark_killer;jugls;Rise_of_Death;onesimple;bgRoger;alex_15;31125015;machinist;avb96;Brodaga;xXxRAWENxXx;plan16;voa;abkbys;bestbroker;Pretvoritel;Stas862005;vl_v;byxo;brodjga;7_days;22061999;LOOSER2010;questionbig;Nak0;Zomba_Inc;breysov;redok3;DJABA_2;bondar06
noveshek;CapColonyVoraner;Bockpechiy;elipss;maradonna2021;Shrek2015;Inkv;abervalg;chamsu;spurt;DimonMillion;9l3bl4HuK;Leonya;Lenusichka;wirton;alexxy;sidvk;V_E_D_U_N;T0Pdog;H1tToB1t;vovanjatka;Barabashko;Admics;Vadim19;Maratelllo;nn_pnv;muller_spb;lazuritIT;Vkusnya;alex3108;Technik666;SvetaCh;tirapevt;svesla;dio73;Dnstuff;obmorok007;Dowmntime;Ivanauskas;vicvalpol;PR0FESSOR;Slava7;nettoo;wrs;PUHVINNIVINNI;Awful_Cold;gjtpl;Gilmorring;JOHNNNY;Veselchak;oxi13;rattxxx;Yadosupp;xaak;pyogai;KALOMBUR;kybrakovsergeinikola;FetFrumos1;Wist_FM;SMmoscow;Bormental_15K;Oricycle;_Molox_;0dendroid0;pitonkrym;defarth;KSU_KSU;MAKLAUD_PV;RUSSMD;Saruman;mirotvorec23;100100;Achyto;fkeinf2008;helpowik;arsen1293;Vladik;Gorbi_St;dedysx;Djim77;11011;bb1112007;Akhinaton;SpiritSpace;drakon100776;Advokat_79;Johnny_Sid;Intelegent7771;Slaka;damur1963;devily;YaceK;gosha7893;asket3103;asiryus;Artinez;Platonchik;guligo;avm72;tarasdowhan;morogovi;Papajuck;_Argo_;almashy;mibier13;Vasya6666;Rain_man40;AndrewPchelintsev;Mickm;JF_SANYCH;VADIM666;Quistis;SpaceBizon;frankds;Danaleks;STAREC231;kosolap2009;OldRedvirus;dimulius;DAV79;bekser;TpaHK;OOOps_OOOps;atzek;a_shir;justice15;aivamar;QTF;fxdes;Dirael;wield;Svin2000;Sergej_Hilt;neAngel_Ok;supersota;BHY4EK;SerGant;ESIN;Fisher1967;mik559911;neruski;terehusha;DaerTawar;Vadyuxa;xnopa;SilverHant;Zelenaya8;poccu;Jego;sergey250595;laralara;Suny_MAG;slgor34;Shangrila;Dedushko;drakon4777;Erato;gordonfrimen21;mvosnik;molotoboec20099;MexicanoCanalla;konan_volk;yurhome;hosaen;Laodzhan;Ukitake;guriton;American_33;kroxa_;VragV;iimolodoyi;KissK;igordjus;Mahmed;behappy2008;an26;AlexGorby;vadikS;AgainLedi;alx_12;DrakonXIII;SANCHOUSS;gutalin49;salabim;ndl01;JLndd;Grekoff;sbit;Belov84;JIeBaK;M_A_H_N_O;smelof;Rada2207;VaMaG;Glyants;murta;SaorDual;Progressiveage;mitios;Gnomicus;reBlueTooth;Crazy_biteks;Alexei_kor;enerpac;voleri_moon;Mubo;akland;Mozka;Belarus2005;ssss2010;rustuk;mishelsh;maksV;weapons;GenaKrokodil;LiLab;SLBE;Hassadar;fetol;indau;unenezh;Ufns17;OMGXaker;urodets;Draiv_t;Klermon;boets;CFC;Avtoric;pilgrim6;2d_monah;242ORB;in_out;kir1981;chebulduk;Golden1963;mihhalo;Aleiiika;Yakov2008;khnp;alekgrass;Trevor_Kidd;HTML2k;Mete0R;Fericl;_O_R_I_O_N_;zappa_77;satelit5;DedHrust;filnet;gavrik32;Dastilla;Triptophan;Daine;Vurt;uhtr;konstfntin;Cadet_L;Ianina;ROMATO;MiZGuS;Engelius;talex99;misa007;Vla69mir;kroko137;Baksru;Luks;Reentrant;1oleg13;santerishe;Sicilianec;Alex777w;s_krott;nazand;Menethil;DimDeathMatch;Ferling;DmAn;SkyAngell;Gen_Grievous;Leto_II;000Executer000;timofei454;TALIMAN;Mnlt;D150;sansta;PUPSIR;chulok;PupkinZver;Loriens;ColdDragon;nuu;andrey071287;sheddar;DeVinter;filuel;Annita;BORS1;oleoleola;Jaguarl;cirka4ello;glebglebglebglebgleb;pop4enko;lelikvn;svetlanasuper;ivan74;victor777kor;Likvius;Baymer23;Shurik1964;xArGuSx;emppu;mikejulev_888;Phssthpok_1991;Botar666;LeChef;Rich_ard;trigger777;belkob
Blondelady;aoe;seva71;DeathAngell;Catamount;SuperEvgen;ivan_b;Koap;Tigra5547;Solitary_Stranger;SAHMET;blizard_sis;Vormix;cupec;K0Hb;MrArxi;stranniks2006;Corpse123;serj_e;alegattor;Pas_ser;_BEK_;necroz;LehaEm;DeadMan;serg72;mirotvorec131313;Gadskiy_papa;A_x;Desdicado;SGB;Evasiv;bagfidel;roman308win;Sinilga;Rexy;PEACOCK;Silverprim1;Trep;avgustin80;AMarine;metamorf33;ksenoed;ponchik1980;StGOGA;barbus_2004;treloni;Nevergreen;Vovan0410;Seliger;PeterKriz;XKOTX;MSLION;Koshechka_Nadya;Kisik1;Mapis;mi1473;nastya1005;A_s_m_o_d_e_Y;sergVIP;Londo_Malari
TKE;Austa;Gavroh;FOLKOBAN;1_Mag_1;rossotel;Alone25;milla__tina;Kal_El;roman723;Zloy;mike3008;freakey84;KRTUR;madmax25;resadyad;Alexadrew;world_diktator;Ashtree;Luma;Dorca_Forbarra;Grafnik;Blak_S0uL;Webz;slavcik961;9_Dima_9;9999f;Lightness;Annabellru;sedhj;1937;vansergen17;DEMON555;DefJoint;Bandiit;SCORPION76;sahon1;TERORISTO;cyberswarm;ReckViem;Goldmist;funt_liha;Gadal2011;voron_hallana;Kamillla;visorre;domanskijjvjacheslav;parkasha;jeesus;Mobed;sunlookred;Enzo;MRSn00py;IT48;zik0107_214
dada;Starcros;CrazyPathFinder;prostokvashinoo;kerafun;TANKER;Alone21;DigitalHell;VasiliuV;destiny123;Davidoff;crossplayer;StudentMIFI2001;Exoterium;Komatsu375;ZergRush111;smallkex2000;kravcovboris;FLL11;zanoza_v_jope;Scood;BOBK90;Shnumas;VladLS;cbvtbp1;Recognized;slonikopotam;Suddenly;nle2006;Free_Rider;povod72;xMEGASx;anri100178;TpyJI9IJI9I
Elada;Arich;MaxKulkov;KTO_TYT;kolyacher;phx_lizardman;zondau;aponx;iluzij;sanya_kru;savaa123;Volga3103;xXx_Ivanich;masterritm;mdkChaos;PavelPolunin;mrkeramist;romus34;MayBacH_DiXi;ilusha7;Savantis;AMOHAPA;vashkevich;yarkobaron;voraner000;Psichoz;Tipalol;AntonFedchin;koshelok;codesh
El_Murena;shooler;STOPKPAH;Pan4es;Gurd_DS_Sota;A_Z_Im_Ka;smirnovs;Tiderian;1stCorsair;kcarbofos;SEQA;knopius;anti_psol;UnNamedPlayer;niko_samara;susaninsv
kruchenet;XaCaH;MAKSunny;Nikola80;verdi666;Darkkeks;snakers1;Leonchert;a111169;baruga;_PAU_;stetoskop
feliksem;lelj05
leo200911;mikrostov
12134567890
mif_ugra
Afinelka
JEKA212
nightDOZA
Falstaff
sav497
nuBac
IIIYHIH
Sergio808
kolia230
zleo66
YuriyCh
BierMeister
Kamikaze_FPA
ASkamerman
Ruker
Geralt_Ann
Colt943
Senghor
Nullifier
Katz_Leshiy
rka1999
Lordie
ZakopateL
Tobago
kanash
