Nullifier;Estebano;GERAAA;HLOPEC2112;aivenho;zloy_ninzia;agrius88;VaMaG;dmn3000;DeepRessive;Burj;grey2002b8;Alexeyxxx;xXxRAWENxXx;Hlebus;JekaVGG;iskdir;mkserg;Victorzw;RJEY;Wall_E;Karkysha80;cyfral;sunweb;wulfs;hihihi2020;Sparrych;zzz707;shooler99;FALCO_II;Petrovic;Pandi;oleoleola;bestbroker;phobos2k;AragornA;donidarko;Astrawest;Parazit;methadrone;xxSTxx;_BULLET_;NonProfesional;ElvenKnight;Mete0R;lobach;vitek7777;Koka_lv;ruskii95;yur11;dronin00;yDarNik;Companion;gott_mit_uns;ReaperDRW;Cherep99;DarkDanger;Trublemaker;Gacop;Magnanimus;Schmurge;RIP_EMPTY;BETMON;arhiepiscop;wassa;ferrgo;ztgn;sav377;deyt;IDVsbruck;Predator03;AlexGor;lcferus;Bace;Ferling;Daenurmage;kakukh;Baster;Vorobej;LSFZ;spinozka;Lekseich77;Exelentt;Lakiroll;frosinmug;elisey22502;ARTYOM_21;tim75;Kssandra;kvasha;Musaka;alvaz;romul;Slava7;aratustra111;progunner;MagicBright;nhfrnjh;agent723;Seliger;pimba;parapessor;Vriss;Triumvirat;arcana13;Kiber_mwtiteL;irum4;Johnny_Sid;iis_285;Stn;pospelovdk;NewGodlike;dracon2;07071977;rolar06;kaban1;Invisible1;shimik_animal_jr;privy;Zell;SoulJet;Dolforn;SeAnLiKi;satos;Akkord221;serg4100;DrFreeman;UncleYorra;Parazitte;simonna;GENIUS055;Werdna13;Lukast;muraba83;Dusvet;OMGXaker;nuBac;OVERVALD;aggressorus;dragonmaster;DeVinter;Moldovan;roma_arv;yurta38;kuntin;Actioner;Zmeilo;gramm100;Beresta;VIGAS;Blood_Crazy_666;Sfortsa;tu1528t02;Accept_;Stradivari;sonya270972;Mandor;xzerekol;slavahr1;Psylog;NAP78;multivitamin;nord75;FineKettleOfFish;nik269;lydok4;korobok111;westwud;nikolasha0011;Longhi1333;_Sirius_;redok3;Futbolist;XCAINEX;madenemy;kkarabass;xomlak;Annaelle;black_dusha;Maximka_137;inal;SlashPorkY1;kostya197808;Thunderdomes;krys_dro;vomihal;vitjamba;maksskam;OSeloK1;eksiton;_ABADDON_;SergeSLK;nastya1005;Master_meditation;dm201;Bastinda45;Rammstein04;GeneralZed;Viktor_ChaoS;Alex_2005;svarog691;Frana87;OPTEL1;xmeser;PlastycBuddha;radsh;dimon1989popov;MotorOFF;LEO189;KolDunchik;Rainboy;Sora13;Dzunga;dgudi2;makerpeace;SuperHaos;Skyle;Kirilov_Alex;gasssan;TAJIEHOR;Haziel;RTI;lobonic;smok;KreTeen;monro;loxudra;Disa911;Desert_Eagles;chilanzar;nick_is2;Dexter_Brabus;sirslava;Architecture;AgReSSoR;fariy;grantbul;Henk0k;SaTaNa82;gigapihar;Ist_Gop_Stop;DrEUR;WarPsolao;alexd381;salabim;castle;otell;Legioner1333;ioj;SunnyF1;serge175;Eldente;essina;XanDa2005;oleg_k;abkbys;night_north;erepa;RateG;dinamik13;Roland09;warxamer2;Solistka;tumtsia;TERADON;MBug;x115222c8;Al_Damir;HellLioN;gorra;dudmax;shlz;GTI;parm;Levij;anres;gero1234;PriRez;Bogdasar;kriksik;Nikolai1973;aieti;MegaPolus;MrWhisper;rivai;artem121212;Setels1;AIFFU;Indemonia;ziper4x4;bloodaman;dmb04;vfolet;kotik356;Ruthless_Killer;anv;ataman2216;behappy2008;ingenico;dog2000;Olamara;Ikar82;Sustav;alikserj;BeginnerHard;Preator;dizel7;colibry27;Poxititel;maksimkatermit;naumV;KAMATSUI;AprAxiA;Sirfysh;Fomka;Favorit;sancase;marih;war_otaky;Sklin;elborion;grdmn;lizardlp;Jasko;Rusana;vityx;chizh_o;blitzstar;Telepuzzer;tanya157;rodict;slavahr;LaGorra;Untitled_Identity;serj_e;ss7;KisLana;dzyruk;faberman;master1992;Nezhna;ashom;semyonov;eee2002;PersonaNonGrata;TURIANEC;Kervel;_PartizankA_;aldo;Rokkki;winnel;Biruk76;Hi_JacKeR;shamhor7375;Acid_hacK;Dowmntime;custodian;Gines;LigtSD;MeMO_;is1n;Irbiis;Kauxi;fetol;emo_7;MinumuS;_Spar_;Getman_Mazepa;Andy_Panda;haruvim;Cristiania;maxykl;hecfxrf;Salix;alex_ak;GriFon_;_Scotty_;Doraty9;aragorn8474;Mampoc60;Aret;GriBBi;astmargal;Staleri;FireWolf;snakers1;DOG13;Mamay;GPS100;KROKUA;giosposta;Alex_11;OHWIR;cola_cola;FOV;vasenev13;Arlandino;manX;Browning;kollesnik;allart;Lopouh;TyZ935;_Liho_;Mubo;npopokx;JGR;nimezidaa;stasian012;Bestrafer;d2815z;andrsn;marsianin;Rekviem;JLA;Angel72rus;snoopy24;_Igorok_;mvk10;igortonight;Tanis_Halfhelf;JustasAG;viki77;Nestabi1niY;Kto_zdes;djenne;William_Wolos;Schumacher78;Menni;vladimir1999;Veresk;Phoenix_a;vampiress;calaps;rockdj;Sayryn;skytronic;MedMiV;Belorus;AIHma1G0Dve0Z;Italiashka;nato4ka;AKYRA;Palwch;darmoedina;SergeyMSK;Falcon_Claw;Dmi;NeoSephiroth;AleksZ77;1354;Ledzz;ahill27;Pooller;VicB;Roman436132;peppper;kaskad;makanaki;MegaConstructor;Colt943;gogibubenchik;DANEAL3000;Broilers;yandex_ru;QWERTDCVB2005;GinJin;AUK1970;_serjj_;lili_tango;Intelegent7771;Noiret;IIAPAMOH;Anzel;Ulis;root_by;_DERIAN_;walerka;LeV4ik;EvilBarabashka;KillHunter_;VIUST;Cat_on_clouds;zukmsk;noigel;KRUZEIRO;GorAndre;1TAHATOC1;Agnepus;occupantru;white_angel;deadwood;valis;14KIA;_Gefer_;Monster;Vovagnytov;Lenusichka;solov57;Chick_RUS;stalker19772008;BOSS_BY;InsaneCAV;solomon41;adba;Jigas;bush23;ZRage;130772;NetRanger;bad66;Lees;dqq;Svarog;APOHAP;4uJlaBePT;Phoenix935;MadVik;Broner;evilus;AID557;WB777;cybervizor;kirden;FAST22;Sanya22;Gilmorring;maxella;TimVodianoy;___I___;AlexyBond;shurik8133;Kamik;iluzij;shRoman;Olegas;Shadow_of_Night;san2004;zvitaliyz;_komatic;buryjtino;Gekasus;Rainmaster;dd00;Snoshalsky;euwa;GRAF_GRAND;belinea;TomoGavk;TATADEN;gopnyk;misa007;SHADOW_50;VeryWhiteHorse;fantom80;repinilia20100;Rik428;ak197;Aken;trauras;overnayt;uboss;Krasnika;SnowBlast;arrivederci;demon_antuan07;X77777;Horner;Oboroten_VIP;afganez;mr_dick;Sc0rp10n;supchik;kolenval;shaimiev;lesorub_s;komatoz77;korepan;Resurected;zik1;Valik18;jerikomo;bumbel;devakor;Glasseye;_FALCK_;Scorpion_sx;JL_Heir;banyad1;TIMUR_TAMERLAN;PytanKnight;femida32;REAKTIVE;ROMATO;Bereal;coolmenn;Uspex;Fertilizer;_DeimoS_;maxkrimia;hottei3;Fobosisalive;Rakon;IiIsidhaIiI;Sergali;pashtetka;BAP_BAP;garryk121;11111anuta11111;SVP61;Fanton511;God666;Asus01;a111169;Wrigley;Miaal;p0dSadman97;Hassadar;RON_;Ddef;vavan64;Kadinov;StalkerHB;realy_Shark;DjOnly;lev33;UselessMan;runeru;SHARMAN;Nauman;JonConor;Godzzzila;terr_;novgorod1;Leonone1;dimon2187;Kazulka;pnpnick;SlaerART;tytry12;Speedy8;dac0n;ivanby;ValeriyVS;ColdRain;pan_pan;sashamts;filin1202;ellen_marlen;Alexander_K;Habicht;Monsoro;Akson_neyro;Decepticon;Oriens;shumovkv;o5e2stou;valm2005;Prefect_gg;StLynx;Dyatly;_Torr_;iriska237;4dbpower
Antareks;Saint_935;miha2604;ALeX_U;VeisAM;geologoed;Nadin;TURCHAK;slonikopotam;Besenok80;ZloyLis;13dan13;Phel;Olga1155;Gaory;Mizantropka;Torenc;def__mrc;leshunka;dedmopoz;Sony320;Lekva;BAGROV;CrazyTiger777;Victory1972;bednjak;SHAFTForever;jonglop;oleg723oleg;lamadin;ZakopateL;lheu4;guriton;Xokki;Timatkov;SIDNT;RYTAS;sashabolotov2;lubko;artstas;63reg;matveichuk;Merlin2014;voleri;B_nOuCKAX_PecoB;miklarus;Sasha1967;alexandrioning;SirTroll;dyser;kvakus;zemesargs;CLETUS;Lightness;Dimetra_;zxcvbnm555;ZiXXX;skarb007;RAKSHAZ;_di_ma_;Dragonsky;KOTE74;tvinner;Cloudy;maksimit;Ankalawr;Enekin2008;Menshikov;Jerald;shanro;Slavik78;fludila4ka;DeadMonah;muskatik;gumilev;MASH_4077;Arko;arakas1;Suny_MAG;Rippik;Lhadgaarj;feyh;uHBaJIug;ilusha7;YaceK;zolotoyentony;Joyka;megaussr;Gazaa;Healer777;taket;Ptah_de_Gril;timan01;kosihopitao;aim1504;prestigio;kab1400;dark926;Timehanter;NikitaSB;Lugor;_220v;Agnarest;kurtshar93;dudaeev;BeeKing;AntttoXA;STAREC231;Vanya4444;DeonisRayc;borisvd;mmbond;ssserg2;Superchig;asprin3;RAV007;Mir_OK;morto;Illusionisst;simbaef;unhuryan22;murtuz99;Leshiy_Ash;RGD5;Barti26;sermask;Botus_obormotus;Detestable;Postum;pavel1978;BHY4EK;Dimos;shadas;DORS06;TuOKi_makak;megawat51;BLACK_W_O_L_F;sn005dog;OGL;Deathruller;FABU_UZ;altushka1000;KerLeada;BOVESPA;TunderStorm;nikitasbj;gen2002;Temiron1;Stalnoj;Ianina;KingOfErythrocytes;MrGARY;Tassadar21;kondor40;evgenisaev;pasim;soulzp;asolotun;Jura;zHyperion;Cay;namdvili_ambako;dliv;zdorovjk;Daine;Silver_Dragon;cronos654;ProstoBest;Serhi;Kurilovich;ver123est;Raysas;serf123;MIXAN9999;kocmozoo;aueg2007;cshev;nikleo;vicvalpol;yansau;BDL_80;Quistis;Morp;Vagonn;Nastya_Lapochka;Plom;LLIamaH2010;NAMSO;GgGk;aleksandr1833;Dark_Dusk;matar;PabloEscobaro;DFGDEN;MrSybex;Erics520;killerwa;FamilyS;Sergey_Ivanovich;BuGaVuGa;exmeda;asn09;Inquisitorium;anyta2602;poporu;Arija666;obmorok007;DimaRokDva;murmur;uzhos;sndrbbn;Andrey22121984;_Bagira_;TANKER;romanlord;donAugusto;neolitark;sid777777;M_ART;Dirael;anri_pr;Aliadenshe;Botankin;KVV621;Kolbasoff;baton_ben_laden;FaxxL;Gergen;Soloway;molchunnow;StWarrior333;DrFeelgood;Taras_bylba;seryi77;seregs78;power2;Akashaa;Myst3ry;bakster_;klone4;DonAlonzo;gadyka81;Amargi;Demiash;Astronom13;ScReeM_d;nestervivan2006;REYTOR777;maxim125;CrazzYGuY;oalex;Dnstuff;DedHrust;sau2005;feliksem;sotya;Botar666;Makarenko;Urka24;renh;hip_dream;crimp23;Verogirg_W_Klandr;blascJAC;MiZGuS;Death_serg;druger2;mussont;sergskv;fastbuilder;dilikauri;Vedaz;sonik2005;MLR;dartw;OpolonII;echausov;HappySoft;Maratelllo;dobr167;sahatyi79;Requiem;ss1988;lemynara;AIRW;klaus73;mDream;Andron_K;skomarova2;Galaxi1;nasdaq;Zorg_N1;WallOfStone;Cobalte;zzonk;mick_ts;reBlueTooth;elfh;Belivern2;Tribog;CrazyDoca;treloni;fly666;Tsistokletov;qnalocas;Chocolatte;DestinyTime;g6i1zz7yfjog;88Potroshitelb88;nio55;madamkuzina2010;taras2008;Vitodze;DuxBellorum;Doktor33;Mihalch;Andron1984;Mikhail_pirat;markiz1967;KORSAROS;Mim2;whatze_phaq;smiagorl;smp77;Hzarg79;pamarafonim;v220;Lamios;RRmice;Protoz;Kopashka;Kosty11;selavka;tomrud1000;Arec;Shnuk;guligo;Fotograf_M;Kamikaze_FPA;Alexandred;Stopmashin;naglec;Amalphy;powerss;RfdSS;asemlansky;Levand;Skorpserg;const86;waldemort;Dark_pepel;Morchelloo;gutalin147;Svirep;rarapuH;alnev123;sadovod;vnv197;Chertopodoh;assasin_SOTA;Artemonion;Hunter_nk;Ghost_Leader;armoon1;AEG1;budushee;Dark_Inquisitor;Chevy;sayavria;oks13311;Gigandra;sunlady;simon0659;ira123456;djo14;RoZher;WARRICHTER;Slair;Deadloc;tsitseron;HYENA_HYENA;LORDGeo;AlexNT;deadendman;AlexGrey;digitex123;lenin00;khmyr;Ruster;zz808;SkullX;KMI;tellur;glorfi;Vseslav;Shatsky;Shveik;kantata;hsako;oritanas;0770;Aleksey_Kolesnikov;HAGENIDZE;Lilu85;Stribok;_Unknown_;david_gho;Lyutiy;avalon_65;sukuba;BISCO;bilael;MSLION;desya;Spherchik;_DAttrIN_;Avikon;Bad__Boss;Alexx21;kadavrus;McDOOKE;Xramovnik;Kornely;Pickachu;Indians;cigd;MrGera;sertili;terandrey;METAJIuCT;IVTulaev;Encephalon;Irishka1969;Astim;DEAD_KOMAPuK;TROMODOL;desipt0n;Alcoholicus;BENDERA06;Nyashami_kun;iMultis;inck;Mr_Pi;neonlight;Types;nettoo;skelin;Serj_PSG;Vika_sha;levkorol;Zmeeed;MinnyMe;OUSEN;Lordalexander;Fcbooman;Persid;neon777;Warrioriss;megaarkheolog;altorop;Varyag;dada;svetlanasuper;XXX_12_MMM;Roman_McLeod;ZoRMoT;Aloha;MrDriver;Double_Nail;Valdar;Kosmonaft;MIHEPBA;Rewired;vicgud;grik;mbwana1;Blondelady;a_serbin;SM30;logger;timshock;bb1112007;yanovsky_den_val;SagJOY;Cheebus;MexicanoCanalla;Artyomsol;Andre1972;serg131;Vkusnya;WyvernSan;serpundmolot_77;den2008224;Pervayaposleevy;evgen14;rikardo888;Abyys;kica1154;almashy;Tigra5547;Pasterizacia;DenKL;Mozka;lionvitalii;Aulisch;smak;raxas;krroman;igts;ZloyFenix;Brodjaga_;grtemkin;victor777kor;m0sk;Gerash1988;Tilk_Academy;pando4ka;aisha_am;Amargusha;nasusurnik;LZXVII;Qwersy;Kuropatka;Vadik1858;zuzzz;oganov;wolf_top;S0g0S;LV2001;Fisher1967;tibatiba;mit_;allslavin;Zelenaya8;sirdevill;17897kalipso;forint_ms;magizo;ddg1975;alexmoon;SergVVV;STALKERSOTA;Opilat;Todes;CC18;spab;Egerer;kimusha;Ukus;arek;marsianin72;IVA60;Curing;D1K0;Leninad;MVN_2000;fighter_ogloed;MyFAV1;IDUS;spich;pilk77;MaxKulkov;ks2012;Ascar;Heavy;DreamBou;zaraza_xl;lvp;funtik0111;SMertutaHP;vovanjatka;Atatashka;pacmay;drn21;Veselchak;P_Vitos;Marina1967;juice2;mif_ugra;Skifling;RealZveroboy;jurki;Rassul70;skorp77;uhbyxer;Aladen;SkyLite;TESAR;Tandem;Dadass;DEAD_OsLik;BloodLoveAngel;staskar;klyvagina;cezii133;Annita;InfernoKiller;george70;Takov76;Solitary_Stranger;avis_rara;Looser7;BigPV;Benderlog;old_z;Livers;Jurij12;_Djony_;Tehas;deadonlyone;VitaliySH;acvilon;leliash;mavrigon;KeepeRlife;Freestyler935
Eulen;sandin1983;kamikad;Kerberrus;Maksimkoxp;SStromgard;Graker;Fidzi;LornKarios;Katerinka1991;Refox;Nextone;Vinni2011;1roman2008;vasilisc92;Veronz;anisianet;RcDog2;stas101099;Lagshmi;monTT;falshunov;Munto;ZODxXx;Fishenzon;delta_force;Mehanik111;stepan98;cjybr56_236;andrej880;Devil_sister;fakser;XNAVX;oleg1999;dashhhha;serger1484;XMDudkin;pensioner1700;DestinChild;tautet;ibeerlover;demon48;057575;Elkord;3DMetalhead;andrejjbdkv;bigmam;rafiska99;Ilja2003;wet46;Dumka100;metarhos;Santyaga89;abudabum;igor147608;Jenya12;Xzort;NEFERG;LiSt8;stalkerxer;Soerrrrrr;muadeb;ujif0602;kevin_nikitnik;anton098;boris19733;SAMBIST345;Aank_3;kot26;mlsound2009;zerogroup;Asaf;Vladmal;denis86861;kelaghbdtn;baneling;Hell_to_move_in;evgenn96;ninet3;FireDragon;4aT;ArmVDV;borsyk007;Warrior45;vovan533;sleeep;nohchoi;Mr_Maximus;trevas;Mige;krivika;wityaz1;netnet;stalker998;micko;Morthoseth;cprok;Sfera007;asovers;prasep;Whitespear;bahlik;Mad_doctor;Kamik_Orion;qwerybones;stoller;evsigneevtima;Risto;nagefer;Sartan123;tanuhawau;tem09;br0mas;Ririk14;1Shtusha_kutushA1;adam_ich;slavahr0;Monrok;dubonja;NoVoSti;Sketch_63_RUS;COCAINEE;enick54et;atad2008;sharoilja;BloodyFrost;Tottypro;Broon;ily367;trahmaster;xcvfsg;nikiteka2;pavel_ginin;PnPSEGA;kit306;jodu;kuzbass42;sleghome;Momorik;Nerevarin369;nikitosp;rwi;profsha;Linoks;YUOTUBE;Rozaruo;alekseif13;xaracheban;11176586;Dima02;HEKPO3;dmvasil;Shmula;nem4ara;loliuser;holypeace;pomahyc;illa99;2VladislaV8;radikid;nastya28;Fibyld;selisten;skiters;Beruseruku;svinunit_416;slatkiy;basito;Amihas;Katanale;golovachev1971;fakrai;pro169;lexaoden;nkYellOw;AD85;MopDe;anspik;Gorenuk;yrik_9;Renmaru;KONONQQ;Strannik88;XbormanX;Gnom123;juhyfc;kolomiytsevdenis;belouso00;maxkosarev;qaz222222;maks20012;raklarisa;limbonik;bak8000;petruXov;gfcftr;sswd00;Skepticism;nikrofil198;Vazhenin;muzychenkoaleksejj;DIMADS;Stanna;Nordtrend;who44;karoy;Pyc9I;Niamo;ORSK;GiantBerserkSamurai;eng231;suicid33;alex20122012;lomik51;IiIVIPIiI;sidorovaleksejj1615;Korotiwka;denomid;godobikov;lekhto;hriak5;Foresd1321;Black_Queen;gufffffffff;NRH;mrblack1998;pavlk;voldemarij;gurza015;AVATAR_007;wertor123;AfillA;generatesun;stGregory;romenchakrobert;levnayt;HandeHoch;Alex_Nebesny;BOPOHKOB;igorpetrov;Vaale;PIT84;ZWIT;sergeichirkin2011;gofrein;ann234;givoder;kill11;Hakenkreuz_;kirawa;jura4211174;Lopino;Klodina;Andersen99ru;xklikx;1998823;k78;Professor666;Mikolog;LeoTomp;intercep;dima55500;Blaim;leraleksandrova;hitrou;qwer000;Magic10;hatahy;ftjsrtsrjtj;48008;NEKROMORF;zawetz;sergeilew;dirkon;kostik9;bliznec23;nikkinikkixxx;Whatye;GreyCardinal;HiPiFSO;64074587880;belezard;genydev;nikitaskase;makarpokja;maxbets2;sephirots;siber97;adriano97;Kokn;edurad1420;Kiryxa18;Dmek;artmas3;admid;kofanovsergey;Dok97;rah88;poker_lady;MrKsanty;va1kir;gofar;GoRblHbl4;skivbox;ZIMa07;NEGEFAZ;arturigumnov;Manchestro;lemora207;marik72;Twelwe;dubovsv4;Midknight;narutan;borjomi2;Ratchet97;BeastBY;oldNestor;Eryand;vsop007;draganage;iljaloladze;linksys;Indifferencenov;sugsapro;PiRaT9919;w15suxk;nikaaleksandriks;maxxx15;Legioner007;WolkodaW;timbey;alex0306;Nikon_d700;teplikrbk;Omanika;IIOXYUCT;gamele;lepsi;OS_lool;corell72;ilya9621;katany;smok45;capogok29;brain164;barsuk317;zdrqsc;mik110;Devid_Belle;Commandoss;Stereo434;ArthurWhite;LEGIONER_STAR;Gulija;MisterFix;Dartan;Bogomol30;alex54543;9991;Barata;Be4ER;imtune;vikinikyal;Mefistofile;ZYRTIB;klim2112;4410;4ypik;iventes;igor45rtn;ewqazxc12321;cherenkovkirill;Alvagest;Badspaider;kobz91;al12345;nikitaremizov;scorpion291076;kolesnik274;Gevorg123;fynjyjv;JavaRad;olders123;dimatar;breader;ptztoxic;supcolgate;doctorAoA;TROGVAR_OGR;Askoldir;Dmitrij37;evely;merli291;yragah85;slezkin;adja07;Anmortal;Asmerd;Nezabudka_N;rimona;saidus;Bny4a;KELLIR007;bogdan_alisa;zuzja66610;bekchiveaz2010;DanillaDragon;Hikitosik;nerg999;sasunock;Shadowilya;Dentarg;Zele9r;mihne;Dominusss;BRONEAPL;VDOM555;nimikon;vydas;qwerghjiop;gahkctep48;unhack;Narcodancer;5643;sayron21;Mephy;tomo9;afonja;MugenBlade;Kuzen_Avi;koosmos;Chummer;kfjffhdjjfdh;ketorol;kisa1301;hva89;imbatman;allaxby;Vindard;6875856974;izwergin;kepatopoc;Ardorm;gordeych;StormR1;iolka777
cannabissB;24334283;mishanys;FTMR;Jivotnoe;pta;McLaude;barboss79;x4EREPx;ooooooooooooooo;serjant89;sablezub1;happy7;sasasa007;terotut1865;fogreen;ablsveta7;gulshat22;dehc88;Demo369;Yajy;m_solo;Dimedrolum;Sasuke2;Cibik112;oldpunk;denz01224;AnnitaMult;boss54;Kostyn302;aidarrR;90na60;gorthsir;region2000;johnny17;grafistt;WikiMan;djawdet;LadyLockwood;rufoti;Hamingwey;roman950708;chemodurovale;artemrozolenok;FerCor;Miribirka;jhjughu;rolodin;HAGEN2010;NaTuRAln;rave1985;vitalikest3;Justice_of_pain;Serhio;fakyu;Robulon;drakon1985;gegi;PONEPEDELNIK;rig1980;Djordano;uzumaki6;Scheger;granovskidaniel;scazzy;silih1995;roman199811;1Bpam1;AlexandrVer;logan4ik;smit77;Veech;goblin44;kanash;acx2;vadimyara;kotenock;Greit_Skiv;dialog1;EnMac;ulpantumenova;IllidanStormrage;iv5an;StatuSDeaD;berlingo;Maniga;PUERTO;mishanyss;lefeka16;vavanich;jy4ok;EvgenijSafronov;daymonIT;sawat;Zallun;sIn666_punk;boni2010;jinrohh;vishnya1989;FedorAcryl;roman723;gtxjdftfjf;HAXEPAOHOMHE;Vegan888;nikot;IrreversibleS;vnazaren;Resak;niknik21;dkflnjv;nightDOZA;seregamas84;dimon1565;BOJIF;kukusa;tgrehgreg;boika;Sergey101011;kagika;zoranders;Twixter;Gunnhild;dzeris;littleKarlos;devilmlatshiys;Fantasmagor;XOCCE;FA3A;Nof8_Scanner;Deyvoss;taekwondoITF;futug;Korowka;John_Olson;head198005;TOKARem;leonid12;Angelmail;chrek082008;vagir;Novocat;skillok;das12321;Perfecta;1234561921;DESTER;chorgola;Vulhrim;katrina;Trolik129;Prim2009;karasik_olja;KJIAPYC;BAHEK92;zkan;nLightSoul;Coldat28;EvilPartisan;myloporabote;kashtanov19651;nfyzfu;ytv;sheik12;VSL;sheik17
190379;serementiy;Oleg_aka_Giena;platon1109;dolbastik;Geralt_IL;Lord_BERSERKIUS;sevenk;Nice_W;Lotos;LORDERONUM;Argodey;moscowneversleeps;Kypcop4eg;kirillavatar9;iL1gA;Olegro93;Enzo;Gilgamesh931;SerjVzM;PaulCartman;rafaelnos;webziklon;Fluffy_and_White;Gijdoolakh;wwmih;MAKAPON;Drakonis369;Delceo;GORstar;1autumn1;solshark;KeeperJet;Terminys;OLEG91270;sahsasahsa;Delawar22;brabyz;Paladin_;andrej305;RZmaks;wesdmiigo3;YouFeelThat;litarn;Klimentij;Revlon;ValekDemon;RetroFM;katarinna3;NeorgTS;imanuel613;7950105;nafar;Sanya100;inspirit89reg;za9c1986;zz1xx2;ewqazxc1;nugzarimr;daniklevkin;STANISLAV91;ASPID73;lom07;Tanpopo;ZolanarArchangel;Dasha_A;Famar;Ghostme;tenek2007;Grey_Horse;KVN0277;gedo1;slashlab;baza415;Gul_Dan;Espantoso_Diabolico;arxun;Burata;CheshireKot;OB_EBOS;CmewNou;Utilizer;smirnovs;Mishael_D;aronya_787;evo_n2o;mmOx;Unnlife;Mapsrok;marmelon;budog58;vladnik26;Nelsson;torin1970;branall;NikitaXD;Sir_Armageddon;Rassaxan;DeViL_Master_Ok;GI2Q8;neAngel_Ok;cJIoHoTano4eK;Adelheid;alphawing;ditaker;zilibob1;Loriens;Prokku;AntonFedchin;daniel121;blamen;KavaiiVampire;Patogen53;Adeptic;sapliak;ukosik;PsyGenka;Pyromaniac;Dorem;Enuki;trezavor;nosapien
herkul;karite_;BoooGaGa;userator;Govard143;zMormo666;aleksandr1111;Persona13;barbarien;Fakel125;Fortescue;Strashilkin;Ashmeleh;Gagozub;Aesone;jaggman;GOR1;streetcat;skimlik;ertpol;HeavyRain;bloodydef;Ruc;bibo55;borntofight;longerbolt;ValeriyKaluga;freddy_hacker;hmmka;DTataV;BlooDyReD;Sabzeroo;funt_liha;FOLKOBAN;OhotnikSPB;Karapet1990;yura77;Sultalin;Mirondy;tracki;Free_Rider;DocBeen;slavajan;rekord11;ZERG1986;shaylin2;corsarchudove;556041;Cat007;poljot1987;Caddy1986;Derevanniy;HunterMan;Skull_X;DarkAvendger;uzinfo;INSTRUCTAG;c4rnage;jonny39;ETiH;romoat;Omelien;vladlip2;megapup;stepaska15;ksarron666;ranil;dima82;luxor1987;pustosh;irvinrus;Armanchecstalon;Nikkey;nekit88;BATbKA;Valefar;Mishny;tatxan;nbm_pc
eck0
Svin2000
Le0nishe
Manas
Ice_Rock
Progressiveage
Turim
makar54
