Xima14;lavrsss;Navudonohosor;Foreis;2beda;dispen;padovanlelik;Boka;RevengeAngel;mousewar;VaMaG;favorit15;Atomobot;Just_moment;Cheshire_Cat;_batuttt_;Otorgunov;Ordos1;tigriusus;i_65;Lampikard;Snaib;TOLJAN2004;xolodets1;Vladisl;pav052;HANSA;Medinat_Israel;kizzi;wlana;Bukharev;DelastatoR;smalpilot;octa;Bazzilic;Spr;MikroBarsik;ZuuM_2214;Ukrainer;Psyche;oleoleola;bestbroker;Dremlin;_The_Godfather_;timikan;Sensible;Mironicus;ponchik1980;megazz13;Black_Raven;Max8080;opex2;iamsuhov;sPINnINC;status_x;Dolomit;Augur13;San_ya;finder1;Hydroge2;molotoboec20099;Londo_Malari;qwe_ksv;rlv_aBRA;opaque;tolyan_senk;Cherniy_;HH80;bubzi;arma33;dronkir;falzschwert;marino4ka_don;Drunk_Amigo;pipikus;Gemelli84;RAKSHAZ;zana4;M_600;K_A_A;LION2007;DariiXIV;pashavor;user_snow;War2000;wariorre;Volandret;Taryel;derektor1133;zews2005;Ferling;akland;BenTehc;RUSSNICK;vl_v;Ingvard77;Tarian;_PioNeeR_;Grosmen;anastas1256;alesya85;myxomopuwe;sauron101;ilarki;PAMbl4;HellDog;Augusto_Pinochet;Rustik27;Gekkata;Burgyi;VioletDog;uHBaJIug;Kykla_Yura;Sergei28;DragonSfera;Tesser;Wadimius;BSP;SURFLINE;Dirt_fear;roman723;nanajoin;Cuesta;Kris_tall;lissard;hlopak;Dark_Anakin;tisson;Blednoliciy;Amigo0x0;Denbear;Alex432;nofilet;NewWorld;shvec1977;Romanwar;Varlix;056098;Mad_Horhio;Vrednuchka;r1r2r3;trotz;negson;taukelev_a;GoldenWorm;Astrad_Sevinus;Akhinaton;pariskar;Bond_07;Alch2005;_BAHO_;IBA;asd201073;Glazyr;fanDimaBilan;dsoracul;kwakun;Prade;UncleVP;Gross_Master;Osprey3;chumakv;AYMIB;Baksru;ISa_;HRomiK;ClownBobo;strigvald;GeraltII;Nick_II;user812;Geizer_;nut2008;BHY4EK;VDanil;MegaGosha;Helgi_Tornson;paspartu;denis_dok;Podavan;Carateli;KoMno3uTop;shelmu;LG3000;Slonopotamius;vanster;lucifer_OFF;Doktor33;kaktus_5;Faniskas;ZAKI;K3K;_Docent_;pankent;Kos74;VadimTreshhenok;supervolk;fosfor1999;kvis;ZaykaSET;HarRam;blizard_sis;meska;len7;AAS_2005;Batiskaf;kodish;tsl;santerishe;DARK_SHINOBY;Milibusia;Furchtelich;BLuDnIK;UNeron;mikalai_v;CBr_brat;pcb;_MOLODOY_;Nevr13;zoolosur;Voldemarius;FANTOM_1;kolia230;Andy_ok;StarLancer;assapetuhov;Linkrus;Praid;SERMIH;robiw2;Alexei_kor;Sky_EnForcer;Aboltuss;allizunov;SeVaR;SergeyF;ziski;gvozdoder123;Alex_2005;_KPOM_;Narval2;Sevafri;ViNZ;andron32;GnomKozak;kmsTroll;radsh;Evgen2141;vladkomarov;Dumlin;D_vitaly;mi_24;peetbull;pomik2005;makerpeace;falkon777;FateKiller;canada;chupa4u;TKE;Dragon_Fire;woodooas;VaduNik;watson3;xolodets2;insaid3;Erics520;vitalyk78;tom1210;unenezh;paulruss;gr385;Sarkarda;lidialion;BarGlot;boris1989;goldperi;D_warf;NE_yeskela;evg0220;_Bagira_;TheWarLord;Zoldaten;sherbak;oks61;xnopa;Crazy_biteks;Shao_Khan;neoIXP;salabim;valik_b;KSUSHACHESS;kivkmw;Spiritrabbit;Armando_12;Evgench;gongarus;Managing;pristig;hardegor;KLyp;abkbys;svinunit;Gavn0bacK;hoNchi;Kysenka;Changes_for_good;TERADON;Armagia;Legailz;Violiator;0ffice7;Ig0r;_Cruiser_;Lynkz;FDM;parm;fed1994;JustPlay;BIPOLAR;Copernic;Boritodog;Methatron;Lord_of_Detruction;Lelik_095;HideNeon;yulik555;iphritus;kon_ivan6796;Selfwill;kristi_mg;MrWhisper;Pross;Stychalovec;Aspect;lejja;sheleg3s;Bop_Ha_Bope;UDARrrr;sahek;Ve4eslavi4;burok;SLBE;BiSas;LaTerre;Prikolochka;voleri_moon;VIK20;Ben_Gun;Kuzmin;maskashmaska;tamaga;meltdown;latyna5;tamerlanII;VisMedicatrix;tinishka;OlegT78;JEKA212;Rhianon;RPM;eKoll;Zeus_S_Olimpa;MAGAS_06;Mic;Agasferr;BADC0DEh;Luckiflash;GloomlySeth;Lidyxa;LordDanmer;kzmk;9l3bl4HuK;US_r;Le_Gran;abs19771;iskdir;Mamay;Alexander81;aeca;BOEVIK_KUB;APOHAP;Fantom82;AntoLLIka;D_i_d_a;cdi;2111omar;Lineus;ufnm1;swqa;Dantist13;SpaceBizon;Mandelai;AndrBriz;andrewka_ch;BARMAN123;T0Pdog;usch83;Cruiser57;zergs_sk;Daenlo;demon_ajax;IIIYHIH;n0rdik;igor_777;acronix;Diavolo666;atamas;koka1978;Geri3;Maim72;lordvsehzemel;YukaChai;KIT;kadovik;mikrostov;anjak;Filosof82;nuy;Raven12;nuu;kedzo;dmianatolevich;bova199;zloy_mag;AmiiR;Wolf1313;razrus;SANCHOUSS;c_b_rsashko;soloveii;natuljasta1;pumo;costano;4124;strilok335;Djim77;voloch78;Dimetriys;mig1079;Serg548;Klikushutka;Gerald_iz_rivii3;Quorthon;ns_lsb;FlintStone;dimahost;maxsolod;Unit3;Lord_Readl;kyk37;_hAOS_;ZeRATuL1901;Pest007;kolirts;vitalys11;Q21;HerMaior2;Galinochka;Wildd;WERpo;lasi;vaselyok;bah2005;BEHEPA;vanekmursh;Assist;zaharovei;tengriumai;HWoTer;Shinasale;Dagger_1;igshahin;nata67;Sp3ctr;piraa;HangLoose;alexagfv;CdAlex;narkommax;Kenny_McCormick;AZO;DartSidius;avalsuper;Karibo;BATYRHAN;SilverEagle;GRAV1Capa;SLIDER_TM;AngelFantom;CapBlack;Rudini;Vilor;Arthur22;Akinka;cl0n;dokuchai;Korrelyator;Arven_1;komarik123;porvandr;The_Punisher;popolzen06;GoriK2112;Galsakh;Pauls1000;Drishenok;Turkababa;sanyapro96;Teyssi;RWorld1;AntiMinus;Goryshko;icewind666;snayperillo;ExLord;Brodaga;Colbasin;Puzirkin;Alienora;nevigen;clubexe;_makc_;Slava_vf;_BARMALEI_;Encephalon;MiKhA_AZ;Shtaketishe;Shiiva;sergei223;valenkovoz;_Volk_;EvilBarabashka;Dark_Bes;ivan74;Zuheben;akimen;zukmsk;SaintAngel;chamsu;GorAndre;Segen_v_Miluime;mr_black;Edelvais;per4ilo;Mifistia;PRZR;Lenusichka;V1t_Krivbass;Tuxedo_Mask;AndrewsAnswer;kain_7;DrSEM;fbfly;Saracinus;McBot;StarHunter;arvivil;irma77;F_A_N;Frizerdom;_baldur_;gor1517;Pavel_kpi;capitansumy;Juicer;Restruktor;Siriusbug;vabadabadoo;Whiperer;Rom_zess;DeadGoblin;Sergio808;SDRQ;bakka24;demension;favorit08;allksejj;2d_monah;esqwerdo;Inna2010;cferka;nemezida82;NeBydi;chikden;MuaDipus;AndyZorg;julia2583;nikolsem;sts121;Divanovich;Dikaya_Orhideya;XPOMOCOMA;Dimka2424;pasan_1;Pulet;JDI;avgustin80;ramasanta;Akril;teepok;_Shaman;Glebber;Ecomo;Ari_Man;direangel;Safm;242ORB;Oriloun;vvvvvvvvvv1;spaider22;Wakf;Barkys;amenist;criticalmistake;_ASTERICS_;tiks07;Tormgor;D_i_e_s_e_L;Zaplutavshiy;Nik2007;TOM4S;aleks222134;R_Killer;Blood_Silencer;Marshak25;villum;Horner;DrakonXIII;MoonScorpio;justa;DIEGO54;Tabletko;Rekrut333;herz123;Barsellius;kunya;Zelenaya8;dirhammer;Domaiz;vladqwerty1;Wolf_of_Odin;a3at;Crash_777;Irakly;RAZUM2000;iomega;wield;YASEMIN;WhiteRat;Trance_goa;gifft;Bizon1979;victor98;OldRedvirus;iwsh;Merzus;pElot;vladLev;danhan;dscezar;edileo2009;Oleksadovbush;trifonce;dronder;mdkChaos;Shurikwar;AflameHeart;Jarodus;BrotherOfDeath;Dantalas;artist2;brain4you;zleo66;in_out;cdochita;afa_ll;Eug01;mr_STARper;Miaal;Chronon;Azart2004;kt987410;TARAN777;Buffy96;musso01;Razzielll;Triptophan;Hvitaliy;ilden;hornet;GukovR;Cingston;dest_lid;zic05;nliox;faimai;Gadskiy_papa;mif_ugra;AZY;Avir;baddron;Radostin76;pafnut_1;Monster;Landin;pakemon07;axbap;Nnordy;gidr0s;bigbull03;RODINdeARNO;IJOP;Trust_Me;Jakobo;misteranl;tpso;Turoxid;Skyle;arander;pticalovkach_716;Alexovershoes;Grudik;akbars;rossotel;Mor_God;LeeDwin;jorgen;Barbie_Doll;KEVin_Virs;pcv77;Heckfy1982;KrichBAC
SensaUno;Vaago;aserr;Konig;unisat;serlili;RoomWoodpecker;_Fordik_;Vedmed_2007;Push_Ok;Kakach;terraformator;gurgen21;DAZO;272086612;Sam_Gold;Blastterror;Elina30;kuzichlin;Lokotof;yojek;draco666;Askanio;Sibarok;lheu4;guriton;konstfntin;asket3103;supersota;syfiy;crimp23;intcorp;ybilinegroff;grecki;Quper;serega971;Ex_Melon;arhiepiscop;Russian_Amazonka;kontorshik2009;Sawoda;rypon;vladimirlevchenk;caVVen;Jerald;ssaann;abrekos666;tdv204;petrichenco;rjcnhjvby;AlexHaz;overloadmax;Rusachek;Iegion;YaceK;podorvikolbasku;koluxan;t_grigore;TurboAndroid;neoleg;demchenko2611;elhar_kesser;MrManson;TembrVC;_Romzes_;nh777;cittenn;Johnny_Sid;diw_perm;Layard;Argazmatron;Rapper777;Shrek2015;ImafiozoI;tatsestr1;Onoqur;nillcontent;satos;motya77;drakon100776;xxx_77;Phantom77;provincija;Anatoli_Petrovich;semsestr;JLndd;artemimarat;nuBac;tv73;shd13_;Alexture;SammLight;wowa7;lord0;molot3000;gramm100;Ellund;Mourner;Hades_;boaxei;Graf_intima;vicccviccc;sfera_me4t;baubrr;Karmoponizhatel;Regisio;IIIun;IvanKA_BY;ASVShade;LeoFH;aivamar;yasen;Chubakka;ZoyAKa;titanstrong444;Arktos;SirbuV;Woland_D;green_lacerta;SUPERGUS;VitalyX;rita1966;COKPYIIIUTEJIb;wrs;Paltcev;ksplus;vomihal;Sam_FD;snoopy_s;neruski;JIeBaK;SorglosEngel;questionbig;Indica;Ccucumber;ZloyFenix;A_Celentano;Dokk5;Arcivi;poiuypo;Voltdveller;Npretorius;nuker2000;irine;Quistis;Max2k;RadioVideo;kren_vamm;grbr;MrZet;De_Jeavue;artserg;Cepera_001;terra_l;Raddy;gevgeniy;Primery;Zytz;otselnik;Zilog;skywitch;Fill1908;BlackHorseman;MGN;mabold;kvb80;Aleks_Freeman;milaska;Prometey_True;Botankin;Qazedc;Hiro_Nakamura;korleon;igrasfera;mad_berserker;Warrkan;kukers;romanoks;skymuker;Stiko;Yakov2008;zaqwerw;pavel117;Olezhka11;DaerTawar;Zax112;stasshi;nokia89;nn_pnv;vio777;Buccaneer13;BFalcon;A_nti_P;Hehelf;Alexey710;spurt;3yJIuH;78ikar;tamaralove;VozDyx;Pirelli;behappy2008;YuriyCh;Warrior703;lio58;Wittt;20121965;Vin4ester;808333;Mindar;qastro;polimk;Mmv1;haos76;GrafChe;Dzentei;EneJlenC;Eutanaser;XmmX;DonAlonzo;tetyaasya;Barakuda455;strannik2000;Mual;sma75;Casho;lemynara;konopatyi;Robinson;Mafiy7;Erato;pavbor;Hell_Hound;pilot454;ig62;gf5h6;vitovt;yuiop5655;warangel;vasecheggg;airstamp;gawiw;_PartizankA_;mfarik;Vadyuxa;gobblinn;kamikadze108;barterb;whatze_phaq;reierk;Andy_Panda;mechowoi;krasnoturinsk;alexxy;skobatr;wwww37;Fire_Dragon_111;VVIIKK;IIacmyx;BaseBel;ghjk2011;Ursuladog;musorosbornik;Solomus;CrimeaWolf;KOHTPAKTHbIk;7536;DmAn;wirton;vvborodin;chebulduk;kettybree;Amazonka87;BOP_BOP;JJTT_Master;ApostolVS;AVADONX;urano;ivalnick;MerlKori;Deconstructor;Destructed;Gilmorring;Elada;nenep;vvm4;Solbi;f01001;togwar;Zoric;Borodatiy177;westfal;Abaddondelex;Din0;Neofit2006;BierBrauer;doc_by;CeMb;RUMACTEP;AncientWorrior;R_U_S_I_K;wildpussycat;AntiFanT;ZloyGeolog;Serafim35;Chrom1;kodex333;Ding;Zelle;MooNDevilS;townN;bugor;Yuli23;Svepol;BUGATTI_MART;PANDASPHERE;MrPapa;al_bandy;Nevergreen;gjtpl;romancziv;stetsulya;DDD75;Intelegent7771;pasha_BFG;sasha010788;xagis;hin_jr;varvar007;dr_earl;cucushka;Garrka;As171;raptorsss;nettoo;microCosmos;Sicilianec;BESSY;mazdau;OOOps_OOOps;MTU;sidvk;zoloto5;Persid;AndrewPchelintsev;Rek13;30_Om_30;DarknessOrk;elipss;Segal;Leggg;alx_12;AlexJSpecnaz;WB999;dilissa;Lumumber;cherrylady;admin13;Trevor_Kidd;mdeagle;NewPatriot;Druggur;Despite;Thrown;AlexGLN;Troller;psychogamer;knekt;urhon;SVZ;freemOK;COOLUR;RASHOL;titansla;Hasasnor;WorIg;Prezident_EAO;iluzij;karma_05;EOZERG_BFG;Leonya;kosmopolit;Starwoker;Tsaryok;Mickm;DEBCHENNKA;crazy_horse2008;DigRuz;jordaniko;g_oleg;Killer_IDF;Zelenkoff;yabu3;redrum7;Sidorova;nogarD;General_1;L_and_M_forever;gidromodul;Ivanissimo;welomanin;Azimys;d_kozub;dimasterl;tm1;sunwanderer;9InoH4uk;Arebeka;az43fert;Faruk;DARE_Forever;vitaliy_5;chinganchuk;Xortitsa;Kvon;wlad48ru;Sivuch;7S5S7;Ognakan;bmv005;KOLYFF;MexWars;dfujy;Anniona;john2;n0name116;LumpiPumpi;keks111;Olga105;RustamB;alex_del;slonikms;Veselchak;expresso;domovoika;belkob;Mictian;klon_77;belmon;femida511;gan_jah;neAngel_Ok;RUBIROID;Shadowman86;K0T999;drakon4777;Palik;pnpnick;NAZA10;olyyaa6;K_U_G_U_A_R;homchikv;Suderator;XLYANDER;gutalin49;3axap78;serik11;vierdaagse;djamknacker;Feanor_1;blblblbl;Nataniya;Pigmey1;Zloy_Kaban;Warr74kan;NiceMaster;fsj;zmr16;pbg80;PyaNaYa_KlyuKva;Dj_VMB;wink_9
adba;Vansu;Nik75;Sepuka;Gloss;skam;Dimasik30;alex_II;Green_Zorog;dedushkapro;brodjga;alexbroker;ASkamerman;Mahmed;Bandr;progun71;rikl;Divon;TactiX;Eugene313;abdrapapupa;Star2D;Stenley;maknim;trigger777;_The_Undertaker_;vitaliy75;fetor;jura_sc;lemesh_vika;bio610000;ProTotTip;vitu;Malyi;VAMPIRS;lukic;belts;A_Bil;Martynes;MegaRock;SmallNightmare;psaa;lencik2000;d_oreh3;tram2;pushok_lapushok;pretty__;red_mavr;LIVEFREE_DIERESPECT;Anton42;guligo;ASEW;mrazzz;Vitaliyc;nikmar;Santorio;mhayk09;ElvenKnight;Mapis;kronjev;Komunist_Lenin;AnDimentij;VadiKK;StDrongo;ToniKukoc;shumaii;Super_Boss;Den1ss;VaniliNkiN;Don542;palis;ZOTOV;Zyi;SHD;gugu75;Mubo;magobi;frachtzahler;LordSatan;mi1473;Kempes;BakersDozen;BRUT79;sheisright;HLO;radik_dm;Yokel;tiktaki;pettka;Jin83;vladislavich5555;viki77;Mraker;Bayov;Hrundelek;nort4;lyda;Arar001;InerT;dimakyl;krugger1;Nak0;oleg_k;HeshBala;Solaris13;figo_ai;vl_sith;Malenjkui;Novokhudanossor;oktober;K_o_n_d_u_k_t_o_r;Svolik;tamis;Iris6529;Vasilich222;tiki_tak;AlenaGamer;StalkersShade;Dowmntime;Blantman;homado;Delikates;shurlerus;NikolasX;SanyL;stacker;vasilek2;OldCat;natanel55;i999;Gremla;Alexeyas;igoresha20;METALL2008;boox;sergVIP;BOMG666;77andreym;nook21;Noiret;Decrepit;pavluxa2;ILIA2000;SSPARTANECC;nioman;Schik;mmpmip;Traf;stiks1;Gretthen;kenkra;bloker_14;Dunkers;nifigasibenick;antisrg;Gutcul;KtO_TaM;SerGant;Razdobreev;Skrab;TotoKutugno;StepanRazin;Azarov;Myth911;solomon41;anna61;Mol4anie
Farting;Lud_Mila;Stibium;_GM_;Zerotool;Juurka;RD2D;Antigrenok;Master_of_souls;_Terracot_;OYMA;Zloy_Pahan;angel_KPOXA;pokemonX;Xorpulus;autosoft1;PinakoladA;l_ZERRO_l;Daine;Dendnepr;krk72;mari1988;smoukis;TYAHY4KA;oxi13;__T__;_renDom__;ignors;Gop__Stop;barbus_2004;Jeen2005;gjuyt;Jagupop;LvVS;Leevoth;augur;SUPERSHTORMER;greygendalf;ath1ete;JohnnyMnemonic;Greebnick;susaninsv;Trils;suph;Hakkon;Liks41;krot_enot;codesh;Andrey_SnAkE;denistaenchuck;Lussia;zenith1111;kolinz;mework;nata135;ball1;npu3bIBHuk;Tigra5547;million09;kamr;mir4u;bataleon;viktoreg;Fatemaster;Imanta;vtar1;frost10;vogak2010;erier;Chii;BesSoloV;Uhul;Milansir;kobx;yurymeshkovsky;IStrok;divine7782;varankom;mr_V;l_ZERR0_l;1as;hosaen;QTF;Aleiiika;mihaelzub;lekomcev1975;DAN_VA;x_Key_Dach_x;AivengoBill;Svin2000;Ivanauskas;Virsaitis;LANCELOT1;fantic;vestem;TSTST;LexxKillerDS;Loich;engenertv;BISCO;MSLION;artunik;Dilya_SD;papikserg;kotabus;Crazybadboy;Booltasaur;MiMiDom;AN_TON;givashke;rattxxx;DebianLinux;xzeroqoolx;asd645;zuravl;Kronuss;Avova;Galar;SanchoPanso;minay;New73;uhtr;Maloy1992;ReaLine;Satanika;sav497;bilirubin;Villion;gavchik;PRIVatizator;Progressiveage;TucKan_new;Luks;tension;Blak_Jak;Aikon_jo;InfernoKiller;Wscor;avz71;neon777;Mad_Wolverine;lizardlp;Psyhodrug;NG33x;Rompeprop;Elektroslesar;mirotvorec23;kristel
T3471;drdrdr;Dase333;McWeS;Grubastuk;SlastenaN;waterdemon;Nanocrystalcorp;bibded;DSMonitoring;Mihaildov;papaje;rendom_;Annabellru;artimassar;Lider17;vandal76rus;Virgos;Banifacyu;Slavik311;Dank0;zazszxc;dimaffr;igrik241;AnnitaMult;KirillP;Termitall;bambula88;Slava_fv;Enzo;PAPAND_THE_MIGHTY;Timorfeus;Dizo88;Sezostris;DoKToR01;NA2;Elmon104;fdhgdjsfg;Gvorin;ZNASA;nik020286;sp_stalker;jplus;king1996;Virtual3000;ArtemG;logarto;shavel5;amalika;AntonFedchin;dimman;Andrey312A;the_unfogiven;hudenkei;SAV81;Tr0r;ZloiKakaha;garik1221;Vladik;Rollty;MrSmit96;misha277;wolkodaw32;moskownyy;FausT13;Jin6;ilol112;_KingeR_;marehuano;Pavlo2;Necris88;oleg345678910;onsmith;Darth_Reservoir;STALKER82;legionre;asasineras;mjfgto;dinara_z;v031099;vhyp9u;MegaQ;vetall3333333333;ac220;konsollll;fakn;Podzemelye;___Papand___;KycTaPHuK;ezgard_152;vanya232;wwwmoly;taratusik;Tkach1977;DraGneR;domcrat;vovan200;MrSeregal;1234re;hdhdi;24157;pensioner1917;zik444;dizz04;ldzutte;kenshinsama;chebor2;Z08;Overheat;Markach;kyaroslav2002;Nyrok111;oniko6221;OTEC_VAWU_MATb;sania321321321;tatouzov;artyomik99;lLightSoul;MDMDMD;Razorpain;Vit_Illi4;pro100makc;jimkaz;NewDew;ASSASIN_DG;drakonramil;kostyantin;malakhov26;SLY78;farmerama;PrislugaXXXX;germanick;Makic;bankai;VKZi;Swapper;Bloody_Oracle;zqd;frigate_super;Maru_007
Botmaster;mazolina;voronice;pikcher;cepera010;FigFam;Shay;U_N_D_E_R;dimka_3;Ariakas;minato;drummer_vzik;ioryi;shyverovasv;1Kadyr;FOE100;6irins;CIHLID;Alexander1976;qkolegua;Shevy;DogPsolao;DOLEGV;malval1971_730;prismo_med;nn1234;Lukast;argon161;evgenij22;cash22;samadur;Vongmaers;__SITH__;CakpaMEHTo;xXxRAWENxXx;Gines;abvipan1;mr_molotok;Jane_Alba;Stooper;NeR;Dina74;GIHS;Probotektor;liensoed;mr_utyg;Vedaz;benalmadena;YN12;wistos777;Alehanua;Bambi;martash;4atloman;Lev_Sha;voydan;drpit;Warrioriss;Gmen9696;Nimfa1988;Darlene;rockbear;Pochtovik;gafster_904;Acid_Rain79;ivanharlanov;Alykar;TEROMAX;0lo_lo;rustymattok;bo2
petrovich1972;filnord;MAKOVA;kojkjv;mexanik197213;overwhlmerr;Negodjay;Ksandrik;Volcharo;XvalodiaX;sanjok27;mjoy73;MABEFAS;BAS007;dardemons;Queter;lihach1986;Vcentr;Fray77;Rakushka32;mishanyyyyy;Rifone;avaldus;MaestroGaD;itergalinskaya;HAMIS;228grob;yida;skvo9;lesha04;dtasca;ashtar7;SSpieleRR;marklevant;boudi;JIECTAT;Maugis;Librium;BrFoxx;DevilDark;I_KEA;david76ra;arbyz47;Hamlo666;perchikov00;frankinstejn666
mirsanbelbek;KJIuH;Hatreth;vladlorte;SIIaPT;winamp039;nicotinlex;psix2033;Annita;4EPT_uk;MozgWares;PinkiePie;autopart;Shtoltz;Bulgari07;banans_333;freedpool;NG33x_team;Maskarat;Starcros;Method123;zveroboy71;Sovenok1;markant;5126;Dark_Claw;Barret68;_IV_;rav__war;Kabby;vecis42;rka1999;Elminester
siroliver;Gunga;suplik;MIKARON;hedgamahog;G_R_O_U_N_D;Mushikana;Kelani;rokier;allinone;Belka0822;raind;Cancerdok;SyberiaKIN;Gryzovik;Colonel329;l_ZERO_l;kpuBeDKo;Interponyo;Nov2006;warlord25;koleg02;tamagotchi2009;zorkiyglaz
bpffng;medik952;Mishael_D;Xroftsh;klepikovalex;shnyak;Alex1236;AsBloodRunsBlack;revash1;besarion1966;Friagn;dumai;Lesha1597;maximelan;Antist;SacredPhoenix;Lala_Zor;zero_1992
Botar666;Garielum;Gloomey;WEnDi;polika;PIRAMIDAAA;kostya_k;kot21;RZV09;22voron22;SvetZil;otmena2;magnuss;romzes_27;Mr_Y;Osel_i_Skyns;myasnikoff
MIEM;CNS_XeRoBoEc;100ronnik;Pashunya14;FuckU9;TequilaMAN;Kpd19940000
aleksys;fifetka;Teika;Mizantropka;Queer;lelj05
Armorer;viromax;koss1;t007
zver_s_yuga;Dj_NAIL;dog200;Beelzeboss69
KARA6AS;El_Murena;Sedoy_;arhi_v
Khaya;Dimoka;rasnikv;Sparkless
strike696;warrior777;malakal;samson88
Vercus;shlyap;LIFTERs
Rhal;yurahm;Valvikt
is1n;alekgrass;LordOfBalance
Pan4es;pandahrenolog1;dada
Korssar;atomka;Onyx1
Freeway1;MulderX;dorik
perserg;Slavik313;MaDRoL
mixaa;Karpender;Koenigs_Tiger
HETOT;AlexandrHV
Aleks75;EKCIIEPIMEHTATOP
Futbolist;E_ug_E
ORggg;Colt943
Alecslich;returnee
Ice_Rock;Requiem
kanash;maykopanet
gogotan;gopak37
konstantin666
Barbidol
XPEH_Poison
TANKER
Dman1987
Za_Maskaeva
Ded5555
HellLioN
ss1988
VovanKaban
dekabrys
khnp
AtomMan
Dargaard
shaxist
hapa555
Cheebus
SkifAkinakBabai
Valid
Flying_sandals
LORDTATJ
OPUSTOSHITEL
grifter
pahan25
Chopin
Korushka
hunterzzz
HYGE
vicvalpol
FliesKiller
Tropar
Zemliak
Karamazoff
hvi
bokapor
Conquer
kolchuga
Demerest
serg197474
Silvez
pitonkrym
Spinnovich
KMJV
Pan_Predator
Alexandrius1
Kisik1
Sea4er
visorre
husen
Reptiloid
Kamikaze_FPA
PeterKriz
Awful_Cold
swartalf
Elenfird
ATOH
Inkv
Kayman_
M_A_V_E_R_I_C_K
Double___Vazilin
mightowl
Shveik
Nordling666
keeper76
koba007
V_E_D_U_N
AlexyBond
Mozka
namibius
oger
Solimr_Vali_Barad
Neved
