krigsmarine;6547788;Kingun;stepanko1;Jekatd;124757474852;ArchaicDefender;aisidora;Spock;kolysto;roma02021989;Volc22;boroda71rub;donirur;dreadful;CyPeH;narminator;qpxFESTUxqp;BlackMind;assassin1289;vasya22;Ramonezz;viktor066;aaa5721;dfvdf;pqpaq;BlackVizier;WARgeN;kamila12;StasRV;TIRATORE;cergeu2011;anton501;den240281;Super8;silverbee;Anubis21;sashakiller33;PushEV;seta11121978;ALLEGATR;Argossal;SIDMORT;artyom310;dnb444;diesel609;eybutm;anchik89;kramunys;KRASHTER;costya;denis81;heltin;guskonikita;rejina;slava001;Killhfnter;Volk_E;rthz545;crossfare;Sanchellos;Linv;Abai303;kaspwip;kwnwwod;predo;kvinto99;human2000;seshka;Smertokriil;aspectom;zaxzax;NodanRU;MONSTERKILER;DmitryKhomitchuk;Winamper;bot_13;Arabella;NFD;lbyfvj;AnOoBiSss;Pianerik;BOBko;ghifro;Aerona;Robotmac;a_angela1988;andre999;arghonich;bume28;Catgun;m666;banga;aciruk;knaz1991;777Blad777;Viper1;lomm;baggio69;madhunter13;nikita31;Erap;nikitochec;Britva2009;chbgfhffdsg;sany_813;Kapernik;kiril1325;ZIP111;faust45;habor;Vergeney;betta1;SergeyS75;kol011235;hudeyjas;Allorna;alecse;NAIT;gummers;fasterdnb;vova181;maksimusment02;mustafar;faraon10000;brokelmanov;buratino2011;InFlames;Hebernot;Slash888;dimoris;Zergoot;demian46;Nic0;Up87;kullerr00;22erty;prototype24;KOt661;BROK;dinotopli;dDenimb;Shraybikus;irinan07;malinna_zm;Kirsans2;sasha5556662;ZAZU;SuperBERSERKER;drovasi;Joshik;Galats;orusbekova93;MrG94;maxkot87;CosmoJo;dimanmsu;Burt74;vlad1921;Diego_ramirez;pirun;tuthm2;ydgin1983;Ambrosias;isayka;dirkus;minecrafter;pavel30;hohage;BOBK90;alex995;lkjhgg;1000chertei;ivgapon;Ramzes7474;popovmatvei;PoolShark;alximikrt;TERORIO;dezari;11052000;leoxan;riferd137;dan008;and123;bardoo;vladvish;aladdinast;svet2269;soldatdolga;wedmak56;rodiohins;Puritanin;ura1990;DarkValar;DINOZAVR3;tri4erz;Weepingangel;SabOtuR;kisska2307;DenDeTot;Witaly80;trumpetC;byl61;Ferkis;Nalim82;lfneelpl;Artaniz;Romankonckov;Grifon1998;marat00714;oks22;Roman7043;Loreta333;CrazyBOJIK;noobster;Dinek_KZ;lehiy93;GraGO;LordKoc;Snaiper_001;Barma;iliabin;stivdavis;Frostworm;EmiBow;killive1990;murali;Leizer;brik;vitalii176;SPBOMB;Darkaurum;Nero333;Kristalino;Fatonid;utjhu78;araks4422;Max59rus;ghj4;makc1777;RemNeo;rerreree;Dezember;arturs576;delapro;totktonado1;ALEX7450;OLEG555;swenn;Mrbon;nikila;XdimanX;Askarot;artem_v;svyazist;agent93rus;valentin12;REXONAMEN;bespalovser;tronnnnnn;starec23;riddik123;artisdent;Bromc;wolkosonder;oleg27812;kentrol;rimcius;JaGuARrR4ikk;Cfg;alekzan;nikitosik45;yurko76;ushome1941;dima456;foks85;Perikl;Skiyliyne;sss555;vazilin;giffon;neo_n;karolito;Shanxaec;SunFade;Mercenaries;qwerty_1977;HEKTAP;SASHA50;jetech;vasyaya;1234sasha4321;_nattanfrey_;0286;warl0ck2008;Pozitron;gushin06;greben;JIVEC;niskita008;GyGy;red45;volshebnik31;sharkcool;Ta6bl4;GREMBURG59rus;obychnyichel;KADRoid;266666665;16091975;dgNastya;Steel_Lion;yura_immortal;kalash918;sezyk;liteyshik;eduardverzlov;cozhin;BROKER7;zigmund332;Arestey;Cubawa;jkjfgfg;huhrik2011;olegakimov54;fkxtvbcn;sportak1;Trayton;madmedik;FBI951;CONEVAL;shmul;tusao;MINOR_;SuperMax;Vadimka1ka;sssr126;Torvald_Nord;Simplejke;ushakofff;dei40;Mykhael;gerosssss;Artemboom;GOLCHIK;varron;Dimano09;genius09;Mirag70;sapsan5;ASX;suyhisd;321dsd;levaa17;vikby;fenixblack;Specnaz2120;gelos7119;mihachipkov;PNX;Zaruba;1962472;Anaqan;gordeev275012;vanovoroneg;CRYSISS;Nikolaparovoz;sekasergeyseka;DarkWint;fkvlt;n141987;sultan4ik;RASTRAS;FL0P;nevolyshechka;suslov;REXONAMEN7;rasengan;Darkhuntshan;stjopa22;KennY1DeatH;RIFARD;zogo;kirill09;Maks_Anik;Toru;M_Christya;sergey1998_555;Alekasan;Golam;hellraiser;vikvikvik;Aleksis11;NahaRaha962;hfh;dante800;lill;Khalissy;kotyazin;serginick;klanz1997;Maxusim;parsus;lionhead;stalker19772008;Falcorn;xKAbuTOx;CeRdCeDKa;asakyra90;polivod;zaxzaxs;LordPioneR;GODZlLLA;1sergej;Trion666;ckream003;Derevnya;dvs007;20grigorenko20;Erdan;orin2012;disa13131313;muxolov;asqwera;bepkyt2000;Gromoboi15ss;LaCross;blackwood141;pupsik10322;Simpson_H;KeParis;Vasyanach;Ratio;OXIMINION;zlodei83;egor1888;JohnKiss;nitup;slashkaua;mun5;devilmaydie1;DANGER67;toxa1602;ivanivan00;dyachukigor;Zombie646;Sub163;211;hero220011;kade;peha84;kaoor;mel3300;Lamelia;Zest01;Rezandr1;naemik325;Bochok;dimaaaaaa;katebrunette;lesha772;parapa;alexandr94;leoxanin;Klon_z;keylogger;dimasukrushev;vuvuy;mexekanez;Stervets;Pehon;1ken96;Alex_Croft;NerzulForces;_Katran_;NuaFyn;Vunder;mihason;tvoya_AniKA;dorokhov;utyf90utyf;aleksandroya;evgen01_84;zverolov;ferondo;DarYa;380964326493;HappyRandom;WebSnake;shamuratov;Karrra;kyrbaka1990;Vadya159RUS;LEXA7654;ytuhjd;MIXAmag;DEATHMEN;Titbit;danil12199;egordrago;anvarsa;pahan109;danzel2001;volohh;20002011;arkan99;eFFecT;Arbitrator;zaurbek;Anton32;666marko;lehaden;drozdofil143;stasayn;PATRICIY;kazancealeksandr;Legolil;Age;AlanTLT;gogos001;dach_gamer;StariPerdyn;droyz;hjvfy;elisa97;Max21091996;sasha7004;As123;kev;mastrenkov2008;Fagus;shuric;koliya;vlad520;andreww;noonan;diletant;CKA3KA;VOVIK80;aleks73;serg22081977;marklevant;cingiz8;Spacer346;Raul13;samplegko;Danilauskas;Sano14;Aalia;HelixDragonoid;CTAC29;vesferm;Tagil;maxcrow;CHEMBERS;RKMASTER;daniel007007;boland;wFristeRw;FpaHcy3;Norton63;appolonn;donetsking;Fantom2079;vvulf2011;Mezmerin;Mapoy;gonzaa;tornadinio;xau;ZeRgIUs;NECRO71;Therrey;volkonss;Lemonacs;TsubasaMi;Starfall17;kostja07;Ckarabey;mutabor278;Fylhtq555;209087;andrey88;_ShlepoK_;nehto19;leftdead;Genzel89;ZzzerG;shtefanovi;alnik2720;LaRcHiK;denik77;ZigVarxaid;sergeyvahr;OnePiece;balgaas;sanya_sed;Selfish;caha999;AndreyLi;virtuozas;Aslanbeg;Njarlatotep;Rochelle;MihaSamara;_Green_;InkenT;Flakoson;feuerlotos;exilcccp;dim0nikus;Sylver;wrewrew;Vovabeca;danngerdan;Zlobaa;Oddys;pauthii;valera8177;pasic;sterling;Smers34;fugas777;aferon;kitty13;mizaa;Sarracenia;moko;termoboris;lelj9995;kukk733;dodzh;mufas;DEviLlll;smait97;jooz;leha33pro;jinwar;sannyboy163;Adzel;shnurik;artorius14;winner_111;Nekomimi;dgon666;faga;kozancevat;karkasov;chudilo;IVANGER;Ket87;zx001;zagarcheg;FENIX29;tulen;LasTik007;Zaratustra1;azulus;Fearik;FunGame;Mr_Germes;mio2;ForWARd_s;ValerVp;Hakypu;lst213;Spread88;reftik;gmb;slavaslava1999;kcibark;UIN;tolan98;5sajmon;x6x6x6x;alladin1983;bnd;199198;Bartezz;kthf;UrfinDzhus;sinerus88;killeromaks;Eia;jjuuju;Any69;maxplo;Skaiper;WildChild;Takeda;Hugges;loooool;georgeq;AlfaDog;DAGER05;Shinyaev;wbf;Morrokyn;artem20052005;olegdok;nikitapolt;rtwfkmrjfnkm1;ivak;Busov;Destiny_Hero;aricksin;K_V_A_D_R_A;hyneji;CJRJK01;fuckkkkkk;Resistance;Immolatus;Krasavcheg;vano8080;ZloyZak;jepao1998;Makcim1244;nikitanka;gospoja06;veti1998;Sanc;fiftifive;AzaZema;SASHA9821;UDAF;tima23;kill23;warcraft98;vadders;aidar19;Manoroh;hunterof23;Ozy;ssss1111;MaestroTV;Romka527;PAWOK;schsindrom;YSAMABENLADEN;denli97;dikabrazik;seragl139;PUSTOTA;Ruslan444223;kinder006;MoneySQ;stas260302;kamanin;djasper;1245698;denissimo16;WladZ;Strateg88;rod283283;xSHNAPSx;kosteglod;UoPilot;zarina201233;TheOleg;kemran26;wolc;den141002;zhbr29572;Kiriilll;Valdagor;Festival;spiller01;sujhan;incone;chaosit;vladdddosik;divona;maklar;Pb_u;SVOI;chuper07;isr7;ArcGurrenLagann;Iris001;Andry2003;Tur77;Ziderld;angel2012;berdnikovsa;Storona;gbodga;84991982691;79520298471;VonDorn;bambu4i;Pavlin;snyder;Kuzymaki;armagedon2007;denys1321;serega58;dyherak;Kiri3;JimmiWest;suhopliev72;perets;JoJO_9;Valter;tvisterok;Reapers;yhyjytjtyj;artur009999;blondin1984;White_Mit9l;stalkeruga;gatyz;DaoKakao;ogliki;DarkGhost666;Golovorez13;mentyra;cronfy;Logion;vinnikovn;xarek;dandex;Givi2012;wirowulf;NAGIBATOR666;bvgjt;Emfast;Bozhyk;alexwin1;xxxHOUKxxxx;Lineholt;1a1s1d;topate;WightKnight;st_lucka;samatron;colohunter;DIMA90765;renjiaero;renik;sunnykitten2;Mih66;leex;sonatochka1;Putnik2836;tsar45;Darm;DeNTer;exviper;AZER8692;ujgghjrc;Avadog;pepitos;Legionys;dvb87;minitank;Lomol;rsvsergey;Rokeroman;madkorish;SOAD2106;Volnogorsk;Ruslan25;cergnoxrin;lusiliu;Price;Rita67;PLAF;cwarnoi;WonderIce;GTeR;Croatoan;davidbakaleynik1998;alexvh;Egor2802;Skate;Artem198989;talismanoff;lokei
vezelvul2;Darckgodx;KleineKrokodil;wwl911;distortion;KorvinP;test1111;loliPedoKun;azarro627;VladikBoik;zhenja_kgd;Novellino;Zuulluus;Alien3;Flout;Bury;vaz21047;lost_k;PSIMM;geroldin1964;alex220174;Hidra_rTj;HYMM;karatell1;ZELLO;bbuucchhaa;draiver;Are;sergaaa;tyxwn;fv1144;toxa1241;lexa22s;fsuomi1;Noisia;tarantulMF;elidos;666aptom999;Sniff;ReyMysterio;belozerskaya;MANGUS;LEONID20;ACCA1;vitus78;alxan;Varvar_;Gamble;pashkin;RUPLERz;Lavrentij;oma;mauricio;PanteraKL;Gilgamesh;pensioner72;sorokin119;dag83;Aversis;LordAlucard;stmaxst;111veser;nikollai;straga;mikyy;vitrag;crover;Smith_lara;milaska;zorge;zoloto2;transnn;rodikant;OliverNight;liveandlearn;ryzhsergejj;hroerk;VIK_20;Nomar;romanandru;kuraneclan;airi;prostolion;kozacok_2;Cummins;John_Dragon;evgentino;Beliar_MS;_Moron_;amorfia;kiiss81;konan_varvar;dargo;stas1230;gendelf67;KZB;vovanjatka;Triptophan;_Heo_;machinist;tango_7;Angryman;CTPELOK777;uNknownMark;mrak9745;chay;A_Makedonka;akakash;Polerio;kimstar;sav497;Harper_Scout;Irdis;Hunter;uef2;juon85;xxHUNTERxx;demoncon;fanton200911;KOGAN777;EAS1977;fomichenko;Podonok2222;hashvis;SlaF;olegkoz;LmishaA;Gerasim_fa;140475;PonTorez;igusik66;Punya;dada;sansan;xexeylhf;JPS;vfinogeev
rex_s;INSTRUCTAG1;LUBOMIR1974;sk1308;kot985;west21;Mugen;Lexsus111;nivian;WarWiner;Dragon_Keeper;arirgo;Amaltea;kot71;izum110;alanhorn;alecseq;Arkanov;koksik666;IIMMOR;Colony;zezar12;Alitet;Shimaka;Eternum;BORODA7;spiritvos1;vbhjc;MimickryStronghold59;Infiltrator;Master112;MimickryStronghold50;MimickryStronghold51;MimickryStronghold52;MimickryStronghold53;MimickryStronghold54;MimickryStronghold55;glotovkonstantin;Zalupitel;Scion;Nyak;dhuus;st689;offka;Kronos079;tryba5;urgin2002;wayder;zombie007;MimickryStronghold49;MimickryStronghold48;MimickryStronghold43;James_Bond007;MimickryStronghold47;MimickryStronghold46;MimickryStronghold45;Mangafox;alekslit;nimezidaa;neveruncle;Zanty;trollkill;budulasha;witaltec;ShEvA;nonmob3103;viplena605;MimicryStronghold1;MimicryStronghold2;MimicryStronghold6;stalerserega;yanken;yyk;ORO999;shumjuri;aragon1971;kosmoss;EVE_Extrimal;MimickryStronghold44;YosukiSan;MAPKC;maks300030;ZeSide;vintfen;Leomon;agent0;MimickryStronghold58;soranet;nitrog25;JimiHendrix;sagatero;Aladux;DogLao;Asteroid25;YadoloV;vampir117;MimickryStronghold61;MimickryStronghold60;1tur1;MimickryStronghold62;MimickryStronghold56;XePoH;Sneik;kroha71;Redfeek;den1313;Olehka2;solo1328;MimickryStronghold57;gari_malii;CHEBUREK;Sergiy1968;mr_perfect;warloc69;9691
rexston;Vavilon222;nikbrat;Nrjalathotep;Likvidator;Sigrin;pedro1990;maxdima;fosfor1999;toha_killer;Rony;darkiona;sirius_1;Erland;JMC1;maximus89;geraklit;Y2009;vezunchik_I;Annita;vova_chip;virtualboy;NLO_V;sergeypsb;Yesman;EugenAC;igorechek;buginer;Hunta;NHKBN3NTOP;zhy_zhy_;uborschica;Elkora;Slabon;ryslanchik2008;moskva3;Kribs;harius666;4kb;choff;Filonov;ibrova;sour;SEREGA_63;skygirl;RJzzz;AIIR;michadas;freemen77;DIVERSANT4s;Biohazzard;morze333;ultimate1;instaal;RedOmar;strannik100;romahka;malyanovalex;Ftvkun;Nigg;laeda1981;_Lenusichka;sega1980;Yometsukai;tehnolog;corcy;Rerik;Turchik;ellorin;krenbelek;sokol775;LOB111
gsd_r;jekamaster;Uther;korael;Gektorrus;AlexDragon;ultrahacker1;nikson76;lsashka;DirtyCat78;kirill1997;vOICe;Lavrij;asks;valtazar;WERWOLF5011;anri100178;aleksandr666;SunMarin;flast;NewWayfarer;sheddar;vjaerin;Trionix;Gotta;sanyabessmertnii;sargona;Rightman;rulio;Jonny_777;rubra;kon823;Chaplin2011;Alexandersem;dendi90;Maraderihka;AntohA85;genochka7;lrez;ojegin;strelesin;DarkZeal;Fagot99;jekamaster76;Deadrustle
Maymai;19972906;MrSiquel;mtnigor;GadFly;kurod;Nata0790;Morhf;555temik;zanzibar2054;grafarektor;pitmoto;bazzill10;vbnzq12;Keyra;geolog;novocat;wakart;alekspotapenko;Vital82;TheJone;FU_SHU;FROST82;fortockin1;alqumista;RAF79;Accord_plus;kashtanov19651;acdc4098;Nuligen;Dvirus;seregazyev;manych1;NEMO1234;Anarchy;korolewa;htubcnhfwbz25
4312;mikrostov_702;free_man;dartl;Spirit_GL;ivo79;parmalan;diesell;Brethrezen;Zga
fatinya;KRIS100
GRECHKA;vitok
Azzazelo
orbital
Enki
Rostyslav
kapengagen2
Igougowego
neat1ve
Softly
