wolfmaster82;ArchFromDrom;Qadzila;obeziana_000;Indians;shu11er;pariskar;_IIIAMAH_;aleks43210;AlexSot;Allur;xXxRAWENxXx;Amigo0x0;Otorgunov;birel;def__mrc;Vladisl;dedmopoz;pav052;beistand;lehyi;jonglop;Barbidol;Yolka_new;lheu4;Zondaj;Interferoner_;Pretvoritel;niko199;Gosik;ElvenKnight;opex2;Koka_lv;Gines;pipikus;Velisariy;RAKSHAZ;MAKs73;FOXIKspb;ferrgo;jmodam;LEV_LIS;WoolfNight;vladimirlevchenk;VozDyx;Nevr;sergeyka16;vl_v;eviza;riptarik;Alekos;McDin;Rustik27;frosinmug;uHBaJIug;EKCIIEPIMEHTATOP;Mick34;icewind666;KassanStVendetta;galenet;plan16;iskatel;Cuesta;31125015;Dark_Anakin;nofilet;dudaeev;Mad_Horhio;smeshar77;SoulJet;machinist;pedotty;Ulis;Mic;LPM2003;RAV007;provincija;moskvin;Lukast;murtuz99;IIAPAMOH;wowa7;byxo;borisvd;gramm100;lesorub_s;shelmu;Slonopotamius;_Zavulon_;vladimirovich2007;anna61;Dantist13;adam45;Rise_of_Death;redok3;Futbolist;korepan;UdafKAA;prostoguest;Korsar1112;Sendex;SERMIH;stribog13;olegkings;Faberjo;Alex_2005;filchakva;lencik2000;Dokk5;okbr;Viper1;ROVERss;STALKER3000;onesimple;TerraAldina;mbu;mazarussia;Skyle;DailiCaesar;Praid;vitalyk78;Disa911;vivax4;BarGlot;Zhivunchik;skywitch;Katalex;Ist_Gop_Stop;BesSoloV;milaska;nik269;gtrus;KVV621;abkbys;Hiro_Nakamura;TERADON;MBug;Phssthpok;Nerrzool;ESpawnja007;DonAlonzo;zReDz;Drunk_Amigo;sonya270972;rivai;drugininivan;sau2005;lejja;UDARrrr;tengriumai;AndrewsAnswer;latyna5;shmaks007;florit;Mindar;dobr167;Stas862005;gladiftor;iskdir;val789;sma75;Marlboro_ultra;ss1988;lemynara;RODINdeARNO;Alexander_K;rozhik;DARSHAN;VovanKaban;ufnm1;swqa;STEAG;bondar06;totaldeath;Rokkki;zergs_sk;denis_dok;afa_ll;frachtzahler;tolsuper;Ceather;husen;questionbig;lookish;KIT;hecfxrf;Nicole1982;alex_ak;red_mavr;star_ovivan;Tumann;c_b_rsashko;Mamay;OHWIR;strilok335;Chertopodoh;A1Tis;nemo226;psaa;MuKPo6;Black_Glad;Arlandino;kollesnik;Dark_Inquisitor;pokrmon;Cirena;ddiiver;ivalnick;kvaziboss;sspss;ivanrood78;veny;bah_2005;22061999;birryuk;HangLoose;narkommax;Shveik;westfal;avalsuper;bestbroker;_RaceR_;BATYRHAN;dimon6616;Ovip_lokos;jugls;DJABA_2;vitalix;domok;Vasilisk_;stacker;Volandret;LOOSER2010;yomoyo;voa;Brodaga;romancziv;Secor27;Noiret;redmaverick;ura7ura7;Kytyza;952703;Encephalon;hg_hg;timtaller;gr385;barneo;EvilBarabashka;kirden;GorAndre;rjcnhjvby;Zmeeed;Black_Temple;hapa555;Warrioriss;MaxFax;FateNoMore;SergeSLK;anizot;kain_7;solomon41;woddnui;Blondinka_ya;Dimasik30;brodjga;the_dark_killer;APOHAP;Sergey_SS;cherepanv;MadVik;avb96;X_Dimedrol_X;Vladimir_DS;lzot;Cheebus;AlexyBond;MuaDipus;DJINNYA;Kolokolnik;panpan;AmiTar;mazs8;buryjtino;Muskuls;AlphaSp;LaV_is;Akril;Lordin;gan_jah;SkyLite;SlaerART;stesha27;Fobia_K;kenkra;Xokki;LZXVII;Fess48;GENA1109;S0g0S;rusbar;belokrylin1;sania106;prada999;genesinov;Nick_II;7_days;Lyk;Tasman05;iomega;SwwS_Sp;erik82;alex_15;devakor;wlad48ru;dima_14_2010;iwsh;Nak0;breysov;Denis666;belyidim;ComData;IVA60;Oleksadovbush;UnbalanceD;vladimirmvmu;Alexandrius1;bgRoger;expresso;Rusana;GammyXXII;Woolf007;pakemon07;Palit;Palik;Suderator;Xander78;Tatland;RVADAK;Zomba_Inc;o5e2stou;Sergo123;Uchti;Heckfy1982;Dj_VMB
Golden1963;TpaHK;alx_12;Erato;murta;vovanjatka;_O_R_I_O_N_;Reentrant;JIeBaK;QTF;lelikvn;Sergej_Hilt;Trevor_Kidd;Menethil;poccu;Klermon;gavrik32;reBlueTooth;SpiritSpace;chulok;JOHNNNY;filuel;zappa_77;Mahmed;Engelius;Shrek2015;Suny_MAG;BORS1;lazuritIT;OldRedvirus;alex3108;mik559911;CapColonyVoraner;T0Pdog;wrs;Ivanauskas;Gen_Grievous;Vadyuxa;9l3bl4HuK;_Molox_;pyogai;svesla;AgainLedi;Bockpechiy;Vasya6666;emppu;bb1112007;justice15;aivamar;Daine;Oricycle;neruski;American_33;Gilmorring;VADIM666;Belarus2005;tarasdowhan;SkyAngell;Rich_ard;Alexei_kor;AndrewPchelintsev;oxi13;fetol;MAKLAUD_PV;trigger777;DAV79;kroko137;Vkusnya;ColdDragon;Avtoric;wield;SvetaCh;RUSSMD;igordjus;xArGuSx;Rain_man40;Leonya;JF_SANYCH;guriton;almashy;Slaka;konstfntin;asket3103;nettoo;Vla69mir;vicvalpol;abervalg;Mozka;Baymer23;PUHVINNIVINNI;LiLab;guligo;terehusha;nuu;devily;wirton;KALOMBUR;laralara;mibier13;Saruman;pilgrim6;muller_spb;Technik666;Advokat_79;H1tToB1t;Ufns17;SANCHOUSS;Annita;kosolap2009;damur1963;kybrakovsergeinikola;Jego;victor777kor;PUPSIR;weapons;ndl01;helpowik;GenaKrokodil;0dendroid0;LeChef;Djim77;frankds;oleoleola;pitonkrym;Sicilianec;Vladik;FetFrumos1;mishelsh;Bormental_15K;bekser;000Executer000;Likvius;alexxy;DmAn;VragV;nazand;obmorok007;chebulduk;Mnlt;Shurik1964;Mubo;OOOps_OOOps;fkeinf2008;DrakonXIII;ESIN;dimulius;VaMaG;iimolodoyi;Ukitake;satelit5;Grekoff;Ferling;akland;cirka4ello;a_shir;santerishe;Crazy_biteks;Zelenaya8;an26;Dedushko;salabim;rustuk;Dirael;Fisher1967;defarth;talex99;hosaen;PupkinZver;2d_monah;gordonfrimen21;Leto_II;Rada2207;AlexGorby;dedysx;Inkv;YaceK;PR0FESSOR;Slava7;Yadosupp;slgor34;DimDeathMatch;Laodzhan;mvosnik;Ianina;noveshek;HTML2k;Achyto;11011;ROMATO;Danaleks;misa007;Yakov2008;yurhome;Aleiiika;andrey071287;Vurt;Quistis;Dnstuff;in_out;sheddar;Admics;M_A_H_N_O;Veselchak;supersota;DaerTawar;arsen1293;Gorbi_St;SpaceBizon;Glyants;sergey250595;mihhalo;Vadim19;Platonchik;kir1981;STAREC231;Artinez;Phssthpok_1991;Fericl;Wist_FM;Dowmntime;sansta;DimonMillion;timofei454;atzek;Barabashko;glebglebglebglebgleb;konan_volk;morogovi;Hassadar;Mete0R;molotoboec20099;alekgrass;DedHrust;avm72;MiZGuS;_Argo_;Akhinaton;spurt;maksV;Draiv_t;asiryus;behappy2008;Botar666;urodets;rattxxx;gosha7893;SLBE;xaak;gjtpl;fxdes;khnp;belkob;voleri_moon;dio73;Shangrila;drakon100776;kroxa_;svetlanasuper;ssss2010;neAngel_Ok;Svin2000;Intelegent7771;uhtr;indau;1oleg13;Gnomicus;JLndd;V_E_D_U_N;xnopa;Baksru;drakon4777;Johnny_Sid;100100;Jaguarl;SilverHant;Belov84;OMGXaker;D150;Progressiveage;Cadet_L;vadikS;enerpac;filnet;Dastilla;ivan74;Alex777w;DeVinter;SMmoscow;Luks;gutalin49;TALIMAN;unenezh;chamsu;Loriens;Awful_Cold;KSU_KSU;BHY4EK;smelof;SerGant;sidvk;sbit;pop4enko;KissK;Maratelllo;nn_pnv;boets;Papajuck;242ORB;tirapevt;s_krott;Lenusichka;maradonna2021;Triptophan;CFC;mikejulev_888;mitios;mirotvorec23;elipss;SaorDual;Mickm;MexicanoCanalla
DeadMan;alegattor;Vormix;Nevergreen;serj_e;ponchik1980;K0Hb;Koshechka_Nadya;Gadskiy_papa;Koap;blizard_sis;StGOGA;barbus_2004;Corpse123;PEACOCK;Londo_Malari;Mapis;ivan_b;necroz;avgustin80;treloni;PeterKriz;Blondelady;SuperEvgen;AMarine;Silverprim1;mirotvorec131313;SGB;bagfidel;cupec;Rexy;roman308win;stranniks2006;aoe;LehaEm;Vovan0410;sergVIP;DeathAngell;serg72;A_s_m_o_d_e_Y;Sinilga;MrArxi;Seliger;Catamount;ksenoed;_BEK_;SAHMET;Kisik1;metamorf33;nastya1005;Trep;XKOTX;mi1473;Desdicado;MSLION;A_x;seva71;Solitary_Stranger;Tigra5547;Pas_ser;Evasiv
KRTUR;MRSn00py;Dorca_Forbarra;parkasha;zik0107_214;world_diktator;rossotel;1_Mag_1;cyberswarm;jeesus;sunlookred;DEMON555;TKE;Blak_S0uL;Ashtree;FOLKOBAN;Annabellru;madmax25;Austa;slavcik961;IT48;DefJoint;Lightness;Alone25;Luma;Mobed;Kamillla;milla__tina;9_Dima_9;ReckViem;Alexadrew;Gavroh;Bandiit;1937;Kal_El;TERORISTO;sahon1;9999f;Enzo;visorre;Zloy;SCORPION76;sedhj;resadyad;mike3008;Goldmist;vansergen17;roman723;Gadal2011;domanskijjvjacheslav;freakey84;Grafnik;Webz;funt_liha;voron_hallana
DigitalHell;zanoza_v_jope;CrazyPathFinder;TpyJI9IJI9I;destiny123;smallkex2000;slonikopotam;Starcros;VasiliuV;FLL11;BOBK90;Davidoff;Alone21;VladLS;Scood;Free_Rider;Recognized;prostokvashinoo;ZergRush111;crossplayer;kravcovboris;nle2006;cbvtbp1;povod72;TANKER;StudentMIFI2001;Suddenly;anri100178;dada;Komatsu375;Shnumas;xMEGASx;kerafun;Exoterium
kolyacher;Arich;MaxKulkov;xXx_Ivanich;Tipalol;romus34;ilusha7;Psichoz;codesh;vashkevich;AMOHAPA;KTO_TYT;koshelok;savaa123;phx_lizardman;zondau;sanya_kru;Savantis;mrkeramist;yarkobaron;mdkChaos;AntonFedchin;Volga3103;masterritm;aponx;PavelPolunin;Elada;iluzij;MayBacH_DiXi;voraner000
UnNamedPlayer;El_Murena;shooler;smirnovs;susaninsv;knopius;SEQA;anti_psol;STOPKPAH;1stCorsair;Pan4es;Gurd_DS_Sota;niko_samara;kcarbofos;Tiderian;A_Z_Im_Ka
Nikola80;snakers1;stetoskop;a111169;baruga;Leonchert;XaCaH;verdi666;kruchenet;_PAU_;Darkkeks;MAKSunny
lelj05;feliksem
leo200911;mikrostov
Falstaff
Nullifier
ZakopateL
Senghor
kanash
Geralt_Ann
Sergio808
nuBac
BierMeister
kolia230
Katz_Leshiy
Tobago
IIIYHIH
YuriyCh
sav497
JEKA212
12134567890
Ruker
Kamikaze_FPA
Colt943
ASkamerman
Lordie
rka1999
nightDOZA
zleo66
Afinelka
mif_ugra
