Afinelka;nightDOZA;oxi13;Slava7;11011;nettoo;OldRedvirus;FetFrumos1;rattxxx;bb1112007;s_krott;dimulius;Advokat_79;gordonfrimen21;Alex777w;pyogai;MAKLAUD_PV;belkob;Grekoff;Ukitake;KissK;talex99;alx_12;terehusha;kroxa_;RUSSMD;nazand;Reentrant;Klermon;Awful_Cold;drakon100776;Vla69mir;Yadosupp;Rada2207;1oleg13;100100;KALOMBUR;xaak;xnopa;santerishe;igordjus;Glyants;DmAn;smelof;unenezh;AlexGorby;laralara;mitios;American_33;mvosnik;indau;iimolodoyi;KSU_KSU;maradonna2021;Suny_MAG;slgor34;gutalin49;Sicilianec;DrakonXIII;mirotvorec23;JF_SANYCH;Vladik;Gnomicus;weapons;ndl01;MiZGuS;filnet;DedHrust;Gorbi_St;kroko137;guriton;DaerTawar;neruski;PUHVINNIVINNI;JIeBaK;urodets;Menethil;Engelius;helpowik;Jego;Luks;SANCHOUSS;Laodzhan;Achyto;JLndd;Mubo;M_A_H_N_O;vadikS;mishelsh;kybrakovsergeinikola;boets;GenaKrokodil;Trevor_Kidd;HTML2k;asiryus;pilgrim6;Dedushko;salabim;fkeinf2008;dedysx;Djim77;Johnny_Sid;Golden1963;SkyAngell;misa007;242ORB;uhtr;Bormental_15K;mihhalo;Saruman;murta;sergey250595;Vurt;Ferling;SaorDual;Ufns17;Alexei_kor;Aleiiika;Gilmorring;Crazy_biteks;0dendroid0;arsen1293;defarth;reBlueTooth;sbit;Progressiveage;behappy2008;Intelegent7771;Oricycle;morogovi;Belov84;Zelenaya8;Draiv_t;VaMaG;Fericl;svesla;Vadyuxa;an26;gavrik32;OMGXaker;gjtpl;konstfntin;poccu;guligo;Baksru;VragV;AgainLedi;zappa_77;chebulduk;Cadet_L;_O_R_I_O_N_;Yakov2008;ROMATO;rustuk;DimDeathMatch;LiLab;akland;Dastilla;PR0FESSOR;enerpac;maksV;Mete0R;Artinez;vovanjatka;muller_spb;molotoboec20099;SMmoscow;Shangrila;satelit5;pitonkrym;Mozka;konan_volk;Wist_FM;yurhome;hosaen;khnp;Hassadar;Platonchik;ZakopateL;alekgrass;SilverHant;SLBE;2d_monah;Barabashko;drakon4777;avm72;voleri_moon;mibier13;Belarus2005;CFC;in_out;MexicanoCanalla;tarasdowhan;Triptophan;Ianina;Erato;_Molox_;ssss2010;lazuritIT;tirapevt;Vasya6666;Avtoric;Daine;H1tToB1t;kir1981;Papajuck;almashy;Mahmed;fetol;_Argo_;Rain_man40
Dimasik30;anna61;sma75;AlexyBond;woddnui;Tatland;KVV621;mazarussia;VozDyx;Heckfy1982;Nick_II;frachtzahler;_RaceR_;olegkings;Ovip_lokos;Xokki;kvaziboss;lesorub_s;belokrylin1;buryjtino;Noiret;Dantist13;Mamay;rozhik;vladimirmvmu;Rokkki;BesSoloV;Koka_lv;Oleksadovbush;shelmu;Denis666;Indians;Mindar;milaska;SwwS_Sp;dedmopoz;kenkra;Yolka_new;avalsuper;Gosik;hg_hg;prostoguest;GorAndre;anizot;SERMIH;drugininivan;Xander78;Interferoner_;UDARrrr;birel;latyna5;McDin;MBug;wolfmaster82;Qadzila;Woolf007;zergs_sk;Rusana;HangLoose;MAKs73;Phssthpok;Kolokolnik;SkyLite;belyidim;UdafKAA;stribog13;Otorgunov;tolsuper;WoolfNight;A1Tis;sonya270972;rusbar;Dark_Anakin;devakor;iomega;Cirena;Alekos;LaV_is;ivanrood78;veny;Vladisl;timtaller;Suderator;prada999;AlexSot;RAKSHAZ;sania106;dimon6616;zReDz;totaldeath;lzot;Drunk_Amigo;lehyi;APOHAP;Zhivunchik;_Zavulon_;redmaverick;Viper1;Tumann;Skyle;Mick34;florit;erik82;Allur;shmaks007;Barbidol;pokrmon;Alexandrius1;lencik2000;bah_2005;beistand;Blondinka_ya;pariskar;TerraAldina;Lordin;mbu;denis_dok;pakemon07;Vladimir_DS;obeziana_000;TERADON;ufnm1;o5e2stou;Katalex;iskatel;lejja;solomon41;sergeyka16;borisvd;vitalyk78;Korsar1112;MuKPo6;Marlboro_ultra;KassanStVendetta;okbr;swqa;vivax4;Warrioriss;stacker;Muskuls;birryuk;ElvenKnight;RAV007;ComData;skywitch;wowa7;romancziv;genesinov;SergeSLK;Black_Glad;Kytyza;smeshar77;DailiCaesar;Hiro_Nakamura
byxo;brodjga;bestbroker;Stas862005;koshelok;Pretvoritel;DJABA_2;Nicole1982;vl_v;22061999;Arich;7_days;questionbig;LOOSER2010;S0g0S;kain_7;Zomba_Inc;hecfxrf;breysov;Elada;redok3;val789;gan_jah;provincija;STEAG;plan16;Tasman05;strilok335;dobr167;domok;bondar06;jonglop;AntonFedchin;shu11er;ROVERss;kollesnik;Slonopotamius;SoulJet;pedotty;Alexander_K;star_ovivan;Nevr;MaxFax;Akril;ura7ura7;gladiftor;Nak0;ferrgo;rjcnhjvby;xXxRAWENxXx;MaxKulkov;Sergo123;MuaDipus;phx_lizardman;ArchFromDrom;lookish;Dark_Inquisitor;codesh;voa;dima_14_2010;AmiTar;abkbys;aponx;iluzij;zondau;avb96;mdkChaos;Arlandino;icewind666;jugls;onesimple;Brodaga;MayBacH_DiXi;bgRoger;alex_15;mrkeramist;ilusha7;Savantis;Rise_of_Death;romus34;PavelPolunin;Ceather;the_dark_killer;AMOHAPA;Psichoz;yarkobaron;31125015;Tipalol;voraner000;machinist;riptarik;nemo226;Fess48;Gines;wlad48ru;KTO_TYT;Lukast;X_Dimedrol_X;kolyacher;vashkevich;savaa123;Volga3103;xXx_Ivanich;masterritm;sanya_kru
12134567890;mif_ugra;JEKA212;Falstaff;sav497;nuBac;kolia230;Shrek2015;Inkv;alexxy;sidvk;Lenusichka;BierMeister;abervalg;wirton;QTF;Vkusnya;Kamikaze_FPA;trigger777;ASkamerman;alex3108;Maratelllo;Technik666;frankds;Quistis;elipss;fxdes;Vadim19;chamsu;SpaceBizon;Rich_ard;BHY4EK;Dirael;Ivanauskas;Danaleks;Leonya;justice15;Colt943;wrs;DAV79;a_shir;neAngel_Ok;ESIN;V_E_D_U_N;Sergej_Hilt;supersota;AndrewPchelintsev;SpiritSpace;Veselchak;spurt;T0Pdog;Svin2000;aivamar;bekser;SerGant;TpaHK;wield;Fisher1967;OOOps_OOOps;atzek;dio73;9l3bl4HuK;Mickm;vicvalpol;JOHNNNY;nn_pnv;DimonMillion;Akhinaton;VADIM666;Dowmntime;Admics;Dnstuff;STAREC231;feliksem;mik559911;kosolap2009;obmorok007;lelj05;rka1999;SvetaCh
iskdir;sau2005;westfal;leo200911;_IIIAMAH_;Zmeeed;Ist_Gop_Stop;OHWIR;zleo66;YuriyCh;Sendex;yomoyo;afa_ll;GENA1109;Futbolist;DARSHAN;DJINNYA;pipikus;BarGlot;Vasilisk_;Dj_VMB;Amigo0x0;vitalix;lemynara;Praid;iwsh;nofilet;alex_ak;galenet;AlphaSp;FOXIKspb;gtrus;MadVik;opex2;Nerrzool;tengriumai;IIAPAMOH;Mad_Horhio;Uchti;filchakva;BATYRHAN;Velisariy;Chertopodoh;gramm100;mikrostov;LZXVII;ddiiver;AndrewsAnswer;lheu4;vladimirlevchenk;cherepanv;barneo;sspss;husen;eviza;DonAlonzo;gr385;ESpawnja007;Rustik27;Nullifier;narkommax;SlaerART;niko199;LEV_LIS;pav052;Alex_2005;952703;Ulis;dudaeev;UnbalanceD;FateNoMore;LPM2003;Palik;Volandret;murtuz99;Cheebus
kruchenet;baruga;MAKSunny;XaCaH;Geralt_Ann;Nikola80;verdi666;a111169;Leonchert;Darkkeks;_PAU_;snakers1;stetoskop;Katz_Leshiy;Lordie;roman723;rossotel;Gavroh;FOLKOBAN;Zloy;Kal_El;TKE;cyberswarm;ReckViem;KRTUR;1_Mag_1;madmax25;IT48;zik0107_214;Goldmist;Austa;Lightness;funt_liha;parkasha;visorre;vansergen17;Gadal2011;jeesus;domanskijjvjacheslav;voron_hallana;Kamillla;Webz;Enzo;Luma;slavcik961;Dorca_Forbarra;Blak_S0uL;DEMON555;9999f;Annabellru;Grafnik;DefJoint;sedhj;sunlookred;Alone25;mike3008;milla__tina;freakey84;1937;world_diktator;Ashtree;sahon1;Mobed;MRSn00py;9_Dima_9;TERORISTO;SCORPION76;Bandiit;resadyad;Alexadrew
MSLION;aoe;seva71;Kisik1;Catamount;Koshechka_Nadya;avgustin80;Mapis;barbus_2004;Nevergreen;SAHMET;Desdicado;SuperEvgen;SGB;treloni;blizard_sis;DeathAngell;ponchik1980;ivan_b;Vovan0410;bagfidel;Koap;DeadMan;StGOGA;Tigra5547;metamorf33;stranniks2006;roman308win;PeterKriz;Sinilga;Vormix;mi1473;XKOTX;Gadskiy_papa;serg72;Rexy;sergVIP;serj_e;Pas_ser;Evasiv;Seliger;nastya1005;PEACOCK;_BEK_;AMarine;K0Hb;ksenoed;necroz;cupec;A_s_m_o_d_e_Y;mirotvorec131313;LehaEm;Solitary_Stranger;MrArxi;Silverprim1;A_x;alegattor;Trep;Corpse123;Blondelady;Londo_Malari;niko_samara;UnNamedPlayer
aleks43210;Disa911;IIIYHIH;Sergio808;Mic;psaa;VovanKaban;kirden;Dokk5;panpan;RODINdeARNO;Ruker;EvilBarabashka;Secor27;Cuesta;KIT;mazs8;hapa555;Sergey_SS;nik269;rivai;uHBaJIug;Encephalon;ivalnick;EKCIIEPIMEHTATOP;STALKER3000;ss1988;GammyXXII;IVA60;Zondaj;Shveik;RVADAK;vladimirovich2007;jmodam;Faberjo;red_mavr;korepan;expresso;c_b_rsashko;stesha27;adam45;frosinmug;Senghor;def__mrc;Fobia_K;Black_Temple;Palit;moskvin;Lyk
El_Murena;Pan4es;anri100178;dada;Davidoff;shooler;ZergRush111;VasiliuV;CrazyPathFinder;knopius;TpyJI9IJI9I;cbvtbp1;SEQA;Exoterium;Suddenly;smallkex2000;kcarbofos;xMEGASx;destiny123;susaninsv;crossplayer;Recognized;nle2006;Starcros;Komatsu375;Free_Rider;TANKER;Alone21;Gurd_DS_Sota;StudentMIFI2001;A_Z_Im_Ka;Shnumas;VladLS;povod72;STOPKPAH;kanash;slonikopotam;smirnovs;Tiderian;zanoza_v_jope;Scood;1stCorsair;DigitalHell;kerafun;anti_psol;prostokvashinoo;BOBK90;kravcovboris;FLL11
gosha7893;asket3103;damur1963;CapColonyVoraner;Slaka;Shurik1964;emppu;Tobago;ivan74;Botar666;mikejulev_888;svetlanasuper;andrey071287;Bockpechiy;filuel;Baymer23;chulok;Likvius;Jaguarl;Annita;sheddar;LeChef;victor777kor;noveshek;devily;ColdDragon;cirka4ello;BORS1;Leto_II;Gen_Grievous;nuu;glebglebglebglebgleb;YaceK;Phssthpok_1991;PupkinZver;pop4enko;oleoleola;lelikvn;xArGuSx;DeVinter;sansta;PUPSIR;Mnlt;Loriens;D150;timofei454;000Executer000;TALIMAN
